[{"entity": "Diagnosis", "start_index": "21", "end_index": "49", "text": "genetic-generalised-epilepsy", "attributes": {"DiagCategory": "Epilepsy", "Certainty": "5", "Negation": "Affirmed", "CUIPhrase": "genetic-generalised-epilepsy", "CUI": "C0270850"}}, {"entity": "Diagnosis", "start_index": "50", "end_index": "104", "text": "epilepsy-with-generalised-tonic-chronic-seizures-alone", "attributes": {"DiagCategory": "Epilepsy", "Certainty": "5", "Negation": "Affirmed", "CUIPhrase": "epilepsy-with-generalised-tonic-clonic-seizures-alone", "CUI": "C0393697"}}, {"entity": "Prescription", "start_index": "107", "end_index": "162", "text": "Current-medication:-sodium-valproate-500-mg-twice-a-day", "attributes": {"DrugName": "sodium-valproate", "DrugDose": "500", "DoseUnit": "mg", "Frequency": "2", "CUIPhrase": "sodium-valproate", "CUI": "C0037567"}}, {"entity": "Prescription", "start_index": "163", "end_index": "195", "text": "Carbamazepine-200-mg-twice-a-day", "attributes": {"DrugName": "carbamazepine", "DrugDose": "200", "DoseUnit": "mg", "Frequency": "2", "CUIPhrase": "carbamazepine", "CUI": "C0006949"}}, {"entity": "Diagnosis", "start_index": "224", "end_index": "257", "text": "-Generalised-tonic-clonic-seizure", "attributes": {"DiagCategory": "SingleSeizure", "Certainty": "5", "Negation": "Affirmed", "CUIPhrase": "generalised-tonic-clonic-seizure", "CUI": "C0494475"}}, {"entity": "SeizureFrequency", "start_index": "225", "end_index": "258", "text": "Generalised-tonic-clonic-seizure-", "attributes": {"NumberOfSeizures": "0", "MonthDate": "7", "YearDate": "2016", "TimeSince_or_TimeOfEvent": "Since", "CUIPhrase": "generalised-tonic-clonic-seizure", "CUI": "C0494475"}}, {"entity": "Investigations", "start_index": "327", "end_index": "342", "text": "MRI-2012-normal", "attributes": {"MRI_Performed": "Yes", "MRI_Results": "Normal", "CUIPhrase": "mri-normal", "CUI": "C0436481"}}, {"entity": "Investigations", "start_index": "344", "end_index": "348", "text": "EEG-", "attributes": {"EEG_Performed": "Yes", "EEG_Results": "Abnormal", "CUIPhrase": "eeg-abnormal", "CUI": "C0151611"}}, {"entity": "PatientHistory", "start_index": "450", "end_index": "458", "text": "seizure-", "attributes": {"Certainty": "5", "Negation": "Affirmed", "CUIPhrase": "seizure", "CUI": "C0036572"}}, {"entity": "PatientHistory", "start_index": "524", "end_index": "533", "text": "seizures-", "attributes": {"YearDate": "2010", "Certainty": "5", "Negation": "Affirmed", "CUIPhrase": "seizures", "CUI": "C0036572"}}, {"entity": "SeizureFrequency", "start_index": "576", "end_index": "585", "text": "seizures-", "attributes": {"NumberOfSeizures": "2", "TimePeriod": "Year", "NumberOfTimePeriods": "1", "CUIPhrase": "seizures", "CUI": "C0036572"}}, {"entity": "PatientHistory", "start_index": "576", "end_index": "585", "text": "seizures-", "attributes": {"Certainty": "5", "Negation": "Affirmed", "CUIPhrase": "seizures", "CUI": "C0036572"}}, {"entity": "Diagnosis", "start_index": "884", "end_index": "918", "text": "generalised-tonic-chronic-seizures", "attributes": {"DiagCategory": "MultipleSeizures", "Certainty": "5", "Negation": "Affirmed", "CUIPhrase": "generalised-tonic-clonic-seizures", "CUI": "C0494475"}}, {"entity": "Diagnosis", "start_index": "950", "end_index": "1002", "text": "epilepsy-with-generalised-tonic-clonic-seizure-alone", "attributes": {"DiagCategory": "Epilepsy", "Certainty": "4", "Negation": "Affirmed", "CUIPhrase": "epilepsy-with-generalised-tonic-clonic-seizure-alone", "CUI": "C0393697"}}]