[{"entity": "Diagnosis", "start_index": "21", "end_index": "58", "text": "symptomatic-structural-focal-epilepsy", "attributes": {"DiagCategory": "Epilepsy", "Certainty": "5", "Negation": "Affirmed", "CUIPhrase": "symptomatic-structural-focal-epilepsy", "CUI": "C0472349"}}, {"entity": "PatientHistory", "start_index": "69", "end_index": "89", "text": "meningioma-resection", "attributes": {"DayDate": "3", "MonthDate": "1", "YearDate": "2005", "Certainty": "5", "Negation": "Affirmed", "CUIPhrase": "meningioma-surgery", "CUI": "C1096493"}}, {"entity": "Diagnosis", "start_index": "136", "end_index": "173", "text": "focal-seizures-with-altered-awareness", "attributes": {"DiagCategory": "MultipleSeizures", "Certainty": "5", "Negation": "Affirmed", "CUIPhrase": "focal-seizures-with-altered-awareness", "CUI": "C0270834"}}, {"entity": "SeizureFrequency", "start_index": "136", "end_index": "172", "text": "focal-seizures-with-altered-awarenes", "attributes": {"NumberOfSeizures": "1", "TimePeriod": "Week", "NumberOfTimePeriods": "3", "CUIPhrase": "focal-seizures-with-altered-awareness", "CUI": "C0270834"}}, {"entity": "Prescription", "start_index": "189", "end_index": "254", "text": "Current-anti-epileptic-medication:-lamotrigine-75mg-bd-(to-reduce", "attributes": {"DrugName": "lamotrigine", "DrugDose": "75", "DoseUnit": "mg", "Frequency": "2", "CUIPhrase": "lamotrigine", "CUI": "C0064636"}}, {"entity": "PatientHistory", "start_index": "451", "end_index": "461", "text": "sseizures-", "attributes": {"Certainty": "5", "Negation": "Affirmed", "CUIPhrase": "seizures", "CUI": "C0036572"}}, {"entity": "SeizureFrequency", "start_index": "452", "end_index": "474", "text": "seizures-have-returned", "attributes": {"FrequencyChange": "Increased", "CUIPhrase": "seizure", "CUI": "C0036572"}}]