[{"entity": "Diagnosis", "start_index": "135", "end_index": "166", "text": "Probable-temporal-lobe-epilepsy", "attributes": {"DiagCategory": "Epilepsy", "Certainty": "4", "Negation": "Affirmed", "CUIPhrase": "temporal-lobe-epilepsy", "CUI": "C0014556"}}, {"entity": "Onset", "start_index": "291", "end_index": "299", "text": "epilepsy", "attributes": {"AgeUnit": "Year", "Age": "3", "Certainty": "5", "Negation": "Affirmed", "CUIPhrase": "epilepsy", "CUI": "C0014544"}}, {"entity": "Diagnosis", "start_index": "291", "end_index": "299", "text": "epilepsy", "attributes": {"DiagCategory": "Epilepsy", "Certainty": "5", "Negation": "Affirmed", "CUIPhrase": "epilepsy", "CUI": "C0014544"}}, {"entity": "PatientHistory", "start_index": "451", "end_index": "459", "text": "seizures", "attributes": {"Certainty": "5", "Negation": "Affirmed", "CUIPhrase": "seizures", "CUI": "C0036572"}}, {"entity": "Diagnosis", "start_index": "491", "end_index": "515", "text": "complex-partial-seizures", "attributes": {"DiagCategory": "MultipleSeizures", "Certainty": "5", "Negation": "Affirmed", "CUIPhrase": "complex-partial-seizures", "CUI": "C0149958"}}, {"entity": "SeizureFrequency", "start_index": "491", "end_index": "515", "text": "complex-partial-seizures", "attributes": {"NumberOfSeizures": "1", "TimePeriod": "Month", "NumberOfTimePeriods": "1", "CUIPhrase": "complex-partial-seizures", "CUI": "C0149958"}}, {"entity": "Diagnosis", "start_index": "654", "end_index": "686", "text": "secondarily-generalised-seizures", "attributes": {"DiagCategory": "MultipleSeizures", "Certainty": "5", "Negation": "Affirmed", "CUIPhrase": "secondarily-generalised-seizures", "CUI": "C0270838"}}, {"entity": "SeizureFrequency", "start_index": "654", "end_index": "686", "text": "secondarily-generalised-seizures", "attributes": {"NumberOfSeizures": "0", "TimePeriod": "Year", "NumberOfTimePeriods": "10", "CUIPhrase": "secondarily-generalised-seizures", "CUI": "C0270838"}}, {"entity": "Prescription", "start_index": "771", "end_index": "852", "text": "She-is-currently-taking-levetiracetam-1250mg-bd-as-well-as-carbamazepine-400mg-bd", "attributes": {"DrugName": "levetiracetam", "DrugDose": "1250", "DoseUnit": "mg", "Frequency": "2", "CUIPhrase": "levetiracetam", "CUI": "C0377265"}}, {"entity": "Prescription", "start_index": "830", "end_index": "843", "text": "carbamazepine", "attributes": {"DrugName": "Carbamazepine", "DrugDose": "400", "DoseUnit": "mg", "Frequency": "2", "CUIPhrase": "carbamazepine", "CUI": "C0006949"}}, {"entity": "Investigations", "start_index": "930", "end_index": "933", "text": "MRI", "attributes": {"MRI_Performed": "Yes", "MRI_Results": "Abnormal", "CUIPhrase": "abnormal-mri", "CUI": "C1319851"}}, {"entity": "PatientHistory", "start_index": "963", "end_index": "984", "text": "hippocampal-sclerosis", "attributes": {"Certainty": "4", "Negation": "Affirmed", "CUIPhrase": "hippocampal-sclerosis", "CUI": "C1504404"}}, {"entity": "Investigations", "start_index": "989", "end_index": "992", "text": "EEG", "attributes": {"EEG_Performed": "Yes", "EEG_Results": "Abnormal", "CUIPhrase": "abnormal-eeg", "CUI": "C0151611"}}, {"entity": "BirthHistory", "start_index": "1068", "end_index": "1081", "text": "born-normally", "attributes": {"Certainty": "5", "Negation": "Affirmed", "CUIPhrase": "born-normally", "CUI": "C3665337"}}, {"entity": "BirthHistory", "start_index": "1068", "end_index": "1089", "text": "born-normally-at-term", "attributes": {"PrematureBirth": "37+_TermBirth", "Certainty": "5", "Negation": "Affirmed", "CUIPhrase": "at-term", "CUI": "C0233324"}}, {"entity": "PatientHistory", "start_index": "1104", "end_index": "1120", "text": "febrile-seizures", "attributes": {"AgeUnit": "Month", "AgeLower": "18", "AgeUpper": "28", "Certainty": "5", "Negation": "Affirmed", "CUIPhrase": "febrile-seizures", "CUI": "C0009952"}}, {"entity": "Diagnosis", "start_index": "1648", "end_index": "1670", "text": "temporal-lobe-epilepsy", "attributes": {"DiagCategory": "Epilepsy", "Certainty": "5", "Negation": "Affirmed", "CUIPhrase": "temporal-lobe-epilepsy", "CUI": "C0014556"}}, {"entity": "PatientHistory", "start_index": "1703", "end_index": "1724", "text": "hippocampal-sclerosis", "attributes": {"Certainty": "4", "Negation": "Affirmed", "CUIPhrase": "hippocampal-sclerosis", "CUI": "C1504404"}}, {"entity": "EpilepsyCause", "start_index": "1703", "end_index": "1724", "text": "hippocampal-sclerosis", "attributes": {"Certainty": "4", "Negation": "Affirmed", "CUIPhrase": "hippocampal-sclerosis", "CUI": "C1504404"}}, {"entity": "Diagnosis", "start_index": "1921", "end_index": "1929", "text": "epilepsy", "attributes": {"DiagCategory": "Epilepsy", "Certainty": "5", "Negation": "Affirmed", "CUIPhrase": "epilepsy", "CUI": "C0014544"}}]