[{"entity": "Diagnosis", "start_index": "93", "end_index": "120", "text": "juvenile-myoclonic-epilepsy", "attributes": {"DiagCategory": "Epilepsy", "Certainty": "5", "Negation": "Affirmed", "CUIPhrase": "juvenile-myoclonic-epilepsy", "CUI": "C0270853"}}, {"entity": "BirthHistory", "start_index": "581", "end_index": "594", "text": "born-normally", "attributes": {"Certainty": "5", "Negation": "Affirmed", "CUIPhrase": "born-normally", "CUI": "C3665337"}}, {"entity": "PatientHistory", "start_index": "613", "end_index": "629", "text": "febrile-seizures", "attributes": {"Certainty": "1", "Negation": "Negated", "CUIPhrase": "febrile-seizures", "CUI": "C0009952"}}, {"entity": "PatientHistory", "start_index": "828", "end_index": "839", "text": "depression-", "attributes": {"Certainty": "5", "Negation": "Affirmed", "CUIPhrase": "depression", "CUI": "C0011570"}}, {"entity": "Investigations", "start_index": "1087", "end_index": "1091", "text": "EEG-", "attributes": {"EEG_Performed": "Yes", "EEG_Results": "Abnormal", "CUIPhrase": "eeg-abnormal", "CUI": "C0151611"}}, {"entity": "PatientHistory", "start_index": "1151", "end_index": "1167", "text": "photosensitivity", "attributes": {"Certainty": "5", "Negation": "Affirmed", "CUIPhrase": "photosensitivity", "CUI": "C3552821"}}, {"entity": "Investigations", "start_index": "1172", "end_index": "1175", "text": "MRI", "attributes": {"MRI_Performed": "Yes", "MRI_Results": "Normal", "CUIPhrase": "normal-mri", "CUI": "C0436481"}}, {"entity": "PatientHistory", "start_index": "1224", "end_index": "1238", "text": "arachnoid-cyst", "attributes": {"Certainty": "5", "Negation": "Affirmed", "CUIPhrase": "arachnoid-cyst", "CUI": "C0078981"}}, {"entity": "PatientHistory", "start_index": "1269", "end_index": "1274", "text": "jerks", "attributes": {"Certainty": "5", "Negation": "Affirmed", "CUIPhrase": "jerks", "CUI": "C0231530"}}, {"entity": "Diagnosis", "start_index": "1279", "end_index": "1297", "text": "myoclonic-seizures", "attributes": {"DiagCategory": "MultipleSeizures", "Certainty": "4", "Negation": "Affirmed", "CUIPhrase": "myoclonic-seizures", "CUI": "C4317123"}}, {"entity": "Investigations", "start_index": "1336", "end_index": "1339", "text": "EEG", "attributes": {"EEG_Performed": "Yes", "EEG_Results": "Abnormal", "CUIPhrase": "abnormal-eeg", "CUI": "C0151611"}}, {"entity": "Diagnosis", "start_index": "1363", "end_index": "1390", "text": "Juvenile-Myoclonic-Epilepsy", "attributes": {"DiagCategory": "Epilepsy", "Certainty": "5", "Negation": "Affirmed", "CUIPhrase": "juvenile-myoclonic-epilepsy", "CUI": "C0270853"}}]