[{"entity": "Diagnosis", "start_index": "120", "end_index": "146", "text": "symptomatic-focal-epilepsy", "attributes": {"DiagCategory": "Epilepsy", "Certainty": "5", "Negation": "Affirmed", "CUIPhrase": "symptomatic-focal-epilepsy", "CUI": "C0472349"}}, {"entity": "BirthHistory", "start_index": "162", "end_index": "180", "text": "premature-delivery", "attributes": {"Certainty": "5", "Negation": "Affirmed", "CUIPhrase": "premature-birth", "CUI": "C0151526"}}, {"entity": "EpilepsyCause", "start_index": "162", "end_index": "180", "text": "premature-delivery", "attributes": {"Certainty": "5", "Negation": "Affirmed", "CUIPhrase": "premature", "CUI": "C0151526"}}, {"entity": "PatientHistory", "start_index": "405", "end_index": "413", "text": "seizures", "attributes": {"Certainty": "5", "Negation": "Affirmed", "CUIPhrase": "seizures", "CUI": "C0036572"}}, {"entity": "SeizureFrequency", "start_index": "405", "end_index": "412", "text": "seizure", "attributes": {"FrequencyChange": "Infrequent", "CUIPhrase": "seizures", "CUI": "C0036572"}}, {"entity": "SeizureFrequency", "start_index": "405", "end_index": "411", "text": "seizur", "attributes": {"NumberOfSeizures": "2", "TimePeriod": "Year", "NumberOfTimePeriods": "1", "CUIPhrase": "seizures", "CUI": "C0036572"}}, {"entity": "Prescription", "start_index": "514", "end_index": "527", "text": "carbamazapine", "attributes": {"DrugName": "Carbamazepine", "DrugDose": "400", "DoseUnit": "mg", "Frequency": "2", "CUIPhrase": "carbamazepine", "CUI": "C0006949"}}]