[{"entity": "Diagnosis", "start_index": "543", "end_index": "563", "text": "focal-motor-seizure-", "attributes": {"CUIPhrase": "focal-motor-seizure", "CUI": "C0016399", "DiagCategory": "SingleSeizure", "Negation": "Affirmed", "Certainty": "5"}}, {"entity": "PatientHistory", "start_index": "266", "end_index": "274", "text": "Dementia", "attributes": {"Negation": "Affirmed", "CUIPhrase": "dementia", "CUI": "C0497327", "Certainty": "5"}}, {"entity": "PatientHistory", "start_index": "277", "end_index": "307", "text": "Moderate-learning-difficulties", "attributes": {"Certainty": "5", "Negation": "Affirmed", "CUIPhrase": "learning-difficulties", "CUI": "C0424939"}}, {"entity": "Diagnosis", "start_index": "403", "end_index": "433", "text": "secondary-generalised-seizures", "attributes": {"CUIPhrase": "secondary-generalised-seizures", "Negation": "Affirmed", "CUI": "C0270838", "Certainty": "5", "DiagCategory": "MultipleSeizures"}}, {"entity": "Diagnosis", "start_index": "224", "end_index": "250", "text": "Symptomatic-focal-epilepsy", "attributes": {"CUIPhrase": "symptomatic-focal-epilepsy", "CUI": "C0472349", "DiagCategory": "Epilepsy", "Certainty": "5", "Negation": "Affirmed"}}, {"entity": "SeizureFrequency", "start_index": "543", "end_index": "562", "text": "focal-motor-seizure", "attributes": {"CUI": "C0016399", "TimeSince_or_TimeOfEvent": "Since", "CUIPhrase": "focal-motor-seizure", "NumberOfSeizures": "1", "PointInTime": "LastClinic"}}, {"entity": "Diagnosis", "start_index": "378", "end_index": "398", "text": "Focal-motor-seizures", "attributes": {"Negation": "Affirmed", "Certainty": "5", "CUI": "C0016399", "DiagCategory": "MultipleSeizures", "CUIPhrase": "focal-motor-seizures"}}, {"entity": "Prescription", "start_index": "320", "end_index": "342", "text": "Levetiracetam-500mg-bd", "attributes": {"CUIPhrase": "levetiracetam", "DrugName": "levetiracetam", "CUI": "C0377265", "DrugDose": "500", "DoseUnit": "mg", "Frequency": "2"}}, {"entity": "Prescription", "start_index": "345", "end_index": "355", "text": "Lamotrigne", "attributes": {"Frequency": "2", "CUI": "C0064636", "DrugName": "Lamotrigine", "DrugDose": "50", "DoseUnit": "mg", "CUIPhrase": "lamotrigine"}}, {"entity": "PatientHistory", "start_index": "253", "end_index": "263", "text": "Trisomy-21", "attributes": {"CUI": "C3537167", "Certainty": "5", "CUIPhrase": "Trisomy", "Negation": "Affirmed"}}]