[{"entity": "Diagnosis", "start_index": "138", "end_index": "166", "text": "Primary-generalised-epilepsy", "attributes": {"Negation": "Affirmed", "CUIPhrase": "primary-generalised-epilepsy", "Certainty": "5", "CUI": "C0270850", "DiagCategory": "Epilepsy"}}, {"entity": "Prescription", "start_index": "213", "end_index": "228", "text": "-Episenta-500mg", "attributes": {"DrugName": "SodiumValproate", "DrugDose": "500", "DoseUnit": "mg", "Frequency": "1", "CUIPhrase": "episenta", "CUI": "C0037567"}}, {"entity": "SeizureFrequency", "start_index": "418", "end_index": "426", "text": "seizures", "attributes": {"NumberOfSeizures": "0", "MonthDate": "12", "YearDate": "2015", "TimeSince_or_TimeOfEvent": "Since", "CUIPhrase": "seizures", "CUI": "C0036572"}}]