[{"entity": "Investigations", "start_index": "346", "end_index": "349", "text": "MRI", "attributes": {"CUIPhrase": "mri-normal", "MRI_Results": "Normal", "MRI_Performed": "Yes", "CUI": "C0436481"}}, {"entity": "Investigations", "start_index": "382", "end_index": "385", "text": "EEG", "attributes": {"EEG_Performed": "Yes", "EEG_Results": "Abnormal", "CUIPhrase": "abnormal-eeg", "CUI": "C0151611"}}, {"entity": "Prescription", "start_index": "310", "end_index": "328", "text": "Zonisamide-50mg-bd", "attributes": {"CUIPhrase": "zonisamide", "Frequency": "2", "CUI": "C0078844", "DrugName": "zonisamide", "DoseUnit": "mg", "DrugDose": "50"}}, {"entity": "Prescription", "start_index": "291", "end_index": "307", "text": "Clobazam-10mg-od", "attributes": {"DrugName": "clobazam", "CUI": "C0055891", "DoseUnit": "mg", "Frequency": "1", "CUIPhrase": "clobazam", "DrugDose": "10"}}, {"entity": "SeizureFrequency", "start_index": "512", "end_index": "520", "text": "absences", "attributes": {"LowerNumberOfSeizures": "2", "UpperNumberOfSeizures": "3", "TimePeriod": "Day", "NumberOfTimePeriods": "1", "TimeSince_or_TimeOfEvent": "During", "CUIPhrase": "absences", "CUI": "C0563606"}}, {"entity": "SeizureFrequency", "start_index": "512", "end_index": "520", "text": "absences", "attributes": {"FrequencyChange": "Frequent", "CUIPhrase": "absences", "CUI": "C0563606"}}, {"entity": "Diagnosis", "start_index": "586", "end_index": "619", "text": "generalised-tonic-clonic-seizure-", "attributes": {"CUIPhrase": "generalised-tonic-clonic-seizure", "DiagCategory": "MultipleSeizures", "Negation": "Affirmed", "CUI": "C0494475", "Certainty": "5"}}, {"entity": "PatientHistory", "start_index": "228", "end_index": "249", "text": "Dissociative-seizures", "attributes": {"Certainty": "5", "Negation": "Affirmed", "CUI": "C0349245", "CUIPhrase": "dissociative-seizures"}}, {"entity": "SeizureFrequency", "start_index": "586", "end_index": "617", "text": "generalised-tonic-clonic-seizur", "attributes": {"TimePeriod": "Year", "TimeSince_or_TimeOfEvent": "Since", "CUIPhrase": "generalised", "CUI": "C0494475", "NumberOfSeizures": "0", "NumberOfTimePeriods": "2"}}, {"entity": "Investigations", "start_index": "364", "end_index": "367", "text": "EEG", "attributes": {"EEG_Performed": "Yes", "CUIPhrase": "eeg-normal", "EEG_Results": "Normal", "CUI": "C0560017"}}, {"entity": "Diagnosis", "start_index": "200", "end_index": "225", "text": "Juvenile-absence-epilepsy", "attributes": {"Negation": "Affirmed", "Certainty": "5", "DiagCategory": "Epilepsy", "CUIPhrase": "juvenile-absence-epilepsy", "CUI": "C4317339"}}, {"entity": "Prescription", "start_index": "263", "end_index": "288", "text": "Sodium-valproate-500mg-bd", "attributes": {"CUI": "C0037567", "DrugDose": "500", "CUIPhrase": "sodium-valproate", "Frequency": "2", "DrugName": "sodium-valproate", "DoseUnit": "mg"}}, {"entity": "PatientHistory", "start_index": "672", "end_index": "688", "text": "photosensitivity", "attributes": {"Negation": "Affirmed", "CUIPhrase": "photosensitivity", "Certainty": "5", "CUI": "C3552821"}}, {"entity": "PatientHistory", "start_index": "512", "end_index": "520", "text": "absences", "attributes": {"CUI": "C0563606", "CUIPhrase": "absences", "Negation": "Affirmed", "Certainty": "5"}}, {"entity": "PatientHistory", "start_index": "772", "end_index": "780", "text": "absences", "attributes": {"Negation": "Affirmed", "CUIPhrase": "absences", "Certainty": "5", "CUI": "C0563606"}}]