[{"entity": "Prescription", "start_index": "204", "end_index": "217", "text": "Carbamazepine", "attributes": {"DoseUnit": "mg", "Frequency": "1", "DrugDose": "150", "CUIPhrase": "carbamazepine", "DrugName": "Carbamazepine", "CUI": "C0006949"}}, {"entity": "Prescription", "start_index": "204", "end_index": "217", "text": "Carbamazepine", "attributes": {"Frequency": "1", "CUI": "C0006949", "CUIPhrase": "carbamazepine", "DrugName": "Carbamazepine", "DrugDose": "200", "DoseUnit": "mg"}}, {"entity": "Diagnosis", "start_index": "146", "end_index": "160", "text": "Focal-seizures", "attributes": {"DiagCategory": "MultipleSeizures", "Certainty": "5", "Negation": "Affirmed", "CUI": "C0751495", "CUIPhrase": "focal-seizures"}}, {"entity": "PatientHistory", "start_index": "591", "end_index": "600", "text": "migraines", "attributes": {"CUI": "C0149931", "CUIPhrase": "migraines", "Negation": "Affirmed", "Certainty": "5"}}, {"entity": "Diagnosis", "start_index": "166", "end_index": "190", "text": "secondary-generalisation", "attributes": {"Certainty": "5", "CUI": "C0270838", "Negation": "Affirmed", "CUIPhrase": "secondary-generalisation", "DiagCategory": "MultipleSeizures"}}, {"entity": "SeizureFrequency", "start_index": "358", "end_index": "389", "text": "generalised-tonic-clonic-seizur", "attributes": {"TimeSince_or_TimeOfEvent": "Since", "NumberOfSeizures": "1", "PointInTime": "Birthday"}}, {"entity": "Diagnosis", "start_index": "358", "end_index": "390", "text": "generalised-tonic-clonic-seizure", "attributes": {"CUIPhrase": "generalised-tonic-clonic-seizure", "CUI": "C0494475", "DiagCategory": "SingleSeizure", "Certainty": "5", "Negation": "Affirmed"}}]