[{"entity": "PatientHistory", "start_index": "588", "end_index": "596", "text": "seizures", "attributes": {"Certainty": "5", "CUIPhrase": "seizures", "Negation": "Affirmed", "CUI": "C0036572"}}, {"entity": "Prescription", "start_index": "269", "end_index": "284", "text": "Brivetiracetam-", "attributes": {"CUIPhrase": "Brivaracetam", "DoseUnit": "mg", "Frequency": "2", "DrugName": "Brivaracetam", "CUI": "C1699861", "DrugDose": "50"}}, {"entity": "Diagnosis", "start_index": "190", "end_index": "212", "text": "Temporal-lobe-epilepsy", "attributes": {"Negation": "Affirmed", "CUIPhrase": "temporal-lobe-epilepsy", "Certainty": "5", "DiagCategory": "Epilepsy", "CUI": "C0014556"}}, {"entity": "PatientHistory", "start_index": "214", "end_index": "230", "text": "Chronic-migraine", "attributes": {"CUIPhrase": "migraine", "Certainty": "5", "CUI": "C0149931", "Negation": "Affirmed"}}, {"entity": "SeizureFrequency", "start_index": "440", "end_index": "470", "text": "Secondary-generalised-seizures", "attributes": {"CUIPhrase": "secondary-generalised-seizures", "NumberOfSeizures": "2", "TimePeriod": "Month", "NumberOfTimePeriods": "1", "CUI": "C0270838"}}, {"entity": "Diagnosis", "start_index": "440", "end_index": "470", "text": "Secondary-generalised-seizures", "attributes": {"CUI": "C0270838", "DiagCategory": "MultipleSeizures", "Certainty": "5", "CUIPhrase": "secondary-generalised-seizures", "Negation": "Affirmed"}}, {"entity": "Prescription", "start_index": "232", "end_index": "266", "text": "Medication:-Carbamazepine-400mg-bd", "attributes": {"DoseUnit": "mg", "CUIPhrase": "carbamazepine", "Frequency": "2", "DrugDose": "400", "DrugName": "carbamazepine", "CUI": "C0006949"}}, {"entity": "Investigations", "start_index": "341", "end_index": "344", "text": "MRI", "attributes": {"CUI": "C0436481", "MRI_Results": "Normal", "CUIPhrase": "normal-mri", "MRI_Performed": "Yes"}}, {"entity": "Investigations", "start_index": "375", "end_index": "379", "text": "EEGs", "attributes": {"EEG_Performed": "Yes", "EEG_Results": "Abnormal", "CUI": "C0151611", "CUIPhrase": "abnormal-eeg"}}]