[{"entity": "PatientHistory", "start_index": "21", "end_index": "32", "text": "head-injury", "attributes": {"Certainty": "5", "Negation": "Affirmed", "CUIPhrase": "head-injury", "CUI": "C0497301"}}, {"entity": "PatientHistory", "start_index": "36", "end_index": "57", "text": "Dissociative-seizures", "attributes": {"Certainty": "5", "Negation": "Affirmed", "CUIPhrase": "dissociative-seizures", "CUI": "C0349245"}}, {"entity": "Diagnosis", "start_index": "61", "end_index": "75", "text": "Focal-epilepsy", "attributes": {"DiagCategory": "Epilepsy", "Certainty": "5", "Negation": "Affirmed", "CUIPhrase": "focal-epilepsy", "CUI": "C0014547"}}, {"entity": "Diagnosis", "start_index": "177", "end_index": "191", "text": "focal-seizures", "attributes": {"DiagCategory": "MultipleSeizures", "Certainty": "4", "Negation": "Affirmed", "CUIPhrase": "focal-seizures", "CUI": "C0751495"}}, {"entity": "SeizureFrequency", "start_index": "177", "end_index": "191", "text": "focal-seizures", "attributes": {"NumberOfSeizures": "0", "PointInTime": "DrugChange", "CUIPhrase": "focal-seizures", "CUI": "C0751495"}}, {"entity": "Prescription", "start_index": "236", "end_index": "248", "text": "lamotrigine-", "attributes": {"DrugName": "Lamotrigine", "DrugDose": "200", "DoseUnit": "mg", "Frequency": "2", "CUIPhrase": "lamotrigine", "CUI": "C0064636"}}, {"entity": "Investigations", "start_index": "488", "end_index": "556", "text": "EEG-she-had-some-of-these-episodes-and-there-was-no-epileptiform-EEG", "attributes": {"EEG_Performed": "Yes", "EEG_Results": "Normal", "CUIPhrase": "eeg-normal", "CUI": "C0560017"}}, {"entity": "SeizureFrequency", "start_index": "693", "end_index": "701", "text": "seizures", "attributes": {"FrequencyChange": "Infrequent", "PointInTime": "DrugChange", "CUIPhrase": "seizures", "CUI": "C0036572"}}]