[{"entity": "Prescription", "start_index": "238", "end_index": "270", "text": "Phenytoin-120mg-bd-(10mg/kg/day)", "attributes": {"CUI": "C0031507", "DrugDose": "120", "DrugName": "phenytoin", "CUIPhrase": "phenytoin", "DoseUnit": "mg", "Frequency": "2"}}, {"entity": "Prescription", "start_index": "195", "end_index": "205", "text": "Topiramate", "attributes": {"CUI": "C0076829", "DrugDose": "75", "CUIPhrase": "topiramate", "Frequency": "1", "DoseUnit": "mg", "DrugName": "Topiramate"}}, {"entity": "Prescription", "start_index": "153", "end_index": "192", "text": "Sodium-Valproate-440mg-bd-(30mg/kg/day)", "attributes": {"Frequency": "2", "CUIPhrase": "sodium-valproate", "CUI": "C0037567", "DrugName": "sodium-valproate", "DrugDose": "440", "DoseUnit": "mg"}}, {"entity": "Prescription", "start_index": "195", "end_index": "213", "text": "Topiramate-60mg-am", "attributes": {"DrugDose": "60", "CUIPhrase": "topiramate", "DoseUnit": "mg", "Frequency": "1", "CUI": "C0076829", "DrugName": "topiramate"}}, {"entity": "SeizureFrequency", "start_index": "610", "end_index": "643", "text": "generalised-tonic-clonic-seizures", "attributes": {"NumberOfSeizures": "1", "TimePeriod": "Day", "NumberOfTimePeriods": "1", "TimeSince_or_TimeOfEvent": "During", "CUIPhrase": "generalised-tonic-clonic-seizures", "CUI": "C0494475"}}, {"entity": "PatientHistory", "start_index": "680", "end_index": "688", "text": "absences", "attributes": {"CUIPhrase": "absences", "CUI": "C0563606", "Negation": "Affirmed", "Certainty": "5"}}, {"entity": "Diagnosis", "start_index": "610", "end_index": "643", "text": "generalised-tonic-clonic-seizures", "attributes": {"Certainty": "5", "CUIPhrase": "generalised-tonic-clonic-seizures", "CUI": "C0494475", "DiagCategory": "MultipleSeizures", "Negation": "Affirmed"}}, {"entity": "Diagnosis", "start_index": "109", "end_index": "117", "text": "epilepsy", "attributes": {"CUI": "C0014544", "Negation": "Affirmed", "DiagCategory": "Epilepsy", "CUIPhrase": "epilepsy", "Certainty": "5"}}, {"entity": "PatientHistory", "start_index": "120", "end_index": "139", "text": "Learning-disability", "attributes": {"Certainty": "5", "CUIPhrase": "learning-disability", "CUI": "C0751265", "Negation": "Affirmed"}}, {"entity": "SeizureFrequency", "start_index": "680", "end_index": "688", "text": "absences", "attributes": {"FrequencyChange": "Frequent", "CUIPhrase": "absences", "CUI": "C0563606"}}]