[{"entity": "Diagnosis", "start_index": "171", "end_index": "180", "text": "epilepsy-", "attributes": {"DiagCategory": "Epilepsy", "Certainty": "5", "Negation": "Affirmed", "CUIPhrase": "epilepsy", "CUI": "C0014544"}}, {"entity": "Prescription", "start_index": "193", "end_index": "224", "text": "Medication:-Lamotrigine-75mg-bd", "attributes": {"DrugName": "lamotrigine", "DrugDose": "75", "DoseUnit": "mg", "Frequency": "2", "CUIPhrase": "lamotrigine", "CUI": "C0064636"}}, {"entity": "PatientHistory", "start_index": "314", "end_index": "322", "text": "seizures", "attributes": {"Certainty": "5", "Negation": "Affirmed", "CUIPhrase": "seizures", "CUI": "C0036572"}}, {"entity": "SeizureFrequency", "start_index": "314", "end_index": "322", "text": "seizures", "attributes": {"NumberOfSeizures": "0", "PointInTime": "DrugChange", "TimeSince_or_TimeOfEvent": "Since", "CUIPhrase": "seizures", "CUI": "C0036572"}}, {"entity": "SeizureFrequency", "start_index": "393", "end_index": "400", "text": "seizure", "attributes": {"NumberOfSeizures": "0", "TimePeriod": "Month", "NumberOfTimePeriods": "5", "CUIPhrase": "seizures", "CUI": "C0036572"}}, {"entity": "PatientHistory", "start_index": "393", "end_index": "400", "text": "seizure", "attributes": {"Certainty": "5", "Negation": "Affirmed", "CUIPhrase": "seizure", "CUI": "C0036572"}}, {"entity": "PatientHistory", "start_index": "581", "end_index": "588", "text": "seizure", "attributes": {"Certainty": "5", "Negation": "Affirmed", "CUIPhrase": "seizures", "CUI": "C0036572"}}]