[{"entity": "PatientHistory", "start_index": "140", "end_index": "161", "text": "Dissociative-seizures", "attributes": {"Certainty": "5", "Negation": "Affirmed", "CUIPhrase": "dissociative-convulsions", "CUI": "C0349245"}}, {"entity": "PatientHistory", "start_index": "163", "end_index": "184", "text": "non-epileptic-attacks", "attributes": {"Certainty": "5", "Negation": "Affirmed", "CUIPhrase": "non-epileptic-attacks", "CUI": "C3495874"}}, {"entity": "Diagnosis", "start_index": "191", "end_index": "222", "text": "Symptomatic-structural-epilepsy", "attributes": {"DiagCategory": "Epilepsy", "Certainty": "5", "Negation": "Affirmed", "CUIPhrase": "symptomatic-structural-focal-epilepsy", "CUI": "C0472349"}}, {"entity": "PatientHistory", "start_index": "245", "end_index": "260", "text": "cerebral-abcess", "attributes": {"Certainty": "5", "Negation": "Affirmed", "CUIPhrase": "cerebral-abscess", "CUI": "C1510428"}}, {"entity": "EpilepsyCause", "start_index": "245", "end_index": "260", "text": "cerebral-abcess", "attributes": {"Certainty": "5", "Negation": "Affirmed", "CUIPhrase": "cerebral-abscess", "CUI": "C1510428"}}, {"entity": "Prescription", "start_index": "274", "end_index": "297", "text": "Levetiracetam-1000mg-bd", "attributes": {"DrugName": "levetiracetam", "DrugDose": "1000", "DoseUnit": "mg", "Frequency": "2", "CUIPhrase": "levetiracetam", "CUI": "C0377265"}}, {"entity": "Diagnosis", "start_index": "443", "end_index": "451", "text": "-epileps", "attributes": {"DiagCategory": "Epilepsy", "Certainty": "5", "Negation": "Affirmed", "CUIPhrase": "epilepsy", "CUI": "C0014544"}}, {"entity": "Onset", "start_index": "444", "end_index": "452", "text": "epilepsy", "attributes": {"TimePeriod": "Year", "NumberOfTimePeriods": "16", "Certainty": "5", "Negation": "Affirmed", "CUIPhrase": "epilepsy", "CUI": "C0014544"}}, {"entity": "PatientHistory", "start_index": "497", "end_index": "510", "text": "brain-surgery", "attributes": {"Certainty": "5", "Negation": "Affirmed", "CUIPhrase": "brain-surgery", "CUI": "C0195775"}}, {"entity": "PatientHistory", "start_index": "551", "end_index": "563", "text": "brain-abcess", "attributes": {"Certainty": "5", "Negation": "Affirmed", "CUIPhrase": "brain-abscess", "CUI": "C0006105"}}, {"entity": "Diagnosis", "start_index": "581", "end_index": "601", "text": "focal-motor-seizures", "attributes": {"DiagCategory": "MultipleSeizures", "Certainty": "5", "Negation": "Affirmed", "CUIPhrase": "focal-motor-seizures", "CUI": "C0016399"}}, {"entity": "SeizureFrequency", "start_index": "581", "end_index": "601", "text": "focal-motor-seizures", "attributes": {"NumberOfSeizures": "0", "TimePeriod": "Year", "NumberOfTimePeriods": "2", "CUIPhrase": "focal-motor-seizures", "CUI": "C0016399"}}, {"entity": "Diagnosis", "start_index": "818", "end_index": "856", "text": "focal-to-bilateral-convulsive-seizures", "attributes": {"DiagCategory": "MultipleSeizures", "Certainty": "5", "Negation": "Affirmed", "CUIPhrase": "focal-to-bilateral-convulsive-seizures", "CUI": "C0877017"}}, {"entity": "SeizureFrequency", "start_index": "818", "end_index": "856", "text": "focal-to-bilateral-convulsive-seizures", "attributes": {"NumberOfSeizures": "0", "DayDate": "25", "MonthDate": "12", "YearDate": "2009", "TimeSince_or_TimeOfEvent": "Since", "CUIPhrase": "focal-to-bilateral-convulsive-seizures", "CUI": "C0877017"}}, {"entity": "PatientHistory", "start_index": "919", "end_index": "940", "text": "dissociative-seizures", "attributes": {"Certainty": "5", "Negation": "Affirmed", "CUIPhrase": "dissociative-seizures", "CUI": "C0349245"}}, {"entity": "Diagnosis", "start_index": "999", "end_index": "1016", "text": "epilepsy-seizures", "attributes": {"DiagCategory": "MultipleSeizures", "Certainty": "5", "Negation": "Affirmed", "CUIPhrase": "epileptic-seizures", "CUI": "C4317109"}}, {"entity": "PatientHistory", "start_index": "1099", "end_index": "1120", "text": "dissociative-seizures", "attributes": {"Certainty": "5", "Negation": "Affirmed", "CUIPhrase": "dissociative-seizures", "CUI": "C0349245"}}, {"entity": "BirthHistory", "start_index": "1154", "end_index": "1167", "text": "born-normally", "attributes": {"Certainty": "5", "Negation": "Affirmed", "CUIPhrase": "born-normally", "CUI": "C3665337"}}, {"entity": "PatientHistory", "start_index": "1184", "end_index": "1200", "text": "febrile-seizures", "attributes": {"Certainty": "1", "Negation": "Negated", "CUIPhrase": "febrile-seizures", "CUI": "C0009952"}}, {"entity": "PatientHistory", "start_index": "1251", "end_index": "1264", "text": "brain-abscess", "attributes": {"Certainty": "5", "Negation": "Affirmed", "CUIPhrase": "brain-abscess", "CUI": "C0006105"}}, {"entity": "PatientHistory", "start_index": "1305", "end_index": "1320", "text": "brain-operation", "attributes": {"Certainty": "5", "Negation": "Affirmed", "CUIPhrase": "brain-tumour-operation", "CUI": "C1096120"}}, {"entity": "PatientHistory", "start_index": "1678", "end_index": "1689", "text": "hemiparesis", "attributes": {"Certainty": "5", "Negation": "Affirmed", "CUIPhrase": "hemiparesis", "CUI": "C0018989"}}, {"entity": "Investigations", "start_index": "1748", "end_index": "1751", "text": "MRI", "attributes": {"MRI_Performed": "Yes", "MRI_Results": "Abnormal", "CUIPhrase": "abnormal-mri", "CUI": "C1319851"}}, {"entity": "PatientHistory", "start_index": "1784", "end_index": "1791", "text": "gliosis", "attributes": {"Certainty": "5", "Negation": "Affirmed", "CUIPhrase": "gliosis", "CUI": "C0017639"}}, {"entity": "Diagnosis", "start_index": "1883", "end_index": "1891", "text": "epilepsy", "attributes": {"DiagCategory": "Epilepsy", "Certainty": "5", "Negation": "Affirmed", "CUIPhrase": "epilepsy", "CUI": "C0014544"}}, {"entity": "EpilepsyCause", "start_index": "1911", "end_index": "1924", "text": "brain-surgery", "attributes": {"Certainty": "5", "Negation": "Affirmed", "CUIPhrase": "brain-surgery", "CUI": "C0195775"}}, {"entity": "PatientHistory", "start_index": "1911", "end_index": "1924", "text": "brain-surgery", "attributes": {"Certainty": "5", "Negation": "Affirmed", "CUIPhrase": "C0195775", "CUI": "C0195775"}}, {"entity": "Diagnosis", "start_index": "1956", "end_index": "1974", "text": "epileptic-seizures", "attributes": {"DiagCategory": "MultipleSeizures", "Certainty": "5", "Negation": "Affirmed", "CUIPhrase": "epileptic-seizures", "CUI": "C4317109"}}, {"entity": "PatientHistory", "start_index": "2074", "end_index": "2095", "text": "dissociative-seizures", "attributes": {"Certainty": "5", "Negation": "Affirmed", "CUIPhrase": "dissociative-seizures", "CUI": "C0349245"}}]