[{"entity": "Diagnosis", "start_index": "91", "end_index": "111", "text": "symptomatic-epilepsy", "attributes": {"DiagCategory": "Epilepsy", "Certainty": "5", "Negation": "Affirmed", "CUIPhrase": "symptomatic-epilepsy", "CUI": "C1406659"}}, {"entity": "Diagnosis", "start_index": "117", "end_index": "141", "text": "complex-partial-seizures", "attributes": {"DiagCategory": "MultipleSeizures", "Certainty": "5", "Negation": "Affirmed", "CUIPhrase": "complex-partial-seizures", "CUI": "C0149958"}}, {"entity": "Diagnosis", "start_index": "146", "end_index": "175", "text": "secondly-generalised-seizures", "attributes": {"DiagCategory": "MultipleSeizures", "Certainty": "5", "Negation": "Affirmed", "CUIPhrase": "secondary-generalised-seizures", "CUI": "C0270838"}}, {"entity": "PatientHistory", "start_index": "192", "end_index": "223", "text": "left-frontal-cortical-dysplasia", "attributes": {"Certainty": "5", "Negation": "Affirmed", "CUIPhrase": "cortical-dysplasia", "CUI": "C0431380"}}, {"entity": "PatientHistory", "start_index": "252", "end_index": "260", "text": "anxiety-", "attributes": {"Certainty": "5", "Negation": "Affirmed", "CUIPhrase": "anxiety", "CUI": "C0003467"}}, {"entity": "PatientHistory", "start_index": "264", "end_index": "274", "text": "depression", "attributes": {"Certainty": "5", "Negation": "Affirmed", "CUIPhrase": "depression", "CUI": "C0011570"}}, {"entity": "Investigations", "start_index": "292", "end_index": "295", "text": "EEG", "attributes": {"EEG_Performed": "Yes", "EEG_Results": "Normal", "CUIPhrase": "normal-eeg", "CUI": "C0560017"}}, {"entity": "Investigations", "start_index": "337", "end_index": "341", "text": "MRI-", "attributes": {"MRI_Performed": "Yes", "MRI_Results": "Abnormal", "CUIPhrase": "mri-abnormal", "CUI": "C1319851"}}, {"entity": "PatientHistory", "start_index": "367", "end_index": "393", "text": "frontal-cortical-dysplasia", "attributes": {"Certainty": "5", "Negation": "Affirmed", "CUIPhrase": "cortical-dysplasia", "CUI": "C0431380"}}, {"entity": "Prescription", "start_index": "395", "end_index": "437", "text": "Medication-levetiracetam-750mg-twice-a-day", "attributes": {"DrugName": "levetiracetam", "DrugDose": "750", "DoseUnit": "mg", "Frequency": "2", "CUIPhrase": "levetiracetam", "CUI": "C0377265"}}, {"entity": "Prescription", "start_index": "438", "end_index": "467", "text": "Lamotrigine-50-mg-twice-a-day", "attributes": {"DrugName": "lamotrigine", "DrugDose": "50", "DoseUnit": "mg", "Frequency": "2", "CUIPhrase": "lamotrigine", "CUI": "C0064636"}}, {"entity": "PatientHistory", "start_index": "842", "end_index": "850", "text": "seizures", "attributes": {"Certainty": "5", "Negation": "Affirmed", "CUIPhrase": "seizures", "CUI": "C0036572"}}]