[{"entity": "Diagnosis", "start_index": "183", "end_index": "209", "text": "Focal-symptomatic-epilepsy", "attributes": {"DiagCategory": "Epilepsy", "Certainty": "5", "Negation": "Affirmed", "CUIPhrase": "focal-symptomatic-epilepsy", "CUI": "C0472349"}}, {"entity": "PatientHistory", "start_index": "226", "end_index": "250", "text": "cerebrovascular-dissease", "attributes": {"Certainty": "5", "Negation": "Affirmed", "CUIPhrase": "cerebrovascular-disease", "CUI": "C0007820"}}, {"entity": "EpilepsyCause", "start_index": "226", "end_index": "250", "text": "cerebrovascular-dissease", "attributes": {"Certainty": "5", "Negation": "Affirmed", "CUIPhrase": "cerebrovascular-disease", "CUI": "C0007820"}}, {"entity": "Prescription", "start_index": "252", "end_index": "283", "text": "Medication:-Lamotrigine-75mg-bd", "attributes": {"DrugName": "lamotrigine", "DrugDose": "75", "DoseUnit": "mg", "Frequency": "2", "CUIPhrase": "lamotrigine", "CUI": "C0064636"}}, {"entity": "Investigations", "start_index": "301", "end_index": "305", "text": "MRI-", "attributes": {"MRI_Performed": "Yes", "MRI_Results": "Abnormal", "CUIPhrase": "mri-abnormal", "CUI": "C1319851"}}, {"entity": "PatientHistory", "start_index": "367", "end_index": "375", "text": "seizures", "attributes": {"MonthDate": "2", "Certainty": "5", "Negation": "Affirmed", "CUIPhrase": "seizures", "CUI": "C0036572"}}, {"entity": "SeizureFrequency", "start_index": "367", "end_index": "374", "text": "seizure", "attributes": {"NumberOfSeizures": "4", "MonthDate": "2", "TimeSince_or_TimeOfEvent": "During", "CUIPhrase": "seizure", "CUI": "C0036572"}}, {"entity": "Diagnosis", "start_index": "486", "end_index": "506", "text": "tonic-clonic-seizure", "attributes": {"DiagCategory": "SingleSeizure", "Certainty": "5", "Negation": "Affirmed", "CUIPhrase": "tonic-clonic-seizure", "CUI": "C0494475"}}, {"entity": "SeizureFrequency", "start_index": "665", "end_index": "673", "text": "seizures", "attributes": {"NumberOfSeizures": "0", "PointInTime": "DrugChange", "TimeSince_or_TimeOfEvent": "Since", "CUIPhrase": "seizures", "CUI": "C0036572"}}, {"entity": "PatientHistory", "start_index": "701", "end_index": "703", "text": "MI", "attributes": {"Certainty": "5", "Negation": "Affirmed", "CUIPhrase": "mi", "CUI": "C0027051"}}, {"entity": "BirthHistory", "start_index": "831", "end_index": "848", "text": "-birth-was-normal", "attributes": {"Certainty": "5", "Negation": "Affirmed", "CUIPhrase": "birth-was-normal", "CUI": "C3665337"}}, {"entity": "PatientHistory", "start_index": "931", "end_index": "947", "text": "febrile-seizures", "attributes": {"Certainty": "1", "Negation": "Negated", "CUIPhrase": "febrile-seizures", "CUI": "C0009952"}}, {"entity": "PatientHistory", "start_index": "1056", "end_index": "1064", "text": "seizures", "attributes": {"Certainty": "5", "Negation": "Affirmed", "CUIPhrase": "seizures", "CUI": "C0036572"}}]