[{"entity": "Diagnosis", "start_index": "21", "end_index": "35", "text": "focal-epilepsy", "attributes": {"DiagCategory": "Epilepsy", "Certainty": "5", "Negation": "Affirmed", "CUIPhrase": "focal-epilepsy", "CUI": "C0014547"}}, {"entity": "Diagnosis", "start_index": "27", "end_index": "53", "text": "epilepsy-Probable-temporal", "attributes": {"DiagCategory": "Epilepsy", "Certainty": "4", "Negation": "Affirmed", "CUIPhrase": "temporal-lobe-epilepsy", "CUI": "C0014556"}}, {"entity": "Prescription", "start_index": "88", "end_index": "102", "text": "carbamazepine-", "attributes": {"DrugName": "Carbamazepine", "DrugDose": "400", "DoseUnit": "mg", "Frequency": "2", "CUIPhrase": "carbamazepine", "CUI": "C0006949"}}, {"entity": "Prescription", "start_index": "121", "end_index": "141", "text": "Topiramate-100-mg-BD", "attributes": {"DrugName": "topiramate", "DrugDose": "100", "DoseUnit": "mg", "Frequency": "2", "CUIPhrase": "topiramate", "CUI": "C0076829"}}, {"entity": "Diagnosis", "start_index": "250", "end_index": "264", "text": "focal-seizures", "attributes": {"DiagCategory": "MultipleSeizures", "Certainty": "5", "Negation": "Affirmed", "CUIPhrase": "focal-seizures", "CUI": "C0751495"}}, {"entity": "SeizureFrequency", "start_index": "250", "end_index": "264", "text": "focal-seizures", "attributes": {"LowerNumberOfSeizures": "2", "UpperNumberOfSeizures": "3", "MonthDate": "3", "TimeSince_or_TimeOfEvent": "During", "CUIPhrase": "focal-seizures", "CUI": "C0751495"}}, {"entity": "Diagnosis", "start_index": "345", "end_index": "375", "text": "secondary-generalised-seizures", "attributes": {"DiagCategory": "MultipleSeizures", "Certainty": "5", "Negation": "Affirmed", "CUIPhrase": "secondary-generalised-seizures", "CUI": "C0270838"}}, {"entity": "SeizureFrequency", "start_index": "345", "end_index": "375", "text": "secondary-generalised-seizures", "attributes": {"NumberOfSeizures": "4", "PointInTime": "LastClinic", "TimeSince_or_TimeOfEvent": "Since", "CUIPhrase": "secondary-generalised-seizures", "CUI": "C0270838"}}, {"entity": "Diagnosis", "start_index": "388", "end_index": "402", "text": "focal-seizures", "attributes": {"DiagCategory": "MultipleSeizures", "Certainty": "5", "Negation": "Affirmed", "CUIPhrase": "focal-seizures", "CUI": "C0751495"}}, {"entity": "PatientHistory", "start_index": "611", "end_index": "630", "text": "convulsive-seizures", "attributes": {"Certainty": "5", "Negation": "Affirmed", "CUIPhrase": "convulsive-seizures", "CUI": "C0751494"}}, {"entity": "Investigations", "start_index": "839", "end_index": "847", "text": "MRI-scan", "attributes": {"MRI_Performed": "Yes", "MRI_Results": "Abnormal", "CUIPhrase": "mri-abnormal", "CUI": "C1319851"}}]