[{"entity": "PatientHistory", "start_index": "90", "end_index": "121", "text": "transient-loss-of-consciousness", "attributes": {"Certainty": "5", "Negation": "Affirmed", "CUIPhrase": "transient-loss-of-consciousness", "CUI": "C4087400"}}, {"entity": "Diagnosis", "start_index": "133", "end_index": "142", "text": "-Epilepsy", "attributes": {"DiagCategory": "Epilepsy", "Certainty": "5", "Negation": "Affirmed", "CUIPhrase": "epilepsy", "CUI": "C0014544"}}, {"entity": "PatientHistory", "start_index": "144", "end_index": "152", "text": "Diabetes", "attributes": {"Certainty": "5", "Negation": "Affirmed", "CUIPhrase": "diabetes", "CUI": "C0011849"}}, {"entity": "PatientHistory", "start_index": "741", "end_index": "750", "text": "diabetic-", "attributes": {"Certainty": "5", "Negation": "Affirmed", "CUIPhrase": "diabetes", "CUI": "C0011849"}}, {"entity": "PatientHistory", "start_index": "1239", "end_index": "1254", "text": "febrile-seizure", "attributes": {"AgeUnit": "Month", "Age": "8", "Certainty": "5", "Negation": "Affirmed", "CUIPhrase": "febrile-seizure", "CUI": "C0009952"}}, {"entity": "Diagnosis", "start_index": "1584", "end_index": "1602", "text": "epileptic-seizures", "attributes": {"DiagCategory": "MultipleSeizures", "Certainty": "4", "Negation": "Affirmed", "CUIPhrase": "epileptic-seizures", "CUI": "C4317109"}}, {"entity": "Diagnosis", "start_index": "1704", "end_index": "1747", "text": "epilepsy-with-tonic---clonic-seizures-alone.", "attributes": {"DiagCategory": "Epilepsy", "Certainty": "4", "Negation": "Affirmed", "CUIPhrase": "epilepsy-with-generalised-tonic-clonic-seizures-alone", "CUI": "C0393697"}}]