[{"entity": "Diagnosis", "start_index": "162", "end_index": "186", "text": "Benign-Rolandic-Epilepsy", "attributes": {"Negation": "Affirmed", "Certainty": "3", "CUI": "C2363129", "CUIPhrase": "benigh", "DiagCategory": "Epilepsy"}}, {"entity": "Diagnosis", "start_index": "1085", "end_index": "1117", "text": "generalised-tonic-clonic-seizure", "attributes": {"CUIPhrase": "generalised-tonic-clonic-seizure", "CUI": "C0494475", "Negation": "Affirmed", "Certainty": "5", "DiagCategory": "MultipleSeizures"}}, {"entity": "PatientHistory", "start_index": "141", "end_index": "159", "text": "Nocturnal-seizures", "attributes": {"CUI": "C0748605", "Negation": "Affirmed", "Certainty": "5", "CUIPhrase": "nocturnal-seizures"}}, {"entity": "Investigations", "start_index": "1446", "end_index": "1449", "text": "EEG", "attributes": {"EEG_Results": "Normal", "CUIPhrase": "normal-eeg", "EEG_Performed": "Yes", "CUI": "C0560017"}}, {"entity": "Diagnosis", "start_index": "397", "end_index": "430", "text": "generalised-tonic-clonic-seizures", "attributes": {"DiagCategory": "MultipleSeizures", "Certainty": "5", "CUIPhrase": "generalised-tonic-clonic-seizures", "Negation": "Affirmed", "CUI": "C0494475"}}, {"entity": "Diagnosis", "start_index": "1504", "end_index": "1528", "text": "Benign-Rolandic-Epilepsy", "attributes": {"Certainty": "3", "CUI": "C2363129", "DiagCategory": "Epilepsy", "CUIPhrase": "benigh", "Negation": "Affirmed"}}, {"entity": "PatientHistory", "start_index": "1779", "end_index": "1787", "text": "seizures", "attributes": {"Certainty": "5", "Negation": "Affirmed", "CUIPhrase": "seizures", "CUI": "C0036572"}}]