[{"entity": "Diagnosis", "start_index": "187", "end_index": "218", "text": "Symptomatic-structural-epilepsy", "attributes": {"DiagCategory": "Epilepsy", "Certainty": "5", "Negation": "Affirmed", "CUIPhrase": "symptomatic-structural-focal-epilepsy", "CUI": "C0472349"}}, {"entity": "EpilepsyCause", "start_index": "259", "end_index": "269", "text": "meningitis", "attributes": {"Certainty": "4", "Negation": "Affirmed", "CUIPhrase": "meningitis", "CUI": "C0025289"}}, {"entity": "PatientHistory", "start_index": "259", "end_index": "269", "text": "meningitis", "attributes": {"Certainty": "5", "Negation": "Affirmed", "CUIPhrase": "meningitis", "CUI": "C0025289"}}, {"entity": "PatientHistory", "start_index": "273", "end_index": "294", "text": "learning-difficulties", "attributes": {"Certainty": "5", "Negation": "Affirmed", "CUIPhrase": "learning-difficulties", "CUI": "C0424939"}}, {"entity": "Prescription", "start_index": "308", "end_index": "331", "text": "Levetiracetam-1000mg-bd", "attributes": {"DrugName": "levetiracetam", "DrugDose": "1000", "DoseUnit": "mg", "Frequency": "2", "CUIPhrase": "levetiracetam", "CUI": "C0377265"}}, {"entity": "Prescription", "start_index": "334", "end_index": "354", "text": "Lamotrigine-200mg-bd", "attributes": {"DrugName": "lamotrigine", "DrugDose": "200", "DoseUnit": "mg", "Frequency": "2", "CUIPhrase": "lamotrigine", "CUI": "C0064636"}}, {"entity": "Diagnosis", "start_index": "665", "end_index": "703", "text": "focal-to-bilateral-convulsive-seizures", "attributes": {"DiagCategory": "MultipleSeizures", "Certainty": "5", "Negation": "Affirmed", "CUIPhrase": "focal-to-bilateral-convulsive-seizures", "CUI": "C0877017"}}, {"entity": "SeizureFrequency", "start_index": "665", "end_index": "703", "text": "focal-to-bilateral-convulsive-seizures", "attributes": {"NumberOfSeizures": "0", "TimePeriod": "Year", "NumberOfTimePeriods": "2", "CUIPhrase": "focal-to-bilateral-convulsive-seizures", "CUI": "C0877017"}}, {"entity": "Diagnosis", "start_index": "748", "end_index": "785", "text": "focal-seizures-with-altered-awareness", "attributes": {"DiagCategory": "MultipleSeizures", "Certainty": "5", "Negation": "Affirmed", "CUIPhrase": "focal-seizures-with-altered-awareness", "CUI": "C0270834"}}, {"entity": "SeizureFrequency", "start_index": "748", "end_index": "785", "text": "focal-seizures-with-altered-awareness", "attributes": {"NumberOfSeizures": "1", "TimePeriod": "Month", "NumberOfTimePeriods": "1", "CUIPhrase": "focal-seizures-with-altered-awareness", "CUI": "C0270834"}}, {"entity": "PatientHistory", "start_index": "958", "end_index": "968", "text": "meningitis", "attributes": {"AgeUnit": "Month", "Age": "7", "Certainty": "5", "Negation": "Affirmed", "CUIPhrase": "meningitis", "CUI": "C0025289"}}, {"entity": "EpilepsyCause", "start_index": "958", "end_index": "968", "text": "meningitis", "attributes": {"Certainty": "4", "Negation": "Affirmed", "CUIPhrase": "meningitis", "CUI": "C0025289"}}, {"entity": "Diagnosis", "start_index": "1019", "end_index": "1027", "text": "epilepsy", "attributes": {"DiagCategory": "Epilepsy", "Certainty": "5", "Negation": "Affirmed", "CUIPhrase": "epilepsy", "CUI": "C0014544"}}, {"entity": "Investigations", "start_index": "1063", "end_index": "1066", "text": "MRI", "attributes": {"MRI_Performed": "Yes", "MRI_Results": "Abnormal", "CUIPhrase": "abnormal-mri", "CUI": "C1319851"}}, {"entity": "PatientHistory", "start_index": "1104", "end_index": "1117", "text": "brain-atrophy", "attributes": {"Certainty": "5", "Negation": "Affirmed", "CUIPhrase": "brain-atrophy", "CUI": "C0235946"}}, {"entity": "Investigations", "start_index": "1158", "end_index": "1161", "text": "EEG", "attributes": {"EEG_Performed": "Yes", "EEG_Results": "Abnormal", "CUIPhrase": "eeg-abnormal", "CUI": "C0151611"}}]