[{"entity": "Diagnosis", "start_index": "11", "end_index": "43", "text": "focal-onset-epilepsy-(occipital)", "attributes": {"DiagCategory": "Epilepsy", "Certainty": "5", "Negation": "Affirmed", "CUIPhrase": "focal-onset-epilepsy", "CUI": "C0014547"}}, {"entity": "Diagnosis", "start_index": "11", "end_index": "43", "text": "focal-onset-epilepsy-(occipital)", "attributes": {"DiagCategory": "Epilepsy", "Certainty": "5", "Negation": "Affirmed", "CUIPhrase": "occipital-lobe-epilepsy", "CUI": "C0393691"}}, {"entity": "Prescription", "start_index": "79", "end_index": "111", "text": "-levetiracetam-750mg-twice-a-day", "attributes": {"DrugName": "Levetiracetam", "DrugDose": "750", "DoseUnit": "mg", "Frequency": "2", "CUIPhrase": "levetiracetam", "CUI": "C0377265"}}, {"entity": "Diagnosis", "start_index": "141", "end_index": "155", "text": "focal-seizures", "attributes": {"DiagCategory": "MultipleSeizures", "Certainty": "5", "Negation": "Affirmed", "CUIPhrase": "focal-seizures", "CUI": "C0751495"}}, {"entity": "Diagnosis", "start_index": "174", "end_index": "211", "text": "focal-to-bilateral-convulsive-seizure", "attributes": {"DiagCategory": "SingleSeizure", "Certainty": "5", "Negation": "Affirmed", "CUIPhrase": "focal-to-bilateral-convulsive-seizures", "CUI": "C0877017"}}, {"entity": "Investigations", "start_index": "233", "end_index": "270", "text": "MRI-2019-right-occipital-lobe-infarct", "attributes": {"MRI_Performed": "Yes", "MRI_Results": "Abnormal", "CUIPhrase": "abnormal-mri", "CUI": "C1319851"}}, {"entity": "PatientHistory", "start_index": "248", "end_index": "270", "text": "occipital-lobe-infarct", "attributes": {"Certainty": "5", "Negation": "Affirmed", "CUIPhrase": "occipital-lobe-infarct", "CUI": "C3809094"}}, {"entity": "SeizureFrequency", "start_index": "377", "end_index": "440", "text": "not-had-any-further-seizures-since-increasing-the-levetiracetam", "attributes": {"NumberOfSeizures": "0", "PointInTime": "DrugChange", "TimeSince_or_TimeOfEvent": "Since", "CUIPhrase": "seizures", "CUI": "C0036572"}}]