[{"entity": "Diagnosis", "start_index": "24", "end_index": "33", "text": "-epilepsy", "attributes": {"DiagCategory": "Epilepsy", "Certainty": "5", "Negation": "Affirmed", "CUIPhrase": "epilepsy", "CUI": "C0014544"}}, {"entity": "Diagnosis", "start_index": "35", "end_index": "68", "text": "generalised-tonic-clonic-seizures", "attributes": {"DiagCategory": "MultipleSeizures", "Certainty": "5", "Negation": "Affirmed", "CUIPhrase": "generalised-tonic-clonic-seizures", "CUI": "C0494475"}}, {"entity": "Prescription", "start_index": "81", "end_index": "132", "text": "-Epilim-200mg-in-the-morning,-400-mg-in-the-evening", "attributes": {"DrugName": "SodiumValproate", "DrugDose": "200", "DoseUnit": "mg", "Frequency": "1", "CUIPhrase": "epilim", "CUI": "C0591451"}}, {"entity": "Prescription", "start_index": "82", "end_index": "132", "text": "Epilim-200mg-in-the-morning,-400-mg-in-the-evening", "attributes": {"DrugName": "SodiumValproate", "DrugDose": "400", "DoseUnit": "mg", "Frequency": "1", "CUIPhrase": "epilim", "CUI": "C0591451"}}, {"entity": "WhenDiagnosed", "start_index": "192", "end_index": "235", "text": "diagnosed-with-epilepsy-around-10-years-ago", "attributes": {"TimePeriod": "Year", "NumberOfTimePeriods": "10", "Certainty": "5", "Negation": "Affirmed", "CUIPhrase": "epilepsy", "CUI": "C0014544"}}, {"entity": "Diagnosis", "start_index": "207", "end_index": "215", "text": "epilepsy", "attributes": {"DiagCategory": "Epilepsy", "Certainty": "5", "Negation": "Affirmed", "CUIPhrase": "epilepsy", "CUI": "C0014544"}}, {"entity": "Diagnosis", "start_index": "246", "end_index": "279", "text": "generalised-tonic-clonic-seizures", "attributes": {"DiagCategory": "MultipleSeizures", "Certainty": "5", "Negation": "Affirmed", "CUIPhrase": "generalised-tonic-clonic-seizures", "CUI": "C0494475"}}, {"entity": "BirthHistory", "start_index": "369", "end_index": "393", "text": "Birth-history-was-normal", "attributes": {"Certainty": "5", "Negation": "Affirmed", "CUIPhrase": "birth-was-normal", "CUI": "C3665337"}}, {"entity": "PatientHistory", "start_index": "431", "end_index": "461", "text": "no-history-of-febrile-seizures", "attributes": {"Certainty": "1", "Negation": "Negated", "CUIPhrase": "febrile-seizures", "CUI": "C0009952"}}]