[{"entity": "PatientHistory", "start_index": "876", "end_index": "893", "text": "altered-awareness", "attributes": {"Certainty": "5", "Negation": "Affirmed", "CUIPhrase": "altered-awareness-and-consciousness", "CUI": "C0234428"}}, {"entity": "PatientHistory", "start_index": "1550", "end_index": "1593", "text": "episodes-of-transient-loss-of-consciousness", "attributes": {"Negation": "Affirmed", "Certainty": "5", "CUI": "C4087400", "CUIPhrase": "Transient"}}, {"entity": "BirthHistory", "start_index": "1292", "end_index": "1304", "text": "3-week-early", "attributes": {"Certainty": "5", "CUI": "C3829315", "Negation": "Affirmed", "PrematureBirth": "34to<37_LatePretermBirth", "CUIPhrase": "late-preterm-birth"}}, {"entity": "Diagnosis", "start_index": "1599", "end_index": "1647", "text": "focal-to-bilateral-convulsive-epileptic-seizures", "attributes": {"Negation": "Affirmed", "CUIPhrase": "focal-to-bilateral-convulsive-seizures", "CUI": "C0877017", "Certainty": "4", "DiagCategory": "MultipleSeizures"}}, {"entity": "Diagnosis", "start_index": "272", "end_index": "292", "text": "focal-onset-epilepsy", "attributes": {"CUI": "C0014547", "DiagCategory": "Epilepsy", "CUIPhrase": "focal-onset-epilepsy", "Negation": "Affirmed", "Certainty": "4"}}, {"entity": "Diagnosis", "start_index": "3103", "end_index": "3115", "text": "his-epilepsy", "attributes": {"Certainty": "5", "DiagCategory": "Epilepsy", "Negation": "Affirmed", "CUI": "C0014544", "CUIPhrase": "epilepsy"}}, {"entity": "PatientHistory", "start_index": "386", "end_index": "429", "text": "episodes-of-transient-loss-of-consciousness", "attributes": {"CUIPhrase": "Transient", "Certainty": "5", "CUI": "C4087400", "Negation": "Affirmed"}}, {"entity": "Investigations", "start_index": "1212", "end_index": "1219", "text": "CT-head", "attributes": {"CT_Results": "Normal", "CT_Performed": "Yes", "CUIPhrase": "normal-ct", "CUI": "C0744602"}}, {"entity": "PatientHistory", "start_index": "1057", "end_index": "1069", "text": "hypertension", "attributes": {"CUIPhrase": "hypertension", "Negation": "Affirmed", "CUI": "C0020538", "Certainty": "5"}}, {"entity": "PatientHistory", "start_index": "1179", "end_index": "1200", "text": "myocardial-infarction", "attributes": {"CUI": "C0027051", "CUIPhrase": "myocardial-infarction", "YearDate": "2010", "Certainty": "5", "Negation": "Affirmed"}}, {"entity": "Diagnosis", "start_index": "981", "end_index": "1018", "text": "focal-seizures-with-altered-awareness", "attributes": {"Negation": "Affirmed", "DiagCategory": "MultipleSeizures", "CUIPhrase": "focal-seizures-with-altered-awareness", "CUI": "C0270834", "Certainty": "4"}}, {"entity": "Diagnosis", "start_index": "1692", "end_index": "1730", "text": "focal-seizures-with-altered-awareness-", "attributes": {"Negation": "Affirmed", "CUIPhrase": "focal-seizures-with-altered-awareness", "DiagCategory": "MultipleSeizures", "Certainty": "5", "CUI": "C0270834"}}, {"entity": "PatientHistory", "start_index": "219", "end_index": "250", "text": "transient-loss-of-consciousness", "attributes": {"Certainty": "5", "CUIPhrase": "Transient", "Negation": "Affirmed", "CUI": "C4087400"}}, {"entity": "Diagnosis", "start_index": "1666", "end_index": "1674", "text": "epilepsy", "attributes": {"Negation": "Affirmed", "CUIPhrase": "epilepsy", "DiagCategory": "Epilepsy", "CUI": "C0014544", "Certainty": "5"}}, {"entity": "PatientHistory", "start_index": "1395", "end_index": "1412", "text": "febriles-seizures", "attributes": {"Negation": "Affirmed", "AgeLower": "9", "AgeUnit": "Month", "Certainty": "5", "CUI": "C0009952", "CUIPhrase": "febrile-seizures", "AgeUpper": "36"}}]