[{"entity": "Diagnosis", "start_index": "45", "end_index": "78", "text": "generalised-tonic-clonic-seizures", "attributes": {"DiagCategory": "MultipleSeizures", "Certainty": "5", "Negation": "Affirmed", "CUIPhrase": "generalised-tonic-clonic-seizures", "CUI": "C0494475"}}, {"entity": "PatientHistory", "start_index": "84", "end_index": "99", "text": "myoclonic-jerks", "attributes": {"Certainty": "5", "Negation": "Affirmed", "CUIPhrase": "myoclonic-jerks", "CUI": "C0027066"}}, {"entity": "Diagnosis", "start_index": "110", "end_index": "113", "text": "JME", "attributes": {"DiagCategory": "Epilepsy", "Certainty": "3", "Negation": "Affirmed", "CUIPhrase": "jme", "CUI": "C0270853"}}, {"entity": "Prescription", "start_index": "115", "end_index": "159", "text": "Anti-convulsant-medication:-epilim-500-mg-BD", "attributes": {"DrugName": "epilim", "DrugDose": "500", "DoseUnit": "mg", "Frequency": "2", "CUIPhrase": "epilim", "CUI": "C0591451"}}, {"entity": "Prescription", "start_index": "160", "end_index": "190", "text": "Lamictal-100-mg-in-the-morning", "attributes": {"DrugName": "lamictal", "DrugDose": "100", "DoseUnit": "mg", "Frequency": "1", "CUIPhrase": "lamictal", "CUI": "C0678180"}}, {"entity": "Prescription", "start_index": "160", "end_index": "169", "text": "Lamictal-", "attributes": {"DrugName": "lamictal", "DrugDose": "175", "DoseUnit": "mg", "Frequency": "1", "CUIPhrase": "lamictal", "CUI": "C0678180"}}, {"entity": "Diagnosis", "start_index": "395", "end_index": "429", "text": "generalised-tonic-chronic-seizures", "attributes": {"DiagCategory": "MultipleSeizures", "Certainty": "5", "Negation": "Affirmed", "CUIPhrase": "generalised-tonic-clonic-seizures", "CUI": "C0494475"}}, {"entity": "SeizureFrequency", "start_index": "395", "end_index": "428", "text": "generalised-tonic-chronic-seizure", "attributes": {"LowerNumberOfSeizures": "3", "UpperNumberOfSeizures": "4", "TimePeriod": "Week", "NumberOfTimePeriods": "1", "TimeSince_or_TimeOfEvent": "During", "CUIPhrase": "generalised-tonic-clonic-seizures", "CUI": "C0494475"}}, {"entity": "PatientHistory", "start_index": "486", "end_index": "501", "text": "myoclonic-jerks", "attributes": {"Certainty": "5", "Negation": "Affirmed", "CUIPhrase": "myoclonic-jerks", "CUI": "C0027066"}}, {"entity": "SeizureFrequency", "start_index": "486", "end_index": "500", "text": "myoclonic-jerk", "attributes": {"FrequencyChange": "Frequent", "CUIPhrase": "myoclonic-jerks", "CUI": "C0027066"}}, {"entity": "PatientHistory", "start_index": "555", "end_index": "578", "text": "drinks-too-much-alcohol", "attributes": {"Certainty": "4", "Negation": "Affirmed", "CUIPhrase": "alcohol-abuse", "CUI": "C0085762"}}]