[{"entity": "PatientHistory", "start_index": "139", "end_index": "147", "text": "Headache", "attributes": {"Certainty": "5", "Negation": "Affirmed", "CUIPhrase": "chronic-headache", "CUI": "C0151293"}}, {"entity": "PatientHistory", "start_index": "163", "end_index": "180", "text": "Episodic-migraine", "attributes": {"Certainty": "5", "Negation": "Affirmed", "CUIPhrase": "migraine", "CUI": "C0149931"}}, {"entity": "Diagnosis", "start_index": "186", "end_index": "223", "text": "Symptomatic-structural-focal-epilepsy", "attributes": {"DiagCategory": "Epilepsy", "Certainty": "5", "Negation": "Affirmed", "CUIPhrase": "symptomatic-structural-focal-epilepsy", "CUI": "C0472349"}}, {"entity": "BirthHistory", "start_index": "225", "end_index": "241", "text": "perinatal-insult", "attributes": {"Certainty": "5", "Negation": "Affirmed", "CUIPhrase": "perinatal-insult", "CUI": "C0005604"}}, {"entity": "EpilepsyCause", "start_index": "225", "end_index": "241", "text": "perinatal-insult", "attributes": {"Certainty": "5", "Negation": "Affirmed", "CUIPhrase": "perinatal-insult", "CUI": "C0005604"}}, {"entity": "PatientHistory", "start_index": "314", "end_index": "322", "text": "headache", "attributes": {"Certainty": "5", "Negation": "Affirmed", "CUIPhrase": "chronic-headache", "CUI": "C0151293"}}, {"entity": "PatientHistory", "start_index": "341", "end_index": "349", "text": "headache", "attributes": {"Certainty": "5", "Negation": "Affirmed", "CUIPhrase": "chronic-headache", "CUI": "C0151293"}}, {"entity": "Diagnosis", "start_index": "527", "end_index": "545", "text": "epileptic-seizures", "attributes": {"DiagCategory": "MultipleSeizures", "Certainty": "5", "Negation": "Affirmed", "CUIPhrase": "epileptic-seizures", "CUI": "C4317109"}}, {"entity": "Onset", "start_index": "527", "end_index": "545", "text": "epileptic-seizures", "attributes": {"AgeUnit": "Year", "Age": "10", "Certainty": "5", "Negation": "Affirmed", "CUIPhrase": "epileptic-seizures", "CUI": "C4317109"}}, {"entity": "PatientHistory", "start_index": "645", "end_index": "652", "text": "seizure", "attributes": {"Certainty": "5", "Negation": "Affirmed", "CUIPhrase": "seizure", "CUI": "C0036572"}}, {"entity": "SeizureFrequency", "start_index": "645", "end_index": "652", "text": "seizure", "attributes": {"NumberOfSeizures": "0", "TimePeriod": "Year", "NumberOfTimePeriods": "10", "CUIPhrase": "seizures", "CUI": "C0036572"}}, {"entity": "Prescription", "start_index": "671", "end_index": "745", "text": "She-currently-takes-150mg-lamotrigine-twice-a-day-without-any-side-effects", "attributes": {"DrugName": "lamotrigine", "DrugDose": "150", "DoseUnit": "mg", "Frequency": "2", "CUIPhrase": "lamotrigine", "CUI": "C0064636"}}, {"entity": "BirthHistory", "start_index": "957", "end_index": "981", "text": "born-6-weeks-prematurely", "attributes": {"PrematureBirth": "34to<37_LatePreterm", "Certainty": "5", "Negation": "Affirmed", "CUIPhrase": "late_preterm_birth", "CUI": "C3829315"}}, {"entity": "PatientHistory", "start_index": "1195", "end_index": "1205", "text": "meningitis", "attributes": {"AgeUnit": "Year", "Age": "16", "Certainty": "5", "Negation": "Affirmed", "CUIPhrase": "meningitis", "CUI": "C0025289"}}, {"entity": "Investigations", "start_index": "1321", "end_index": "1324", "text": "MRI", "attributes": {"MRI_Performed": "Yes", "MRI_Results": "Abnormal", "CUIPhrase": "abnormal-mri", "CUI": "C1319851"}}, {"entity": "BirthHistory", "start_index": "1371", "end_index": "1388", "text": "perinatal-hypoxia", "attributes": {"Certainty": "5", "Negation": "Affirmed", "CUIPhrase": "perinatal-hypoxia", "CUI": "C0559478"}}, {"entity": "Investigations", "start_index": "1416", "end_index": "1419", "text": "EEG", "attributes": {"EEG_Performed": "Yes", "EEG_Results": "Abnormal", "CUIPhrase": "eeg-abnormal", "CUI": "C0151611"}}, {"entity": "Diagnosis", "start_index": "1506", "end_index": "1514", "text": "epilepsy", "attributes": {"DiagCategory": "Epilepsy", "Certainty": "5", "Negation": "Affirmed", "CUIPhrase": "epilepsy", "CUI": "C0014544"}}, {"entity": "BirthHistory", "start_index": "1535", "end_index": "1554", "text": "hypoxic-birth-injury", "attributes": {"Certainty": "5", "Negation": "Affirmed", "CUIPhrase": "birth-hypoxia", "CUI": "C0559478"}}, {"entity": "EpilepsyCause", "start_index": "1535", "end_index": "1554", "text": "hypoxic-birth-injury", "attributes": {"Certainty": "4", "Negation": "Affirmed", "CUIPhrase": "birth-hypoxia", "CUI": "C0559478"}}, {"entity": "SeizureFrequency", "start_index": "1612", "end_index": "1624", "text": "seizure-free", "attributes": {"NumberOfSeizures": "0", "TimePeriod": "Year", "NumberOfTimePeriods": "10", "CUIPhrase": "seizure-free", "CUI": "C1299590"}}, {"entity": "PatientHistory", "start_index": "1704", "end_index": "1712", "text": "migraine", "attributes": {"Certainty": "5", "Negation": "Affirmed", "CUIPhrase": "migraine", "CUI": "C0149931"}}]