[{"entity": "Diagnosis", "start_index": "94", "end_index": "114", "text": "focal-onset-epilepsy", "attributes": {"DiagCategory": "Epilepsy", "Certainty": "4", "Negation": "Affirmed", "CUIPhrase": "focal-onset-epilepsy", "CUI": "C0014547"}}, {"entity": "PatientHistory", "start_index": "116", "end_index": "123", "text": "Anxiety", "attributes": {"Certainty": "5", "Negation": "Affirmed", "CUIPhrase": "anxiety", "CUI": "C0003467"}}, {"entity": "PatientHistory", "start_index": "125", "end_index": "142", "text": "Episodic-migraine", "attributes": {"Certainty": "5", "Negation": "Affirmed", "CUIPhrase": "migraine", "CUI": "C0149931"}}, {"entity": "Prescription", "start_index": "144", "end_index": "224", "text": "Current-medication-levetiracetam-750mg-twice-a-day-(to-change-as-detailed-below)", "attributes": {"DrugName": "levetiracetam", "DrugDose": "750", "DoseUnit": "mg", "Frequency": "2", "CUIPhrase": "levetiracetam", "CUI": "C0377265"}}, {"entity": "Diagnosis", "start_index": "400", "end_index": "408", "text": "epilepsy", "attributes": {"DiagCategory": "Epilepsy", "Certainty": "5", "Negation": "Affirmed", "CUIPhrase": "epilepsy", "CUI": "C0014544"}}, {"entity": "PatientHistory", "start_index": "1264", "end_index": "1303", "text": "ebrile-seizures-at-the-age-of-12-and-18", "attributes": {"AgeUnit": "Month", "AgeLower": "12", "AgeUpper": "18", "Certainty": "5", "Negation": "Affirmed", "CUIPhrase": "febrile-seizure", "CUI": "C0009952"}}, {"entity": "BirthHistory", "start_index": "1319", "end_index": "1356", "text": "born-slightly-prematurely-at-34-weeks", "attributes": {"PrematureBirth": "34to<37_LatePretermBirth", "Certainty": "5", "Negation": "Affirmed", "CUIPhrase": "late-preterm-birth", "CUI": "C3829315"}}, {"entity": "Investigations", "start_index": "1691", "end_index": "1702", "text": "Normal-MRI-", "attributes": {"MRI_Performed": "Yes", "MRI_Results": "Normal", "CUIPhrase": "normal-mri", "CUI": "C0436481"}}, {"entity": "Investigations", "start_index": "1724", "end_index": "1729", "text": "EEGs-", "attributes": {"EEG_Performed": "Yes", "EEG_Results": "Abnormal", "CUIPhrase": "eeg-abnormal", "CUI": "C0151611"}}, {"entity": "Diagnosis", "start_index": "1835", "end_index": "1853", "text": "epileptic-seizures", "attributes": {"DiagCategory": "MultipleSeizures", "Certainty": "4", "Negation": "Affirmed", "CUIPhrase": "epileptic-seizures", "CUI": "C4317109"}}, {"entity": "Diagnosis", "start_index": "1941", "end_index": "1979", "text": "focal-to-bilateral-convulsive-seizures", "attributes": {"DiagCategory": "MultipleSeizures", "Certainty": "4", "Negation": "Affirmed", "CUIPhrase": "focal-to-bilateral-convulsive-seizures", "CUI": "C0877017"}}]