[{"entity": "Diagnosis", "start_index": "91", "end_index": "122", "text": "Symptomatic-structural-focal-epilepsy", "attributes": {"DiagCategory": "Epilepsy", "Certainty": "5", "Negation": "Affirmed", "CUIPhrase": "symptomatic-structural-focal-epilepsy", "CUI": "C0472349"}}, {"entity": "PatientHistory", "start_index": "180", "end_index": "207", "text": "traumatic-brain-injury-2005", "attributes": {"YearDate": "2005", "Certainty": "5", "Negation": "Affirmed", "CUIPhrase": "traumatic-brain-injury", "CUI": "C0876926"}}, {"entity": "EpilepsyCause", "start_index": "180", "end_index": "207", "text": "traumatic-brain-injury-2005", "attributes": {"Certainty": "5", "Negation": "Affirmed", "CUIPhrase": "traumatic-brain-injury", "CUI": "C0876926"}}, {"entity": "Diagnosis", "start_index": "270", "end_index": "308", "text": "Focal-to-bilateral-convulsive-seizures", "attributes": {"DiagCategory": "MultipleSeizures", "Certainty": "5", "Negation": "Affirmed", "CUIPhrase": "focal-to-bilateral-convulsive-seizures", "CUI": "C0877017"}}, {"entity": "SeizureFrequency", "start_index": "270", "end_index": "308", "text": "Focal-to-bilateral-convulsive-seizures", "attributes": {"NumberOfSeizures": "0", "MonthDate": "10", "YearDate": "2019", "TimeSince_or_TimeOfEvent": "Since", "CUIPhrase": "focal-to-bilateral-convulsive-seizures", "CUI": "C0877017"}}, {"entity": "Prescription", "start_index": "403", "end_index": "425", "text": "Levetiracetam-750mg-bd", "attributes": {"DrugName": "levetiracetam", "DrugDose": "750", "DoseUnit": "mg", "Frequency": "2", "CUIPhrase": "levetiracetam", "CUI": "C0377265"}}, {"entity": "Prescription", "start_index": "458", "end_index": "505", "text": "Phenytoin-100mg-od-(reducing-as-detailed-below)", "attributes": {"DrugName": "phenytoin", "DrugDose": "100", "DoseUnit": "mg", "Frequency": "1", "CUIPhrase": "phenytoin", "CUI": "C0031507"}}, {"entity": "Investigations", "start_index": "564", "end_index": "567", "text": "MRI", "attributes": {"MRI_Performed": "Yes", "MRI_Results": "Abnormal", "CUIPhrase": "abnormal-mri", "CUI": "C1319851"}}, {"entity": "PatientHistory", "start_index": "592", "end_index": "599", "text": "gliosis", "attributes": {"Certainty": "5", "Negation": "Affirmed", "CUIPhrase": "gliosis", "CUI": "C0017639"}}, {"entity": "PatientHistory", "start_index": "736", "end_index": "756", "text": "brain-injury-in-2005", "attributes": {"YearDate": "2005", "Certainty": "5", "Negation": "Affirmed", "CUIPhrase": "brain-injury", "CUI": "C0270611"}}, {"entity": "PatientHistory", "start_index": "1076", "end_index": "1092", "text": "unusual-episodes", "attributes": {"Certainty": "5", "Negation": "Affirmed", "CUIPhrase": "unusual-episodes", "CUI": "C0424531"}}, {"entity": "Investigations", "start_index": "1693", "end_index": "1697", "text": "MRI-", "attributes": {"MRI_Performed": "Yes", "MRI_Results": "Abnormal", "CUIPhrase": "mri-abnormal", "CUI": "C1319851"}}, {"entity": "PatientHistory", "start_index": "1995", "end_index": "2011", "text": "febrile-seizures", "attributes": {"AgeUnit": "Month", "AgeLower": "14", "AgeUpper": "18", "Certainty": "5", "Negation": "Affirmed", "CUIPhrase": "febrile-seizures", "CUI": "C0009952"}}, {"entity": "PatientHistory", "start_index": "2063", "end_index": "2075", "text": "encephalitis", "attributes": {"AgeUnit": "Year", "Age": "18", "Certainty": "5", "Negation": "Affirmed", "CUIPhrase": "viral-encephalitis", "CUI": "C0243010"}}, {"entity": "Investigations", "start_index": "2167", "end_index": "2170", "text": "MRI", "attributes": {"MRI_Performed": "Yes", "MRI_Results": "Abnormal", "CUIPhrase": "abnormal-mri", "CUI": "C1319851"}}, {"entity": "PatientHistory", "start_index": "2195", "end_index": "2202", "text": "gliosis", "attributes": {"Certainty": "5", "Negation": "Affirmed", "CUIPhrase": "gliosis", "CUI": "C0017639"}}, {"entity": "PatientHistory", "start_index": "2220", "end_index": "2233", "text": "brain-injury-", "attributes": {"Certainty": "5", "Negation": "Affirmed", "CUIPhrase": "brain-injury", "CUI": "C0270611"}}, {"entity": "Investigations", "start_index": "2240", "end_index": "2243", "text": "EEG", "attributes": {"EEG_Performed": "Yes", "EEG_Results": "Abnormal", "CUIPhrase": "abnormal-eeg", "CUI": "C0151611"}}, {"entity": "Diagnosis", "start_index": "2319", "end_index": "2333", "text": "focal-epilepsy", "attributes": {"DiagCategory": "Epilepsy", "Certainty": "5", "Negation": "Affirmed", "CUIPhrase": "focal-epilepsy", "CUI": "C0014547"}}, {"entity": "PatientHistory", "start_index": "2351", "end_index": "2373", "text": "traumatic-brain-injury", "attributes": {"Certainty": "5", "Negation": "Affirmed", "CUIPhrase": "traumatic-brain-injury", "CUI": "C0876926"}}, {"entity": "EpilepsyCause", "start_index": "2351", "end_index": "2373", "text": "traumatic-brain-injury", "attributes": {"Certainty": "5", "Negation": "Affirmed", "CUIPhrase": "traumatic-brain-injury", "CUI": "C0876926"}}, {"entity": "Diagnosis", "start_index": "2416", "end_index": "2425", "text": "epilepsy-", "attributes": {"DiagCategory": "Epilepsy", "Certainty": "5", "Negation": "Affirmed", "CUIPhrase": "epilepsy", "CUI": "C0014544"}}]