[{"entity": "PatientHistory", "start_index": "157", "end_index": "160", "text": "ASD", "attributes": {"CUIPhrase": "asd", "Negation": "Affirmed", "Certainty": "5", "CUI": "C1510586"}}, {"entity": "Prescription", "start_index": "163", "end_index": "211", "text": "Medication:-Levetiracetam-500mg-bd-(36mg/kg/day)", "attributes": {"DrugName": "levetiracetam", "DoseUnit": "mg", "CUI": "C0377265", "DrugDose": "500", "CUIPhrase": "levetiracetam", "Frequency": "2"}}, {"entity": "PatientHistory", "start_index": "750", "end_index": "769", "text": "cluster-of-seizures", "attributes": {"Negation": "Affirmed", "CUIPhrase": "cluster-of-seizures", "Certainty": "5", "CUI": "C3203523"}}, {"entity": "Diagnosis", "start_index": "138", "end_index": "154", "text": "Genetic-epilepsy", "attributes": {"DiagCategory": "Epilepsy", "CUI": "C0014544", "Certainty": "5", "CUIPhrase": "epilepsy", "Negation": "Affirmed"}}, {"entity": "Diagnosis", "start_index": "448", "end_index": "472", "text": "complex-partial-seizures", "attributes": {"Negation": "Affirmed", "CUI": "C0149958", "Certainty": "5", "DiagCategory": "MultipleSeizures", "CUIPhrase": "complex-partial-seizures"}}, {"entity": "Prescription", "start_index": "212", "end_index": "297", "text": "Lamotrigine-50mg-bd-increasing-by-5mg-each-dose-every-2-weeks-to-75mg-bd-(7mg/kg/day)", "attributes": {"CUI": "C0064636", "DrugDose": "50", "Frequency": "2", "CUIPhrase": "lamotrigine", "DrugName": "lamotrigine", "DoseUnit": "mg"}}]