[{"entity": "Diagnosis", "start_index": "36", "end_index": "45", "text": "epilepsy-", "attributes": {"DiagCategory": "Epilepsy", "Certainty": "5", "Negation": "Affirmed", "CUIPhrase": "epilepsy", "CUI": "C0014544"}}, {"entity": "SeizureFrequency", "start_index": "117", "end_index": "150", "text": "generalised-tonic-clonic-seizures", "attributes": {"NumberOfSeizures": "0", "MonthDate": "8", "YearDate": "2016", "TimeSince_or_TimeOfEvent": "Since", "CUIPhrase": "generalised-tonic-clonic-seizures", "CUI": "C0494475"}}, {"entity": "SeizureFrequency", "start_index": "189", "end_index": "197", "text": "absences", "attributes": {"NumberOfSeizures": "0", "MonthDate": "11", "YearDate": "2016", "TimeSince_or_TimeOfEvent": "Since", "CUIPhrase": "absences", "CUI": "C0563606"}}, {"entity": "Prescription", "start_index": "220", "end_index": "255", "text": "She-takes-Keppra-500-mg-twice-a-day", "attributes": {"DrugName": "keppra", "DrugDose": "500", "DoseUnit": "mg", "Frequency": "2", "CUIPhrase": "keppra", "CUI": "C0876060"}}]