[{"entity": "Prescription", "start_index": "224", "end_index": "240", "text": "Sodium-Valproate", "attributes": {"DrugName": "SodiumValproate", "Frequency": "1", "DrugDose": "800", "CUI": "C0037567", "DoseUnit": "mg", "CUIPhrase": "sodium-valproate"}}, {"entity": "Onset", "start_index": "286", "end_index": "294", "text": "epilepsy", "attributes": {"AgeUnit": "Year", "Negation": "Affirmed", "Certainty": "5", "CUIPhrase": "epilepsy", "Age": "4", "CUI": "C0014544"}}, {"entity": "Diagnosis", "start_index": "336", "end_index": "370", "text": "-generalised-tonic-clonic-seizures", "attributes": {"DiagCategory": "MultipleSeizures", "Certainty": "5", "Negation": "Affirmed", "CUIPhrase": "generalised-tonic-clonic-seizures", "CUI": "C0494475"}}, {"entity": "PatientHistory", "start_index": "875", "end_index": "892", "text": "-febrile-seizures", "attributes": {"CUI": "C0009952", "CUIPhrase": "febrile-seizures", "Negation": "Negated", "Certainty": "1"}}, {"entity": "Diagnosis", "start_index": "286", "end_index": "294", "text": "epilepsy", "attributes": {"Negation": "Affirmed", "CUIPhrase": "generalised-tonic-clonic-seizures", "CUI": "C0494475", "DiagCategory": "MultipleSeizures", "Certainty": "5"}}, {"entity": "Investigations", "start_index": "815", "end_index": "818", "text": "MRI", "attributes": {"CUI": "C0436481", "MRI_Results": "Normal", "CUIPhrase": "mri-normal", "MRI_Performed": "Yes"}}, {"entity": "Investigations", "start_index": "731", "end_index": "734", "text": "EEG", "attributes": {"CUIPhrase": "eeg-abnormal", "CUI": "C0151611", "EEG_Results": "Abnormal", "EEG_Performed": "Yes"}}, {"entity": "Prescription", "start_index": "212", "end_index": "261", "text": "Medication:-Sodium-Valproate-700mg-in-the-morning", "attributes": {"Frequency": "1", "DrugDose": "700", "CUI": "C0037567", "DrugName": "sodium-valproate", "CUIPhrase": "sodium-valproate", "DoseUnit": "mg"}}, {"entity": "Diagnosis", "start_index": "168", "end_index": "211", "text": "secondary-generalised-tonic-clonic-seizures", "attributes": {"DiagCategory": "MultipleSeizures", "CUIPhrase": "secondary-generalised-tonic-clonic-seizures", "CUI": "C0877017", "Certainty": "5", "Negation": "Affirmed"}}, {"entity": "PatientHistory", "start_index": "464", "end_index": "472", "text": "seizures", "attributes": {"NumberOfTimePeriods": "2", "CUIPhrase": "seizures", "Certainty": "5", "Negation": "Affirmed", "TimePeriod": "Year", "CUI": "C0036572"}}, {"entity": "Diagnosis", "start_index": "138", "end_index": "162", "text": "Complex-partial-seizures", "attributes": {"CUIPhrase": "complex-partial-seizures", "CUI": "C0149958", "DiagCategory": "MultipleSeizures", "Negation": "Affirmed", "Certainty": "5"}}, {"entity": "BirthHistory", "start_index": "839", "end_index": "851", "text": "normal-birth", "attributes": {"Certainty": "5", "CUIPhrase": "normal-birth", "Negation": "Affirmed", "PrematureBirth": "37+_TermBirth", "CUI": "C3665337"}}]