[{"entity": "Prescription", "start_index": "1656", "end_index": "1699", "text": "Continue-Sodium-Valproate-400mg-twice-daily", "attributes": {"DrugDose": "400", "DoseUnit": "mg", "CUI": "C0037567", "Frequency": "2", "DrugName": "sodium-valproate", "CUIPhrase": "sodium-valproate"}}, {"entity": "Diagnosis", "start_index": "530", "end_index": "550", "text": "generalised-seizures", "attributes": {"Certainty": "5", "Negation": "Affirmed", "CUI": "C0234533", "DiagCategory": "MultipleSeizures", "CUIPhrase": "generalised-seizures"}}, {"entity": "SeizureFrequency", "start_index": "766", "end_index": "797", "text": "she-has-had-no-further-seizures", "attributes": {"PointInTime": "DrugChange", "NumberOfSeizures": "0", "CUI": "C0036572", "CUIPhrase": "seizures", "TimeSince_or_TimeOfEvent": "Since"}}, {"entity": "Investigations", "start_index": "905", "end_index": "908", "text": "EEG", "attributes": {"CUI": "C0560017", "EEG_Results": "Normal", "CUIPhrase": "normal-eeg", "EEG_Performed": "Yes"}}, {"entity": "Diagnosis", "start_index": "456", "end_index": "464", "text": "Epilepsy", "attributes": {"CUIPhrase": "epilepsy", "CUI": "C0014544", "Negation": "Affirmed", "DiagCategory": "Epilepsy", "Certainty": "5"}}, {"entity": "Investigations", "start_index": "891", "end_index": "894", "text": "MRI", "attributes": {"CUIPhrase": "mri-normal", "MRI_Results": "Normal", "CUI": "C0436481", "MRI_Performed": "Yes"}}, {"entity": "WhenDiagnosed", "start_index": "456", "end_index": "464", "text": "Epilepsy", "attributes": {"CUIPhrase": "epilepsy", "CUI": "C0014544", "Age": "18", "AgeUnit": "Year", "Negation": "Affirmed", "Certainty": "5"}}]