[{"entity": "Diagnosis", "start_index": "21", "end_index": "30", "text": "Epilepsy-", "attributes": {"DiagCategory": "Epilepsy", "Certainty": "5", "Negation": "Affirmed", "CUIPhrase": "epilepsy", "CUI": "C0014544"}}, {"entity": "Diagnosis", "start_index": "55", "end_index": "66", "text": "generalised", "attributes": {"DiagCategory": "Epilepsy", "Certainty": "3", "Negation": "Affirmed", "CUIPhrase": "generalised-epilepsy", "CUI": "C0014548"}}, {"entity": "Prescription", "start_index": "69", "end_index": "135", "text": "Current-antiepileptic-medication:-levetiracetam-500-mg-twice-a-day", "attributes": {"DrugName": "levetiracetam", "DrugDose": "500", "DoseUnit": "mg", "Frequency": "2", "CUIPhrase": "levetiracetam", "CUI": "C0377265"}}, {"entity": "Diagnosis", "start_index": "234", "end_index": "267", "text": "generalised-tonic-clonic-seizures", "attributes": {"DiagCategory": "MultipleSeizures", "Certainty": "5", "Negation": "Affirmed", "CUIPhrase": "generalised-tonic-clonic-seizures", "CUI": "C0494475"}}, {"entity": "SeizureFrequency", "start_index": "234", "end_index": "272", "text": "generalised-tonic-clonic-seizures-2014", "attributes": {"NumberOfSeizures": "2", "YearDate": "2014", "TimeSince_or_TimeOfEvent": "During", "CUIPhrase": "generalised-tonic-clonic-seizures", "CUI": "C0494475"}}, {"entity": "SeizureFrequency", "start_index": "274", "end_index": "295", "text": "absence-like-seizures", "attributes": {"NumberOfSeizures": "1", "YearDate": "2014", "TimeSince_or_TimeOfEvent": "During", "CUIPhrase": "absence-like-seizures", "CUI": "C0563606"}}, {"entity": "PatientHistory", "start_index": "274", "end_index": "295", "text": "absence-like-seizures", "attributes": {"YearDate": "2014", "Certainty": "5", "Negation": "Affirmed", "CUIPhrase": "absence-like-seizures", "CUI": "C0563606"}}, {"entity": "Investigations", "start_index": "318", "end_index": "333", "text": "MRI-2015-normal", "attributes": {"MRI_Performed": "Yes", "MRI_Results": "Normal", "CUIPhrase": "mri-normal", "CUI": "C0436481"}}, {"entity": "Investigations", "start_index": "335", "end_index": "350", "text": "EEG-2015-normal", "attributes": {"EEG_Performed": "Yes", "EEG_Results": "Normal", "CUIPhrase": "eeg-normal", "CUI": "C0560017"}}, {"entity": "SeizureFrequency", "start_index": "498", "end_index": "541", "text": "2-generalised-tonic-clonic-seizures-in-2014", "attributes": {"NumberOfSeizures": "2", "YearDate": "2014", "TimeSince_or_TimeOfEvent": "During", "CUIPhrase": "generalised-tonic-clonic-seizures", "CUI": "C0494475"}}, {"entity": "Diagnosis", "start_index": "500", "end_index": "533", "text": "generalised-tonic-clonic-seizures", "attributes": {"DiagCategory": "MultipleSeizures", "Certainty": "5", "Negation": "Affirmed", "CUIPhrase": "generalised-tonic-clonic-seizures", "CUI": "C0494475"}}, {"entity": "PatientHistory", "start_index": "643", "end_index": "666", "text": "\u201cabsence-like\u201d-episodes", "attributes": {"Certainty": "5", "Negation": "Affirmed", "CUIPhrase": "absence", "CUI": "C0563606"}}, {"entity": "PatientHistory", "start_index": "875", "end_index": "891", "text": "febrile-seizures", "attributes": {"Certainty": "5", "Negation": "Affirmed", "CUIPhrase": "febrile-seizures", "CUI": "C0009952"}}]