[{"entity": "PatientHistory", "start_index": "117", "end_index": "148", "text": "transient-loss-of-consciousness", "attributes": {"Certainty": "5", "Negation": "Affirmed", "CUIPhrase": "transient-loss-of-consciousness", "CUI": "C4087400"}}, {"entity": "Diagnosis", "start_index": "170", "end_index": "190", "text": "focal-onset-epilepsy", "attributes": {"CUIPhrase": "focal-onset-epilepsy", "DiagCategory": "Epilepsy", "Certainty": "4", "CUI": "C0014547", "Negation": "Affirmed"}}, {"entity": "PatientHistory", "start_index": "347", "end_index": "368", "text": "loss-of-consciousness", "attributes": {"CUIPhrase": "loss-of-consciousness", "CUI": "C0041657", "Certainty": "5", "Negation": "Affirmed"}}, {"entity": "Diagnosis", "start_index": "825", "end_index": "843", "text": "epileptic-seizures", "attributes": {"Negation": "Affirmed", "CUIPhrase": "epileptic-seizures", "CUI": "C4317109", "DiagCategory": "MultipleSeizures", "Certainty": "4"}}, {"entity": "Diagnosis", "start_index": "896", "end_index": "904", "text": "epilepsy", "attributes": {"Certainty": "4", "CUIPhrase": "epilepsy", "CUI": "C0014544", "DiagCategory": "Epilepsy", "Negation": "Affirmed"}}]