[{"entity": "Diagnosis", "start_index": "11", "end_index": "19", "text": "epilepsy", "attributes": {"DiagCategory": "Epilepsy", "Certainty": "5", "Negation": "Affirmed", "CUIPhrase": "epilepsy", "CUI": "C0014544"}}, {"entity": "Diagnosis", "start_index": "11", "end_index": "41", "text": "epilepsy,-probably-generalised", "attributes": {"DiagCategory": "Epilepsy", "Certainty": "4", "Negation": "Affirmed", "CUIPhrase": "generalised-epilepsy", "CUI": "C0014548"}}, {"entity": "Diagnosis", "start_index": "42", "end_index": "95", "text": "Epilepsy-with-generalised-tonic-clonic-seizures-alone", "attributes": {"DiagCategory": "Epilepsy", "Certainty": "5", "Negation": "Affirmed", "CUIPhrase": "epilepsy-with-generalised-tonic-clonic-seizures-alone", "CUI": "C0393697"}}, {"entity": "Prescription", "start_index": "97", "end_index": "166", "text": "Current-antiepileptic-medication:-sodium-valproate-(epilim)-400-mg-BD", "attributes": {"DrugName": "sodium-valproate", "DrugDose": "400", "DoseUnit": "mg", "Frequency": "2", "CUIPhrase": "sodium-valproate", "CUI": "C0037567"}}, {"entity": "Diagnosis", "start_index": "196", "end_index": "229", "text": "generalised-tonic-clonic-seizures", "attributes": {"DiagCategory": "MultipleSeizures", "Certainty": "5", "Negation": "Affirmed", "CUIPhrase": "generalised-tonic-clonic-seizures", "CUI": "C0494475"}}, {"entity": "SeizureFrequency", "start_index": "196", "end_index": "259", "text": "generalised-tonic-clonic-seizures,-last-seizure-four-years-ago.", "attributes": {"NumberOfSeizures": "0", "TimePeriod": "Year", "NumberOfTimePeriods": "4", "CUIPhrase": "generalised-tonic-clonic-seizures", "CUI": "C0494475"}}, {"entity": "PatientHistory", "start_index": "236", "end_index": "243", "text": "seizure", "attributes": {"Certainty": "5", "Negation": "Affirmed", "CUIPhrase": "seizure", "CUI": "C0036572"}}, {"entity": "Diagnosis", "start_index": "346", "end_index": "378", "text": "she\u2019s-got-long-standing-epilepsy", "attributes": {"DiagCategory": "Epilepsy", "Certainty": "5", "Negation": "Affirmed", "CUIPhrase": "epilepsy", "CUI": "C0014544"}}, {"entity": "Investigations", "start_index": "521", "end_index": "524", "text": "MRI", "attributes": {"MRI_Performed": "Yes", "MRI_Results": "Normal", "CUIPhrase": "normal-mri", "CUI": "C0436481"}}, {"entity": "Diagnosis", "start_index": "789", "end_index": "801", "text": "her-epilepsy", "attributes": {"DiagCategory": "Epilepsy", "Certainty": "5", "Negation": "Affirmed", "CUIPhrase": "epilepsy", "CUI": "C0014544"}}]