[{"entity": "PatientHistory", "start_index": "140", "end_index": "151", "text": "lobe-damage", "attributes": {"Certainty": "5", "Negation": "Affirmed", "CUIPhrase": "lobe-damage", "CUI": "C1456496"}}, {"entity": "PatientHistory", "start_index": "351", "end_index": "358", "text": "seizure", "attributes": {"Certainty": "5", "Negation": "Affirmed", "CUIPhrase": "seizure", "CUI": "C0036572"}}, {"entity": "SeizureFrequency", "start_index": "794", "end_index": "801", "text": "seizure", "attributes": {"FrequencyChange": "Increased", "CUIPhrase": "seizure", "CUI": "C0036572"}}, {"entity": "Diagnosis", "start_index": "1151", "end_index": "1159", "text": "epilepsy", "attributes": {"CUIPhrase": "epilepsy", "DiagCategory": "Epilepsy", "Negation": "Affirmed", "Certainty": "5", "CUI": "C0014544"}}, {"entity": "SeizureFrequency", "start_index": "281", "end_index": "311", "text": "Focal-onset-convulsive-seizure", "attributes": {"NumberOfSeizures": "0", "YearDate": "2019", "CUI": "C0877017", "MonthDate": "4", "CUIPhrase": "focal-to-bilateral-convulsive-seizure"}}, {"entity": "SeizureFrequency", "start_index": "630", "end_index": "636", "text": "seizur", "attributes": {"TimeSince_or_TimeOfEvent": "During", "NumberOfSeizures": "1", "MonthDate": "9", "CUIPhrase": "seizure", "CUI": "C0036572"}}, {"entity": "Diagnosis", "start_index": "281", "end_index": "311", "text": "Focal-onset-convulsive-seizure", "attributes": {"DiagCategory": "MultipleSeizures", "Certainty": "5", "CUIPhrase": "focal-to-bilateral-convulsive-seizure", "CUI": "C0877017", "Negation": "Affirmed"}}, {"entity": "PatientHistory", "start_index": "794", "end_index": "801", "text": "seizure", "attributes": {"CUIPhrase": "seizure", "Certainty": "5", "CUI": "C0036572", "Negation": "Affirmed"}}, {"entity": "PatientHistory", "start_index": "630", "end_index": "637", "text": "seizure", "attributes": {"CUIPhrase": "seizure", "CUI": "C0036572", "Negation": "Affirmed", "Certainty": "4"}}, {"entity": "Prescription", "start_index": "198", "end_index": "250", "text": "Lamotrigine-100mg-bd-(to-increase-as-detailed-below)", "attributes": {"CUIPhrase": "lamotrigine", "CUI": "C0064636", "DrugDose": "100", "Frequency": "2", "DoseUnit": "mg", "DrugName": "lamotrigine"}}, {"entity": "SeizureFrequency", "start_index": "351", "end_index": "359", "text": "seizure-", "attributes": {"YearDate": "2019", "CUIPhrase": "seizure", "NumberOfSeizures": "0", "TimeSince_or_TimeOfEvent": "Since", "CUI": "C0036572", "MonthDate": "09"}}, {"entity": "PatientHistory", "start_index": "154", "end_index": "161", "text": "Anxiety", "attributes": {"Negation": "Affirmed", "CUIPhrase": "anxiety", "Certainty": "5", "CUI": "C0003467"}}, {"entity": "Diagnosis", "start_index": "96", "end_index": "116", "text": "Focal-onset-epilepsy", "attributes": {"Certainty": "5", "Negation": "Affirmed", "DiagCategory": "Epilepsy", "CUIPhrase": "focal-onset-epilepsy", "CUI": "C0014547"}}, {"entity": "PatientHistory", "start_index": "949", "end_index": "956", "text": "anxiety", "attributes": {"CUI": "C0003467", "Certainty": "5", "CUIPhrase": "anxiety", "Negation": "Affirmed"}}]