[{"entity": "PatientHistory", "start_index": "697", "end_index": "706", "text": "seizures-", "attributes": {"Certainty": "3", "Negation": "Affirmed", "CUIPhrase": "seizures", "CUI": "C0036572"}}, {"entity": "BirthHistory", "start_index": "786", "end_index": "799", "text": "born-normally", "attributes": {"Certainty": "5", "Negation": "Affirmed", "CUIPhrase": "born-normally", "CUI": "C3665337"}}, {"entity": "Investigations", "start_index": "1002", "end_index": "1004", "text": "CT", "attributes": {"CT_Performed": "Yes", "CT_Results": "Unknown", "CUIPhrase": "ct-unknown", "CUI": "C3515741"}}, {"entity": "Diagnosis", "start_index": "1181", "end_index": "1189", "text": "epilepsy", "attributes": {"DiagCategory": "Epilepsy", "Certainty": "4", "Negation": "Affirmed", "CUIPhrase": "epilepsy", "CUI": "C0014544"}}]