[{"entity": "PatientHistory", "start_index": "232", "end_index": "250", "text": "-altered-awareness", "attributes": {"Certainty": "5", "Negation": "Affirmed", "CUIPhrase": "altered-awareness-and-consciousness", "CUI": "C0234428"}}, {"entity": "Investigations", "start_index": "1064", "end_index": "1067", "text": "MRI", "attributes": {"MRI_Performed": "Yes", "CUIPhrase": "mri-normal", "CUI": "C0436481", "MRI_Results": "Normal"}}, {"entity": "Investigations", "start_index": "1087", "end_index": "1090", "text": "EEG", "attributes": {"CUI": "C0560017", "EEG_Performed": "Yes", "CUIPhrase": "eeg-normal", "EEG_Results": "Normal"}}, {"entity": "BirthHistory", "start_index": "874", "end_index": "887", "text": "born-normally", "attributes": {"Negation": "Affirmed", "Certainty": "5", "CUIPhrase": "born-normally", "CUI": "C3665337"}}, {"entity": "PatientHistory", "start_index": "282", "end_index": "303", "text": "dissociative-seizures", "attributes": {"CUIPhrase": "dissociative-seizures", "Negation": "Affirmed", "Certainty": "4", "CUI": "C0349245"}}, {"entity": "PatientHistory", "start_index": "995", "end_index": "1003", "text": "migraine", "attributes": {"Certainty": "5", "CUIPhrase": "migraine", "CUI": "C0149931", "Negation": "Affirmed"}}, {"entity": "PatientHistory", "start_index": "336", "end_index": "343", "text": "anxiety", "attributes": {"Certainty": "5", "CUI": "C0003467", "CUIPhrase": "anxiety", "Negation": "Affirmed"}}, {"entity": "PatientHistory", "start_index": "1248", "end_index": "1269", "text": "dissociative-seizures", "attributes": {"Negation": "Affirmed", "CUIPhrase": "dissociative-seizures", "CUI": "C0349245", "Certainty": "4"}}, {"entity": "PatientHistory", "start_index": "907", "end_index": "922", "text": "ebrile-seizures", "attributes": {"Certainty": "1", "CUI": "C0009952", "Negation": "Negated", "CUIPhrase": "febrile-seizures"}}, {"entity": "PatientHistory", "start_index": "414", "end_index": "426", "text": "seizure-like", "attributes": {"CUIPhrase": "seizure-like-events", "Certainty": "5", "Negation": "Affirmed", "NumberOfTimePeriods": "1", "CUI": "C0748601", "TimePeriod": "Year"}}]