[{"entity": "Prescription", "start_index": "193", "end_index": "216", "text": "\u00b7-Brivaracetam-50mgs-bd", "attributes": {"CUIPhrase": "brivaracetam", "DrugName": "brivaracetam", "DrugDose": "50", "CUI": "C1699861", "Frequency": "2", "DoseUnit": "mg"}}, {"entity": "Diagnosis", "start_index": "165", "end_index": "179", "text": "Focal-epilepsy", "attributes": {"CUI": "C0014547", "CUIPhrase": "focal-epilepsy", "Negation": "Affirmed", "DiagCategory": "Epilepsy", "Certainty": "5"}}, {"entity": "PatientHistory", "start_index": "959", "end_index": "967", "text": "seizures", "attributes": {"CUI": "C0036572", "CUIPhrase": "seizures", "Certainty": "5", "Negation": "Affirmed"}}, {"entity": "SeizureFrequency", "start_index": "293", "end_index": "305", "text": "seizure-free", "attributes": {"CUIPhrase": "seizure-free", "CUI": "C1299590", "TimeSince_or_TimeOfEvent": "Since", "NumberOfSeizures": "0", "PointInTime": "DrugChange"}}]