[{"entity": "Diagnosis", "start_index": "164", "end_index": "178", "text": "focal-epilepsy", "attributes": {"DiagCategory": "Epilepsy", "Certainty": "5", "Negation": "Affirmed", "CUIPhrase": "focal-epilepsy", "CUI": "C0014547"}}, {"entity": "Diagnosis", "start_index": "164", "end_index": "197", "text": "focal-epilepsy,-probable-parietal", "attributes": {"DiagCategory": "Epilepsy", "Certainty": "4", "Negation": "Affirmed", "CUIPhrase": "parietal-lobe-epilepsy", "CUI": "C0393690"}}, {"entity": "Diagnosis", "start_index": "233", "end_index": "270", "text": "-focal-seizures-with-altered-awarenes", "attributes": {"DiagCategory": "MultipleSeizures", "Certainty": "5", "Negation": "Affirmed", "CUIPhrase": "focal-seizures-with-altered-awareness", "CUI": "C0270834"}}, {"entity": "SeizureFrequency", "start_index": "234", "end_index": "271", "text": "focal-seizures-with-altered-awareness", "attributes": {"NumberOfSeizures": "0", "TimePeriod": "Year", "NumberOfTimePeriods": "3", "CUIPhrase": "focal-seizures-with-altered-awareness", "CUI": "C0270834"}}, {"entity": "Diagnosis", "start_index": "320", "end_index": "347", "text": "focal-to-bilateral-seizures", "attributes": {"DiagCategory": "MultipleSeizures", "Certainty": "5", "Negation": "Affirmed", "CUIPhrase": "focal-to-bilateral-convulsive-seizures", "CUI": "C0877017"}}, {"entity": "SeizureFrequency", "start_index": "320", "end_index": "346", "text": "focal-to-bilateral-seizure", "attributes": {"NumberOfSeizures": "0", "TimePeriod": "Year", "NumberOfTimePeriods": "10", "CUIPhrase": "focal-to-bilateral-convulsive-seizure", "CUI": "C0877017"}}, {"entity": "Prescription", "start_index": "429", "end_index": "449", "text": "lamtorigine-250mg-bd", "attributes": {"DrugName": "Lamotrigine", "DrugDose": "250", "DoseUnit": "mg", "Frequency": "2", "CUIPhrase": "lamotrigine", "CUI": "C0064636"}}, {"entity": "Investigations", "start_index": "546", "end_index": "549", "text": "MRI", "attributes": {"MRI_Performed": "Yes", "MRI_Results": "Abnormal", "CUIPhrase": "abnormal-mri", "CUI": "C1319851"}}, {"entity": "PatientHistory", "start_index": "572", "end_index": "590", "text": "cortical-dysplasia", "attributes": {"Certainty": "5", "Negation": "Affirmed", "CUIPhrase": "cortical-dysplasia", "CUI": "C0431380"}}, {"entity": "Diagnosis", "start_index": "820", "end_index": "828", "text": "epilepsy", "attributes": {"DiagCategory": "Epilepsy", "Certainty": "5", "Negation": "Affirmed", "CUIPhrase": "epilepsy", "CUI": "C0014544"}}, {"entity": "Onset", "start_index": "820", "end_index": "828", "text": "epilepsy", "attributes": {"AgeUnit": "Year", "Age": "10", "Certainty": "5", "Negation": "Affirmed", "CUIPhrase": "epilepsy", "CUI": "C0014544"}}, {"entity": "PatientHistory", "start_index": "872", "end_index": "887", "text": "febrile-seizure", "attributes": {"AgeUnit": "Year", "Age": "3", "Certainty": "5", "Negation": "Affirmed", "CUIPhrase": "febrile-seizure", "CUI": "C0009952"}}, {"entity": "PatientHistory", "start_index": "925", "end_index": "933", "text": "migraine", "attributes": {"Certainty": "5", "Negation": "Affirmed", "CUIPhrase": "migraine", "CUI": "C0149931"}}, {"entity": "PatientHistory", "start_index": "1054", "end_index": "1062", "text": "seizures", "attributes": {"Certainty": "5", "Negation": "Affirmed", "CUIPhrase": "seizures", "CUI": "C0036572"}}, {"entity": "PatientHistory", "start_index": "1206", "end_index": "1214", "text": "seizures", "attributes": {"Certainty": "5", "Negation": "Affirmed", "CUIPhrase": "seizures", "CUI": "C0036572"}}, {"entity": "Investigations", "start_index": "1527", "end_index": "1531", "text": "MRI-", "attributes": {"MRI_Performed": "Yes", "MRI_Results": "Abnormal", "CUIPhrase": "mri-abnormal", "CUI": "C1319851"}}]