[{"entity": "SeizureFrequency", "start_index": "288", "end_index": "296", "text": "seizures", "attributes": {"TimeSince_or_TimeOfEvent": "Since", "CUI": "C0036572", "PointInTime": "LastClinic", "CUIPhrase": "seizures", "NumberOfSeizures": "0"}}, {"entity": "SeizureFrequency", "start_index": "145", "end_index": "159", "text": "focal-seziures", "attributes": {"CUIPhrase": "focal-seizures", "CUI": "C0751495", "FrequencyChange": "Infrequent"}}, {"entity": "Diagnosis", "start_index": "145", "end_index": "159", "text": "focal-seziures", "attributes": {"CUI": "C0751495", "CUIPhrase": "focal-seizures", "Certainty": "5", "DiagCategory": "MultipleSeizures", "Negation": "Affirmed"}}]