[{"entity": "Prescription", "start_index": "171", "end_index": "205", "text": "Medication:-Carbamazepine-100mg-am", "attributes": {"CUIPhrase": "carbamazepine", "DrugName": "carbamazepine", "DrugDose": "100", "CUI": "C0006949", "DoseUnit": "mg", "Frequency": "1"}}, {"entity": "Prescription", "start_index": "183", "end_index": "196", "text": "Carbamazepine", "attributes": {"CUI": "C0006949", "DrugName": "Carbamazepine", "CUIPhrase": "carbamazepine", "Frequency": "1", "DrugDose": "200", "DoseUnit": "mg"}}, {"entity": "Diagnosis", "start_index": "147", "end_index": "168", "text": "Frontal-lobe-epilepsy", "attributes": {"CUIPhrase": "frontal-lobe-epilepsy", "Certainty": "5", "Negation": "Affirmed", "DiagCategory": "Epilepsy", "CUI": "C0085541"}}, {"entity": "SeizureFrequency", "start_index": "311", "end_index": "324", "text": "-seizure-free", "attributes": {"NumberOfSeizures": "0", "MonthDate": "12", "TimeSince_or_TimeOfEvent": "Since", "CUIPhrase": "seizure-free", "CUI": "C1299590"}}]