[{"entity": "Prescription", "start_index": "401", "end_index": "418", "text": "Tegretol-400mg-bd", "attributes": {"Frequency": "2", "DrugDose": "400", "DoseUnit": "mg", "DrugName": "tegretol", "CUIPhrase": "tegretol", "CUI": "C0700087"}}, {"entity": "SeizureFrequency", "start_index": "240", "end_index": "248", "text": "seizures", "attributes": {"NumberOfTimePeriods": "7", "TimePeriod": "Month", "NumberOfSeizures": "0", "CUI": "C0036572", "CUIPhrase": "seizures"}}, {"entity": "Prescription", "start_index": "364", "end_index": "377", "text": "Levetiracetam", "attributes": {"DrugDose": "1250", "DrugName": "Levetiracetam", "CUIPhrase": "levetiracetam", "CUI": "C0377265", "DoseUnit": "mg", "Frequency": "2"}}]