[{"entity": "PatientHistory", "start_index": "1243", "end_index": "1251", "text": "seizures", "attributes": {"CUI": "C0036572", "Negation": "Affirmed", "CUIPhrase": "seizures", "Certainty": "5"}}, {"entity": "Diagnosis", "start_index": "161", "end_index": "169", "text": "Epilepsy", "attributes": {"CUI": "C0014544", "Certainty": "5", "Negation": "Affirmed", "DiagCategory": "Epilepsy", "CUIPhrase": "epilepsy"}}, {"entity": "Diagnosis", "start_index": "213", "end_index": "242", "text": "Bilateral-convulsive-seizures", "attributes": {"DiagCategory": "MultipleSeizures", "Certainty": "5", "CUIPhrase": "bilateral-convulsive-seizures", "CUI": "C0877017", "Negation": "Affirmed"}}, {"entity": "SeizureFrequency", "start_index": "1353", "end_index": "1361", "text": "seizures", "attributes": {"FrequencyChange": "Infrequent", "CUIPhrase": "seizures", "CUI": "C0036572"}}, {"entity": "SeizureFrequency", "start_index": "1353", "end_index": "1361", "text": "seizures", "attributes": {"LowerNumberOfSeizures": "1", "UpperNumberOfSeizures": "2", "TimePeriod": "Year", "NumberOfTimePeriods": "1", "TimeSince_or_TimeOfEvent": "During", "CUIPhrase": "seizures", "CUI": "C0036572"}}, {"entity": "PatientHistory", "start_index": "1421", "end_index": "1431", "text": "depression", "attributes": {"Certainty": "5", "CUI": "C0011570", "CUIPhrase": "depression", "Negation": "Affirmed"}}, {"entity": "PatientHistory", "start_index": "1353", "end_index": "1361", "text": "seizures", "attributes": {"CUIPhrase": "seizures", "Negation": "Affirmed", "CUI": "C0036572", "Certainty": "5"}}, {"entity": "Diagnosis", "start_index": "1177", "end_index": "1206", "text": "convulsive-epileptic-seizures", "attributes": {"DiagCategory": "MultipleSeizures", "Certainty": "5", "CUIPhrase": "epileptic", "CUI": "C0014544", "Negation": "Affirmed"}}, {"entity": "PatientHistory", "start_index": "672", "end_index": "679", "text": "seizure", "attributes": {"CUIPhrase": "seizures", "Negation": "Affirmed", "Age": "22", "Certainty": "5", "AgeUnit": "Year", "CUI": "C0036572"}}, {"entity": "Investigations", "start_index": "439", "end_index": "442", "text": "MRI", "attributes": {"MRI_Performed": "Yes", "MRI_Results": "Abnormal", "CUI": "C1319851", "CUIPhrase": "abnormal-mri"}}, {"entity": "Prescription", "start_index": "305", "end_index": "365", "text": "Lamotrigine-75mg-twice-a-day-(to-increase-as-detailed-below)", "attributes": {"Frequency": "2", "DoseUnit": "mg", "CUIPhrase": "lamotrigine", "DrugName": "lamotrigine", "DrugDose": "75", "CUI": "C0064636"}}, {"entity": "Investigations", "start_index": "499", "end_index": "502", "text": "EEG", "attributes": {"CUIPhrase": "eeg-unknown", "CUI": "C0013819", "EEG_Performed": "Yes", "EEG_Results": "Unknown"}}, {"entity": "SeizureFrequency", "start_index": "213", "end_index": "242", "text": "Bilateral-convulsive-seizures", "attributes": {"NumberOfSeizures": "0", "TimePeriod": "Week", "CUI": "C0877017", "CUIPhrase": "bilateral-convulsive-seizures", "NumberOfTimePeriods": "2"}}, {"entity": "PatientHistory", "start_index": "1666", "end_index": "1682", "text": "febrile-seizures", "attributes": {"AgeUnit": "Year", "AgeLower": "3", "AgeUpper": "4", "Certainty": "5", "Negation": "Affirmed", "CUIPhrase": "febrile-seizures", "CUI": "C0009952"}}, {"entity": "PatientHistory", "start_index": "1721", "end_index": "1732", "text": "head-injury", "attributes": {"Negation": "Affirmed", "CUI": "C0497301", "AgeUnit": "Year", "CUIPhrase": "head-injury", "Certainty": "5", "Age": "8"}}]