[{"entity": "Diagnosis", "start_index": "187", "end_index": "218", "text": "Symptomatic-structural-epilepsy", "attributes": {"DiagCategory": "Epilepsy", "Certainty": "5", "Negation": "Affirmed", "CUIPhrase": "symptomatic-structural-focal-epilepsy", "CUI": "C0472349"}}, {"entity": "PatientHistory", "start_index": "259", "end_index": "269", "text": "meningitis", "attributes": {"Certainty": "5", "Negation": "Affirmed", "CUIPhrase": "meningitis", "CUI": "C0025289"}}, {"entity": "EpilepsyCause", "start_index": "259", "end_index": "269", "text": "meningitis", "attributes": {"Certainty": "4", "Negation": "Affirmed", "CUIPhrase": "meningitis", "CUI": "C0025289"}}, {"entity": "PatientHistory", "start_index": "273", "end_index": "294", "text": "learning-difficulties", "attributes": {"Certainty": "5", "Negation": "Affirmed", "CUIPhrase": "learning-difficulties", "CUI": "C0424939"}}, {"entity": "Prescription", "start_index": "308", "end_index": "340", "text": "Brivaracetam--1000mg-twice-daily", "attributes": {"DrugName": "brivaracetam", "DrugDose": "1000", "DoseUnit": "mg", "Frequency": "2", "CUIPhrase": "brivaracetam", "CUI": "C1699861"}}, {"entity": "Prescription", "start_index": "343", "end_index": "363", "text": "Lamotrigine-200mg-bd", "attributes": {"DrugName": "lamotrigine", "DrugDose": "200", "DoseUnit": "mg", "Frequency": "2", "CUIPhrase": "lamotrigine", "CUI": "C0064636"}}, {"entity": "Diagnosis", "start_index": "393", "end_index": "431", "text": "focal-to-bilateral-convulsive-seizures", "attributes": {"DiagCategory": "MultipleSeizures", "Certainty": "5", "Negation": "Affirmed", "CUIPhrase": "focal-to-bilateral-convulsive-seizures", "CUI": "C0877017"}}, {"entity": "SeizureFrequency", "start_index": "393", "end_index": "431", "text": "focal-to-bilateral-convulsive-seizures", "attributes": {"NumberOfSeizures": "0", "YearDate": "2015", "TimeSince_or_TimeOfEvent": "Since", "CUIPhrase": "focal-to-bilateral-convulsive-seizures", "CUI": "C0877017"}}, {"entity": "Diagnosis", "start_index": "449", "end_index": "486", "text": "Focal-seizures-with-altered-awareness", "attributes": {"DiagCategory": "MultipleSeizures", "Certainty": "5", "Negation": "Affirmed", "CUIPhrase": "focal-seizures-with-altered-awareness", "CUI": "C0270834"}}, {"entity": "SeizureFrequency", "start_index": "449", "end_index": "486", "text": "Focal-seizures-with-altered-awareness", "attributes": {"NumberOfSeizures": "0", "YearDate": "2017", "TimeSince_or_TimeOfEvent": "Since", "CUIPhrase": "focal-seizures-with-altered-awareness", "CUI": "C0270834"}}, {"entity": "Investigations", "start_index": "521", "end_index": "524", "text": "MRI", "attributes": {"MRI_Performed": "Yes", "MRI_Results": "Abnormal", "CUIPhrase": "abnormal-mri", "CUI": "C1319851"}}, {"entity": "PatientHistory", "start_index": "546", "end_index": "559", "text": "brain-atrophy", "attributes": {"Certainty": "5", "Negation": "Affirmed", "CUIPhrase": "brain-atrophy", "CUI": "C0235946"}}, {"entity": "Investigations", "start_index": "596", "end_index": "599", "text": "EEG", "attributes": {"EEG_Performed": "Yes", "EEG_Results": "Abnormal", "CUIPhrase": "abnormal-eeg", "CUI": "C0151611"}}, {"entity": "PatientHistory", "start_index": "907", "end_index": "916", "text": "-sseizure", "attributes": {"Certainty": "5", "Negation": "Affirmed", "CUIPhrase": "seizure", "CUI": "C0036572"}}, {"entity": "SeizureFrequency", "start_index": "909", "end_index": "918", "text": "seizures-", "attributes": {"FrequencyChange": "Infrequent", "CUIPhrase": "seizures", "CUI": "C0036572"}}]