[{"entity": "Diagnosis", "start_index": "219", "end_index": "252", "text": "generalised-tonic-clonic-seizures", "attributes": {"CUI": "C0494475", "CUIPhrase": "generalised-tonic-clonic-seizures", "Negation": "Affirmed", "DiagCategory": "MultipleSeizures", "Certainty": "5"}}, {"entity": "Prescription", "start_index": "292", "end_index": "314", "text": "Carbamazepine-600mg-bd", "attributes": {"CUI": "C0006949", "DoseUnit": "mg", "DrugName": "carbamazepine", "CUIPhrase": "carbamazepine", "DrugDose": "600", "Frequency": "2"}}, {"entity": "Diagnosis", "start_index": "193", "end_index": "213", "text": "intractable-epilepsy", "attributes": {"DiagCategory": "Epilepsy", "CUIPhrase": "intractable-epilepsy", "Negation": "Affirmed", "Certainty": "5", "CUI": "C1096063"}}, {"entity": "Prescription", "start_index": "266", "end_index": "289", "text": "Levetiracetam-1250mg-bd", "attributes": {"CUI": "C0377265", "DrugName": "levetiracetam", "Frequency": "2", "DrugDose": "1250", "DoseUnit": "mg", "CUIPhrase": "levetiracetam"}}, {"entity": "SeizureFrequency", "start_index": "350", "end_index": "382", "text": "generalised-tonic-clonic-seizure", "attributes": {"NumberOfSeizures": "1", "TimePeriod": "Month", "CUIPhrase": "generalised-tonic-clonic-seizure", "CUI": "C0494475", "NumberOfTimePeriods": "2"}}, {"entity": "Diagnosis", "start_index": "350", "end_index": "382", "text": "generalised-tonic-clonic-seizure", "attributes": {"Certainty": "5", "CUIPhrase": "generalised-tonic-clonic-seizure", "Negation": "Affirmed", "DiagCategory": "MultipleSeizures", "CUI": "C0494475"}}]