[{"entity": "PatientHistory", "start_index": "60", "end_index": "85", "text": "sub-arachnoid-haemorrhage", "attributes": {"TimePeriod": "Year", "NumberOfTimePeriods": "12", "Certainty": "5", "Negation": "Affirmed", "CUIPhrase": "subarachnoid-haemorrhage", "CUI": "C0038525"}}, {"entity": "Diagnosis", "start_index": "146", "end_index": "155", "text": "epileptic", "attributes": {"DiagCategory": "MultipleSeizures", "Certainty": "5", "Negation": "Affirmed", "CUIPhrase": "epileptic-attack", "CUI": "C0014544"}}, {"entity": "Prescription", "start_index": "227", "end_index": "269", "text": "Currently-she-is-taking-Tegretol-500-mg-BD", "attributes": {"DrugName": "tegretol", "DrugDose": "500", "DoseUnit": "mg", "Frequency": "2", "CUIPhrase": "tegretol", "CUI": "C0700087"}}, {"entity": "Prescription", "start_index": "274", "end_index": "297", "text": "levetiracetam-250-mg-BD", "attributes": {"DrugName": "levetiracetam", "DrugDose": "250", "DoseUnit": "mg", "Frequency": "2", "CUIPhrase": "levetiracetam", "CUI": "C0377265"}}, {"entity": "PatientHistory", "start_index": "330", "end_index": "341", "text": "depression-", "attributes": {"Certainty": "5", "Negation": "Affirmed", "CUIPhrase": "depression", "CUI": "C0011570"}}]