[{"entity": "SeizureFrequency", "start_index": "642", "end_index": "674", "text": "generalised-tonic-clinic-seizure", "attributes": {"CUI": "C0494475", "CUIPhrase": "generalised", "FrequencyChange": "Increased"}}, {"entity": "Diagnosis", "start_index": "642", "end_index": "675", "text": "generalised-tonic-clinic-seizures", "attributes": {"CUIPhrase": "generalised-tonic-clonic-seizures", "Certainty": "5", "Negation": "Affirmed", "CUI": "C0494475", "DiagCategory": "MultipleSeizures"}}, {"entity": "Diagnosis", "start_index": "143", "end_index": "170", "text": "Juvenile-myoclonic-epilepsy", "attributes": {"Negation": "Affirmed", "Certainty": "5", "CUI": "C0270853", "CUIPhrase": "juvenile-myoclonic-epilepsy", "DiagCategory": "Epilepsy"}}, {"entity": "Prescription", "start_index": "225", "end_index": "244", "text": "Lamotrigine-50mg-am", "attributes": {"DrugDose": "50", "DoseUnit": "mg", "CUI": "C0064636", "CUIPhrase": "lamotrigine", "Frequency": "1", "DrugName": "lamotrigine"}}, {"entity": "SeizureFrequency", "start_index": "450", "end_index": "465", "text": "myoclonic-jerks", "attributes": {"CUI": "C0027066", "CUIPhrase": "myoclonic-jerks", "NumberOfSeizures": "1", "NumberOfTimePeriods": "1", "TimePeriod": "Week"}}, {"entity": "Diagnosis", "start_index": "971", "end_index": "1003", "text": "generalised-tonic-clonic-seizure", "attributes": {"CUIPhrase": "generalised-tonic-clonic-seizure", "Negation": "Affirmed", "CUI": "C0494475", "Certainty": "5", "DiagCategory": "MultipleSeizures"}}, {"entity": "Prescription", "start_index": "225", "end_index": "236", "text": "Lamotrigine", "attributes": {"CUIPhrase": "lamotrigine", "DrugName": "Lamotrigine", "DoseUnit": "mg", "CUI": "C0064636", "Frequency": "1", "DrugDose": "75"}}, {"entity": "Prescription", "start_index": "173", "end_index": "222", "text": "Medication:-Levetiracetam-1500mg-bd-(60mg/kg/day)", "attributes": {"DrugDose": "1500", "Frequency": "2", "DoseUnit": "mg", "CUIPhrase": "levetiracetam", "DrugName": "levetiracetam", "CUI": "C0377265"}}, {"entity": "SeizureFrequency", "start_index": "642", "end_index": "675", "text": "generalised-tonic-clinic-seizures", "attributes": {"CUIPhrase": "generalised-tonic-clonic-seizures", "CUI": "C0494475", "NumberOfSeizures": "4", "NumberOfTimePeriods": "3", "TimePeriod": "Week"}}, {"entity": "PatientHistory", "start_index": "450", "end_index": "465", "text": "myoclonic-jerks", "attributes": {"Certainty": "5", "Negation": "Affirmed", "CUIPhrase": "myoclonic-jerks", "CUI": "C0027066"}}]