[{"entity": "Diagnosis", "start_index": "92", "end_index": "116", "text": "complex-partial-seizures", "attributes": {"DiagCategory": "MultipleSeizures", "Certainty": "5", "Negation": "Affirmed", "CUIPhrase": "complex-partial-seizures", "CUI": "C0149958"}}, {"entity": "Diagnosis", "start_index": "117", "end_index": "160", "text": "Secondary-generalised-tonic-clonic-seizures", "attributes": {"DiagCategory": "MultipleSeizures", "Certainty": "5", "Negation": "Affirmed", "CUIPhrase": "secondary-generalised-tonic-clonic-seizures", "CUI": "C0877017"}}, {"entity": "PatientHistory", "start_index": "161", "end_index": "201", "text": "Psychogenic-nonepileptic-attack-disorder", "attributes": {"Certainty": "5", "Negation": "Affirmed", "CUIPhrase": "non-epileptic", "CUI": "C1142430"}}, {"entity": "PatientHistory", "start_index": "202", "end_index": "210", "text": "Diabetes", "attributes": {"Certainty": "5", "Negation": "Affirmed", "CUIPhrase": "diabetes", "CUI": "C0011849"}}, {"entity": "Prescription", "start_index": "248", "end_index": "261", "text": "Carbamazepine", "attributes": {"DrugName": "Carbamazepine", "DrugDose": "400", "DoseUnit": "mg", "Frequency": "1", "CUIPhrase": "carbamazepine", "CUI": "C0006949"}}, {"entity": "Prescription", "start_index": "248", "end_index": "267", "text": "Carbamazepine-400mg", "attributes": {"DrugName": "Carbamazepine", "DrugDose": "400", "DoseUnit": "mg", "Frequency": "1", "CUIPhrase": "carbamazepine", "CUI": "C0006949"}}, {"entity": "Prescription", "start_index": "248", "end_index": "280", "text": "Carbamazepine-400mg/400-mg/200mg", "attributes": {"DrugName": "Carbamazepine", "DrugDose": "200", "DoseUnit": "mg", "Frequency": "1", "CUIPhrase": "carbamazepine", "CUI": "C0006949"}}, {"entity": "Prescription", "start_index": "281", "end_index": "309", "text": "Zonisamide-50-mg-twice-a-day", "attributes": {"DrugName": "zonisamide", "DrugDose": "50", "DoseUnit": "mg", "Frequency": "2", "CUIPhrase": "zonisamide", "CUI": "C0078844"}}, {"entity": "Prescription", "start_index": "310", "end_index": "327", "text": "Clobazam-10-mg-BD", "attributes": {"DrugName": "clobazam", "DrugDose": "10", "DoseUnit": "mg", "Frequency": "2", "CUIPhrase": "clobazam", "CUI": "C0055891"}}, {"entity": "Diagnosis", "start_index": "400", "end_index": "433", "text": "generalised-tonic-chronic-seizure", "attributes": {"DiagCategory": "SingleSeizure", "Certainty": "5", "Negation": "Affirmed", "CUIPhrase": "generalised-tonic-clonic-seizure", "CUI": "C0494475"}}, {"entity": "SeizureFrequency", "start_index": "400", "end_index": "433", "text": "generalised-tonic-chronic-seizure", "attributes": {"NumberOfSeizures": "1", "TimePeriod": "Year", "NumberOfTimePeriods": "1", "CUIPhrase": "generalised-tonic-clonic-seizure", "CUI": "C0494475"}}]