[{"entity": "PatientHistory", "start_index": "340", "end_index": "348", "text": "seizure-", "attributes": {"CUI": "C0036572", "Certainty": "5", "CUIPhrase": "seizure", "Negation": "Affirmed"}}, {"entity": "Diagnosis", "start_index": "145", "end_index": "159", "text": "Focal-epilepsy", "attributes": {"Certainty": "5", "Negation": "Affirmed", "CUI": "C0014547", "CUIPhrase": "focal-epilepsy", "DiagCategory": "Epilepsy"}}, {"entity": "Investigations", "start_index": "1083", "end_index": "1086", "text": "MRI", "attributes": {"CUIPhrase": "normal-mri", "CUI": "C0436481", "MRI_Results": "Normal", "MRI_Performed": "Yes"}}, {"entity": "PatientHistory", "start_index": "1176", "end_index": "1183", "text": "seizure", "attributes": {"Certainty": "5", "Negation": "Affirmed", "CUIPhrase": "seizure", "CUI": "C0036572"}}]