[{"entity": "Diagnosis", "start_index": "83", "end_index": "110", "text": "juvenile-myoclonic-epilepsy", "attributes": {"DiagCategory": "Epilepsy", "Certainty": "4", "Negation": "Affirmed", "CUIPhrase": "juvenile-myoclonic-epilepsy", "CUI": "C0270853"}}, {"entity": "Prescription", "start_index": "111", "end_index": "152", "text": "Medication:-Topiramate-100-mg-twice-a-day", "attributes": {"DrugName": "topiramate", "DrugDose": "100", "DoseUnit": "mg", "Frequency": "2", "CUIPhrase": "topiramate", "CUI": "C0076829"}}, {"entity": "Prescription", "start_index": "153", "end_index": "178", "text": "Epilim-400-mg-twice-a-day", "attributes": {"DrugName": "epilim", "DrugDose": "400", "DoseUnit": "mg", "Frequency": "2", "CUIPhrase": "epilim", "CUI": "C0591451"}}, {"entity": "PatientHistory", "start_index": "409", "end_index": "414", "text": "jerks", "attributes": {"Certainty": "5", "Negation": "Affirmed", "CUIPhrase": "jerk", "CUI": "C0231530"}}, {"entity": "Diagnosis", "start_index": "450", "end_index": "471", "text": "tonic-clonic-seizures", "attributes": {"DiagCategory": "MultipleSeizures", "Certainty": "5", "Negation": "Affirmed", "CUIPhrase": "tonic-clonic-seizures", "CUI": "C0494475"}}, {"entity": "SeizureFrequency", "start_index": "450", "end_index": "471", "text": "tonic-clonic-seizures", "attributes": {"NumberOfSeizures": "0", "TimePeriod": "Week", "NumberOfTimePeriods": "3", "CUIPhrase": "tonic-clonic-seizures", "CUI": "C0494475"}}]