[{"entity": "PatientHistory", "start_index": "34", "end_index": "43", "text": "blackouts", "attributes": {"Certainty": "5", "Negation": "Affirmed", "CUIPhrase": "blackout", "CUI": "C0234428"}}, {"entity": "PatientHistory", "start_index": "76", "end_index": "83", "text": "Anxiety", "attributes": {"Certainty": "5", "Negation": "Affirmed", "CUIPhrase": "anxiety", "CUI": "C0003467"}}, {"entity": "PatientHistory", "start_index": "123", "end_index": "130", "text": "alcohol", "attributes": {"Certainty": "5", "Negation": "Affirmed", "CUIPhrase": "alcohol-abuse", "CUI": "C0085762"}}, {"entity": "PatientHistory", "start_index": "725", "end_index": "741", "text": "febrile-seizures", "attributes": {"Certainty": "1", "Negation": "Negated", "CUIPhrase": "febrile-seizures", "CUI": "C0009952"}}, {"entity": "PatientHistory", "start_index": "1099", "end_index": "1120", "text": "loss-of-consciousness", "attributes": {"Certainty": "5", "Negation": "Affirmed", "CUIPhrase": "loss-of-consciousness", "CUI": "C0041657"}}]