[{"entity": "Diagnosis", "start_index": "62", "end_index": "71", "text": "epilepsy-", "attributes": {"DiagCategory": "Epilepsy", "Certainty": "5", "Negation": "Affirmed", "CUIPhrase": "epilepsy", "CUI": "C0014544"}}, {"entity": "Prescription", "start_index": "130", "end_index": "144", "text": "Levetiracetam-", "attributes": {"DrugName": "Levetiracetam", "DrugDose": "1500", "DoseUnit": "mg", "Frequency": "2", "CUIPhrase": "levetiracetam", "CUI": "C0377265"}}, {"entity": "Prescription", "start_index": "156", "end_index": "176", "text": "Zonisamide-150-mg-BD", "attributes": {"DrugName": "zonisamide", "DrugDose": "150", "DoseUnit": "mg", "Frequency": "2", "CUIPhrase": "zonisamide", "CUI": "C0078844"}}, {"entity": "Prescription", "start_index": "178", "end_index": "199", "text": "Tegretol-600-mg-daily", "attributes": {"DrugName": "tegretol", "DrugDose": "600", "DoseUnit": "mg", "Frequency": "1", "CUIPhrase": "tegretol", "CUI": "C0700087"}}]