[{"entity": "Diagnosis", "start_index": "41", "end_index": "54", "text": "focal-seizure", "attributes": {"DiagCategory": "SingleSeizure", "Certainty": "5", "Negation": "Affirmed", "CUIPhrase": "focal-seizure", "CUI": "C0751495"}}, {"entity": "PatientHistory", "start_index": "55", "end_index": "59", "text": "CVA-", "attributes": {"YearDate": "2017", "Certainty": "5", "Negation": "Affirmed", "CUIPhrase": "cva", "CUI": "C0038454"}}, {"entity": "PatientHistory", "start_index": "70", "end_index": "82", "text": "hemiparesis-", "attributes": {"YearDate": "2017", "Certainty": "5", "Negation": "Affirmed", "CUIPhrase": "hemiparesis", "CUI": "C0018989"}}, {"entity": "PatientHistory", "start_index": "557", "end_index": "563", "text": "stroke", "attributes": {"Certainty": "5", "Negation": "Affirmed", "CUIPhrase": "stroke", "CUI": "C0038454"}}, {"entity": "PatientHistory", "start_index": "764", "end_index": "775", "text": "hemiparesis", "attributes": {"Certainty": "5", "Negation": "Affirmed", "CUIPhrase": "hemiparesis", "CUI": "C0018989"}}, {"entity": "Investigations", "start_index": "814", "end_index": "821", "text": "CT-scan", "attributes": {"CT_Performed": "Yes", "CT_Results": "Abnormal", "CUIPhrase": "ct-abnormal", "CUI": "C0436539"}}, {"entity": "PatientHistory", "start_index": "858", "end_index": "865", "text": "infarct", "attributes": {"Certainty": "5", "Negation": "Affirmed", "CUIPhrase": "infarct", "CUI": "C0751955"}}, {"entity": "Diagnosis", "start_index": "920", "end_index": "933", "text": "focal-seizure", "attributes": {"DiagCategory": "SingleSeizure", "Certainty": "5", "Negation": "Affirmed", "CUIPhrase": "focal-seizure", "CUI": "C0751495"}}, {"entity": "EpilepsyCause", "start_index": "955", "end_index": "961", "text": "stroke", "attributes": {"Certainty": "5", "Negation": "Affirmed", "CUIPhrase": "strokes", "CUI": "C0038454"}}, {"entity": "PatientHistory", "start_index": "955", "end_index": "960", "text": "strok", "attributes": {"Certainty": "5", "Negation": "Affirmed", "CUIPhrase": "stroke", "CUI": "C0038454"}}, {"entity": "PatientHistory", "start_index": "1160", "end_index": "1168", "text": "seizure-", "attributes": {"Certainty": "5", "Negation": "Affirmed", "CUIPhrase": "seizure", "CUI": "C0036572"}}]