[{"entity": "Diagnosis", "start_index": "114", "end_index": "141", "text": "Juvenile-myoclonic-epilepsy", "attributes": {"CUIPhrase": "juvenile-myoclonic-epilepsy", "Negation": "Affirmed", "CUI": "C0270853", "Certainty": "5", "DiagCategory": "Epilepsy"}}, {"entity": "PatientHistory", "start_index": "469", "end_index": "477", "text": "-seizure", "attributes": {"Negation": "Affirmed", "CUIPhrase": "seizure", "Certainty": "5", "Age": "12", "AgeUnit": "Year", "CUI": "C0036572"}}, {"entity": "PatientHistory", "start_index": "559", "end_index": "566", "text": "seizure", "attributes": {"Certainty": "5", "Negation": "Affirmed", "CUI": "C0036572", "CUIPhrase": "seizure"}}, {"entity": "SeizureFrequency", "start_index": "559", "end_index": "566", "text": "seizure", "attributes": {"TimeSince_or_TimeOfEvent": "During", "YearDate": "2020", "CUI": "C0036572", "CUIPhrase": "seizures", "NumberOfSeizures": "3"}}, {"entity": "PatientHistory", "start_index": "915", "end_index": "930", "text": "myoclonic-jerks", "attributes": {"Certainty": "4", "Negation": "Affirmed", "CUIPhrase": "myoclonic-jerks", "CUI": "C0027066"}}, {"entity": "PatientHistory", "start_index": "1137", "end_index": "1156", "text": "febrile-convulsions", "attributes": {"Certainty": "1", "Negation": "Negated", "CUIPhrase": "febrile-convulsions", "CUI": "C0009952"}}, {"entity": "Diagnosis", "start_index": "1318", "end_index": "1345", "text": "Juvenile-Myoclonic-Epilepsy", "attributes": {"Certainty": "4", "Negation": "Affirmed", "CUIPhrase": "juvenile-myoclonic-epilepsy", "CUI": "C0270853", "DiagCategory": "Epilepsy"}}]