[{"entity": "Diagnosis", "start_index": "21", "end_index": "30", "text": "epilepsy-", "attributes": {"DiagCategory": "Epilepsy", "Certainty": "5", "Negation": "Affirmed", "CUIPhrase": "epilepsy", "CUI": "C0014544"}}, {"entity": "PatientHistory", "start_index": "47", "end_index": "55", "text": "Diabetes", "attributes": {"Certainty": "5", "Negation": "Affirmed", "CUIPhrase": "diabetes-", "CUI": "C0011849"}}, {"entity": "PatientHistory", "start_index": "57", "end_index": "71", "text": "hypothyroidism", "attributes": {"Certainty": "5", "Negation": "Affirmed", "CUIPhrase": "hypothyroidism", "CUI": "C0020676"}}, {"entity": "Prescription", "start_index": "107", "end_index": "121", "text": "levetiracetam-", "attributes": {"DrugName": "Levetiracetam", "DrugDose": "750", "DoseUnit": "mg", "Frequency": "1", "CUIPhrase": "levetiracetam", "CUI": "C0377265"}}, {"entity": "Prescription", "start_index": "107", "end_index": "121", "text": "levetiracetam-", "attributes": {"DrugName": "Levetiracetam", "DrugDose": "500", "DoseUnit": "mg", "Frequency": "1", "CUIPhrase": "levetiracetam", "CUI": "C0377265"}}, {"entity": "Prescription", "start_index": "151", "end_index": "161", "text": "Phenytoin-", "attributes": {"DrugName": "Phenytoin", "DrugDose": "75", "DoseUnit": "mg", "Frequency": "3", "CUIPhrase": "phenytoin", "CUI": "C0031507"}}, {"entity": "PatientHistory", "start_index": "288", "end_index": "297", "text": "seizures-", "attributes": {"Certainty": "5", "Negation": "Affirmed", "CUIPhrase": "seizures", "CUI": "C0036572"}}, {"entity": "SeizureFrequency", "start_index": "288", "end_index": "298", "text": "seizures-e", "attributes": {"NumberOfSeizures": "1", "TimePeriod": "Week", "LowerNumberOfTimePeriods": "3", "UpperNumberOfTimePeriods": "4", "CUIPhrase": "seizures", "CUI": "C0036572"}}, {"entity": "Diagnosis", "start_index": "326", "end_index": "337", "text": "focal-onset", "attributes": {"DiagCategory": "MultipleSeizures", "Certainty": "3", "Negation": "Affirmed", "CUIPhrase": "focal-onset-epilepsy", "CUI": "C0014547"}}, {"entity": "Investigations", "start_index": "363", "end_index": "378", "text": "MRI-2011-Normal", "attributes": {"MRI_Performed": "Yes", "MRI_Results": "Normal", "CUIPhrase": "mri-normal", "CUI": "C0436481"}}, {"entity": "PatientHistory", "start_index": "468", "end_index": "477", "text": "seizures-", "attributes": {"AgeUnit": "Year", "Age": "13", "Certainty": "5", "Negation": "Affirmed", "CUIPhrase": "seizures", "CUI": "C0036572"}}, {"entity": "Diagnosis", "start_index": "513", "end_index": "522", "text": "epilepsy-", "attributes": {"DiagCategory": "Epilepsy", "Certainty": "5", "Negation": "Affirmed", "CUIPhrase": "epilepsy", "CUI": "C0014544"}}, {"entity": "SeizureFrequency", "start_index": "558", "end_index": "567", "text": "seizures-", "attributes": {"NumberOfSeizures": "1", "TimePeriod": "Week", "LowerNumberOfTimePeriods": "3", "UpperNumberOfTimePeriods": "4", "CUIPhrase": "seizures", "CUI": "C0036572"}}, {"entity": "PatientHistory", "start_index": "558", "end_index": "566", "text": "seizures", "attributes": {"Certainty": "5", "Negation": "Affirmed", "CUIPhrase": "seizures", "CUI": "C0036572"}}, {"entity": "PatientHistory", "start_index": "591", "end_index": "600", "text": "diabetes-", "attributes": {"Certainty": "5", "Negation": "Affirmed", "CUIPhrase": "diabetes", "CUI": "C0011849"}}, {"entity": "PatientHistory", "start_index": "674", "end_index": "683", "text": "seizures-", "attributes": {"Certainty": "5", "Negation": "Affirmed", "CUIPhrase": "seizures", "CUI": "C0036572"}}, {"entity": "PatientHistory", "start_index": "772", "end_index": "781", "text": "seizures-", "attributes": {"Certainty": "5", "Negation": "Affirmed", "CUIPhrase": "seizures", "CUI": "C0036572"}}]