[{"entity": "PatientHistory", "start_index": "883", "end_index": "891", "text": "collapse", "attributes": {"Certainty": "5", "Negation": "Affirmed", "CUIPhrase": "collapse", "CUI": "C0344329"}}, {"entity": "BirthHistory", "start_index": "1506", "end_index": "1521", "text": "normal-delivery", "attributes": {"Negation": "Affirmed", "Certainty": "5", "CUIPhrase": "normal", "CUI": "C3665337"}}, {"entity": "BirthHistory", "start_index": "1491", "end_index": "1500", "text": "full-term", "attributes": {"CUI": "C0233324", "Certainty": "5", "Negation": "Affirmed", "CUIPhrase": "term"}}, {"entity": "Diagnosis", "start_index": "1710", "end_index": "1737", "text": "Juvenile-Myoclonic-Epilepsy", "attributes": {"Certainty": "5", "CUIPhrase": "juvenile-myoclonic-epilepsy", "DiagCategory": "Epilepsy", "CUI": "C0270853", "Negation": "Affirmed"}}]