[{"entity": "Prescription", "start_index": "310", "end_index": "359", "text": "\u00b7-Brivaracetam-100mgs-bd-to-increase-to-100mgs-an", "attributes": {"Frequency": "2", "DrugDose": "100", "DoseUnit": "mg", "DrugName": "brivaracetam", "CUI": "C1699861", "CUIPhrase": "brivaracetam"}}, {"entity": "Diagnosis", "start_index": "719", "end_index": "740", "text": "tonic-clonic-seizures", "attributes": {"CUI": "C0494475", "CUIPhrase": "tonic-clonic-seizures", "Certainty": "4", "Negation": "Affirmed", "DiagCategory": "MultipleSeizures"}}, {"entity": "SeizureFrequency", "start_index": "719", "end_index": "740", "text": "tonic-clonic-seizures", "attributes": {"CUIPhrase": "tonic-clonic-seizures", "NumberOfSeizures": "1", "TimePeriod": "Week", "NumberOfTimePeriods": "1", "CUI": "C0494475"}}, {"entity": "SeizureFrequency", "start_index": "673", "end_index": "681", "text": "seizures", "attributes": {"CUIPhrase": "seizures", "CUI": "C0036572", "NumberOfSeizures": "1", "NumberOfTimePeriods": "1", "TimePeriod": "Week"}}, {"entity": "Prescription", "start_index": "287", "end_index": "309", "text": "\u00b7-Zonisamide-250mgs-bd", "attributes": {"Frequency": "2", "CUI": "C0078844", "DoseUnit": "mg", "DrugDose": "250", "CUIPhrase": "zonisamide", "DrugName": "zonisamide"}}, {"entity": "Investigations", "start_index": "261", "end_index": "264", "text": "MRI", "attributes": {"MRI_Performed": "Yes", "MRI_Results": "Normal", "CUIPhrase": "mri-normal", "CUI": "C0436481"}}, {"entity": "Diagnosis", "start_index": "150", "end_index": "175", "text": "Refractory-focal-epilepsy", "attributes": {"Negation": "Affirmed", "Certainty": "5", "CUI": "C1096063", "DiagCategory": "Epilepsy", "CUIPhrase": "refractory-epilepsies"}}, {"entity": "PatientHistory", "start_index": "638", "end_index": "646", "text": "seizures", "attributes": {"Negation": "Affirmed", "CUIPhrase": "seizures", "Certainty": "5", "CUI": "C0036572"}}, {"entity": "Investigations", "start_index": "241", "end_index": "244", "text": "EEG", "attributes": {"EEG_Results": "Abnormal", "EEG_Performed": "Yes", "CUIPhrase": "abnormal-eeg", "CUI": "C0151611"}}, {"entity": "SeizureFrequency", "start_index": "638", "end_index": "645", "text": "seizure", "attributes": {"FrequencyChange": "Increased", "CUIPhrase": "seizure", "CUI": "C0036572"}}, {"entity": "Diagnosis", "start_index": "181", "end_index": "190", "text": "Nocturnal", "attributes": {"CUIPhrase": "nocturnal-seizures", "Certainty": "5", "Negation": "Affirmed", "CUI": "C0748605", "DiagCategory": "MultipleSeizures"}}, {"entity": "Diagnosis", "start_index": "162", "end_index": "175", "text": "ocal-epilepsy", "attributes": {"DiagCategory": "Epilepsy", "Certainty": "5", "CUIPhrase": "focal-epilepsy", "CUI": "C0014547", "Negation": "Affirmed"}}, {"entity": "Diagnosis", "start_index": "181", "end_index": "224", "text": "Nocturnal-generalised-tonic-clonic-seizures", "attributes": {"Negation": "Affirmed", "CUIPhrase": "generalized-tonic-clonic-seizures", "DiagCategory": "MultipleSeizures", "CUI": "C0494475", "Certainty": "5"}}]