[{"entity": "PatientHistory", "start_index": "55", "end_index": "72", "text": "altered-awareness", "attributes": {"Certainty": "5", "Negation": "Affirmed", "CUIPhrase": "altered-awareness-and-consciousness", "CUI": "C0234428"}}, {"entity": "Diagnosis", "start_index": "101", "end_index": "115", "text": "Focal-epilepsy", "attributes": {"DiagCategory": "Epilepsy", "Certainty": "5", "Negation": "Affirmed", "CUIPhrase": "focal-epilepsy", "CUI": "C0014547"}}, {"entity": "BirthHistory", "start_index": "992", "end_index": "1021", "text": "no-problems-when-he-was-born-", "attributes": {"Certainty": "5", "Negation": "Affirmed", "CUIPhrase": "normal-birth", "CUI": "C3665337"}}, {"entity": "PatientHistory", "start_index": "1042", "end_index": "1058", "text": "febrile-seizures", "attributes": {"Certainty": "1", "Negation": "Negated", "CUIPhrase": "febrile-seizures", "CUI": "C0009952"}}, {"entity": "Investigations", "start_index": "1354", "end_index": "1357", "text": "MRI", "attributes": {"MRI_Performed": "Yes", "MRI_Results": "Normal", "CUIPhrase": "normal-mri", "CUI": "C0436481"}}, {"entity": "Diagnosis", "start_index": "1437", "end_index": "1457", "text": "focal-onset-epilepsy", "attributes": {"DiagCategory": "Epilepsy", "Certainty": "4", "Negation": "Affirmed", "CUIPhrase": "focal-onset-epilepsy", "CUI": "C0014547"}}, {"entity": "Diagnosis", "start_index": "1484", "end_index": "1521", "text": "focal-seizures-with-altered-awareness", "attributes": {"DiagCategory": "MultipleSeizures", "Certainty": "5", "Negation": "Affirmed", "CUIPhrase": "focal-seizures-with-altered-awareness", "CUI": "C0270834"}}, {"entity": "Diagnosis", "start_index": "1556", "end_index": "1594", "text": "focal-to-bilateral-convulsive-seizures", "attributes": {"DiagCategory": "MultipleSeizures", "Certainty": "5", "Negation": "Affirmed", "CUIPhrase": "focal-to-bilateral-convulsive-seizures", "CUI": "C0877017"}}, {"entity": "Diagnosis", "start_index": "1645", "end_index": "1653", "text": "epilepsy", "attributes": {"DiagCategory": "Epilepsy", "Certainty": "5", "Negation": "Affirmed", "CUIPhrase": "epilepsy", "CUI": "C0014544"}}]