[{"entity": "Diagnosis", "start_index": "65", "end_index": "85", "text": "intractable-epilepsy", "attributes": {"DiagCategory": "Epilepsy", "Certainty": "5", "Negation": "Affirmed", "CUIPhrase": "intractable-epilepsy", "CUI": "C1096063"}}, {"entity": "Prescription", "start_index": "103", "end_index": "130", "text": "She-is-on-Keppra-1000-mg-BD", "attributes": {"DrugName": "keppra", "DrugDose": "1000", "DoseUnit": "mg", "Frequency": "2", "CUIPhrase": "keppra", "CUI": "C0876060"}}, {"entity": "Prescription", "start_index": "132", "end_index": "142", "text": "zobisamide", "attributes": {"DrugName": "Zonisamide", "DrugDose": "125", "DoseUnit": "mg", "Frequency": "2", "CUIPhrase": "zonisamide", "CUI": "C0078844"}}, {"entity": "Diagnosis", "start_index": "200", "end_index": "224", "text": "complex-partial-seizures", "attributes": {"DiagCategory": "MultipleSeizures", "Certainty": "5", "Negation": "Affirmed", "CUIPhrase": "complex-partial-seizures", "CUI": "C0149958"}}, {"entity": "PatientHistory", "start_index": "304", "end_index": "327", "text": "chronic-daily-headaches", "attributes": {"Certainty": "5", "Negation": "Affirmed", "CUIPhrase": "chronic-headaches", "CUI": "C0151293"}}]