[{"entity": "Diagnosis", "start_index": "30", "end_index": "50", "text": "generalised-epilepsy", "attributes": {"DiagCategory": "Epilepsy", "Certainty": "4", "Negation": "Affirmed", "CUIPhrase": "generalised-epilepsy", "CUI": "C0014548"}}, {"entity": "Prescription", "start_index": "52", "end_index": "123", "text": "Current-antiepileptic-medication:-sodium-valproate-600-mg-bd-(to-reduce", "attributes": {"DrugName": "sodium-valproate", "DrugDose": "600", "DoseUnit": "mg", "Frequency": "2", "CUIPhrase": "sodium-valproate", "CUI": "C0037567"}}, {"entity": "Prescription", "start_index": "153", "end_index": "167", "text": "levetiracetam-", "attributes": {"DrugName": "Levetiracetam", "DrugDose": "1.25", "DoseUnit": "g", "Frequency": "2", "CUIPhrase": "levetiracetam", "CUI": "C0377265"}}, {"entity": "SeizureFrequency", "start_index": "206", "end_index": "226", "text": "generalised-seizures", "attributes": {"NumberOfSeizures": "1", "TimePeriod": "Month", "NumberOfTimePeriods": "2", "CUIPhrase": "generalised-seizures", "CUI": "C0234533"}}, {"entity": "Diagnosis", "start_index": "206", "end_index": "226", "text": "generalised-seizures", "attributes": {"DiagCategory": "MultipleSeizures", "Certainty": "5", "Negation": "Affirmed", "CUIPhrase": "generalised-seizures", "CUI": "C0234533"}}, {"entity": "PatientHistory", "start_index": "264", "end_index": "273", "text": "myoclonus", "attributes": {"Certainty": "3", "Negation": "Affirmed", "CUIPhrase": "myoclonus", "CUI": "C0027066"}}, {"entity": "SeizureFrequency", "start_index": "391", "end_index": "400", "text": "seizures-", "attributes": {"NumberOfSeizures": "1", "TimePeriod": "Month", "NumberOfTimePeriods": "2", "CUIPhrase": "seizures", "CUI": "C0036572"}}, {"entity": "PatientHistory", "start_index": "391", "end_index": "400", "text": "seizures-", "attributes": {"Certainty": "5", "Negation": "Affirmed", "CUIPhrase": "seizures", "CUI": "C0036572"}}, {"entity": "PatientHistory", "start_index": "457", "end_index": "465", "text": "seizures", "attributes": {"Certainty": "5", "Negation": "Affirmed", "CUIPhrase": "seizures", "CUI": "C0036572"}}, {"entity": "Diagnosis", "start_index": "860", "end_index": "869", "text": "epilepsy-", "attributes": {"DiagCategory": "Epilepsy", "Certainty": "5", "Negation": "Affirmed", "CUIPhrase": "epilepsy", "CUI": "C0014544"}}, {"entity": "Onset", "start_index": "860", "end_index": "868", "text": "epilepsy", "attributes": {"AgeUnit": "Year", "AgeLower": "1", "AgeUpper": "6", "Certainty": "5", "Negation": "Affirmed", "CUIPhrase": "epilepsy", "CUI": "C0014544"}}, {"entity": "SeizureFrequency", "start_index": "952", "end_index": "960", "text": "seizures", "attributes": {"FrequencyChange": "Increased", "TimePeriod": "Year", "NumberOfTimePeriods": "5", "CUIPhrase": "seizures", "CUI": "C0036572"}}, {"entity": "PatientHistory", "start_index": "952", "end_index": "960", "text": "seizures", "attributes": {"Certainty": "5", "Negation": "Affirmed", "CUIPhrase": "seizures", "CUI": "C0036572"}}]