[{"entity": "Diagnosis", "start_index": "85", "end_index": "138", "text": "Generalised-Epilepsy-with-tonic-clonic-seizures-alone", "attributes": {"DiagCategory": "Epilepsy", "Certainty": "5", "Negation": "Affirmed", "CUIPhrase": "epilepsy-with-generalised-tonic-clonic-seizures-alone", "CUI": "C0393697"}}, {"entity": "PatientHistory", "start_index": "140", "end_index": "148", "text": "Diabetes", "attributes": {"Certainty": "5", "Negation": "Affirmed", "CUIPhrase": "diabetes", "CUI": "C0011849"}}, {"entity": "Prescription", "start_index": "150", "end_index": "190", "text": "Medication:-lamotrigine-75mg-twice-a-day", "attributes": {"DrugName": "lamotrigine", "DrugDose": "75", "DoseUnit": "mg", "Frequency": "2", "CUIPhrase": "lamotrigine", "CUI": "C0064636"}}, {"entity": "Investigations", "start_index": "208", "end_index": "211", "text": "MRI", "attributes": {"MRI_Performed": "Yes", "MRI_Results": "Normal", "CUIPhrase": "normal-mri", "CUI": "C0436481"}}, {"entity": "Investigations", "start_index": "226", "end_index": "229", "text": "EEG", "attributes": {"EEG_Performed": "Yes", "EEG_Results": "Abnormal", "CUIPhrase": "eeg-abnormal", "CUI": "C0151611"}}, {"entity": "PatientHistory", "start_index": "268", "end_index": "284", "text": "photosensitivity", "attributes": {"Certainty": "5", "Negation": "Affirmed", "CUIPhrase": "photosensitivity", "CUI": "C3552821"}}, {"entity": "SeizureFrequency", "start_index": "395", "end_index": "403", "text": "seizures", "attributes": {"NumberOfSeizures": "0", "PointInTime": "LastClinic", "TimeSince_or_TimeOfEvent": "Since", "CUIPhrase": "seizures", "CUI": "C0036572"}}, {"entity": "SeizureFrequency", "start_index": "395", "end_index": "403", "text": "seizures", "attributes": {"NumberOfSeizures": "0", "PointInTime": "DrugChange", "TimeSince_or_TimeOfEvent": "Since", "CUIPhrase": "seizures", "CUI": "C0036572"}}, {"entity": "Investigations", "start_index": "770", "end_index": "774", "text": "EEG-", "attributes": {"EEG_Performed": "Yes", "EEG_Results": "Abnormal", "CUIPhrase": "eeg-abnormal", "CUI": "C0151611"}}, {"entity": "PatientHistory", "start_index": "798", "end_index": "814", "text": "photosensitivity", "attributes": {"Certainty": "5", "Negation": "Affirmed", "CUIPhrase": "photosensitivity", "CUI": "C3552821"}}]