[{"entity": "Diagnosis", "start_index": "11", "end_index": "38", "text": "juvenile-myoclonic-epilepsy", "attributes": {"DiagCategory": "Epilepsy", "Certainty": "5", "Negation": "Affirmed", "CUIPhrase": "juvenile-myoclonic-epilepsy", "CUI": "C0270853"}}, {"entity": "Prescription", "start_index": "72", "end_index": "88", "text": "sodium-valproate", "attributes": {"DrugName": "SodiumValproate", "DrugDose": "1", "DoseUnit": "g", "Frequency": "2", "CUIPhrase": "sodium-valproate", "CUI": "C0037567"}}, {"entity": "Prescription", "start_index": "105", "end_index": "114", "text": "Clobazam-", "attributes": {"DrugName": "Clobazam", "DrugDose": "10", "DoseUnit": "mg", "Frequency": "As_Required", "CUIPhrase": "clobazam", "CUI": "C0055891"}}, {"entity": "Investigations", "start_index": "148", "end_index": "159", "text": "MRI\u2013-normal", "attributes": {"MRI_Performed": "Yes", "MRI_Results": "Normal", "CUIPhrase": "mri-normal", "CUI": "C0436481"}}, {"entity": "Investigations", "start_index": "160", "end_index": "163", "text": "EEG", "attributes": {"EEG_Performed": "Yes", "EEG_Results": "Abnormal", "CUIPhrase": "eeg-abnormal", "CUI": "C0151611"}}, {"entity": "PatientHistory", "start_index": "212", "end_index": "228", "text": "photosensitivity", "attributes": {"Certainty": "5", "Negation": "Affirmed", "CUIPhrase": "photosensitivity", "CUI": "C3552821"}}, {"entity": "Diagnosis", "start_index": "323", "end_index": "332", "text": "epilepsy-", "attributes": {"DiagCategory": "Epilepsy", "Certainty": "5", "Negation": "Affirmed", "CUIPhrase": "epilepsy", "CUI": "C0014544"}}, {"entity": "Onset", "start_index": "323", "end_index": "330", "text": "epileps", "attributes": {"AgeUnit": "Year", "Age": "14", "Certainty": "5", "Negation": "Affirmed", "CUIPhrase": "epilepsy", "CUI": "C0014544"}}, {"entity": "Diagnosis", "start_index": "384", "end_index": "411", "text": "juvenile-myoclonic-epilepsy", "attributes": {"DiagCategory": "Epilepsy", "Certainty": "5", "Negation": "Affirmed", "CUIPhrase": "juvenile-myoclonic-epilepsy", "CUI": "C0270853"}}, {"entity": "Diagnosis", "start_index": "428", "end_index": "461", "text": "generalised-tonic-clonic-seizures", "attributes": {"DiagCategory": "MultipleSeizures", "Certainty": "5", "Negation": "Affirmed", "CUIPhrase": "generalised-tonic-clonic-seizures", "CUI": "C0494475"}}, {"entity": "PatientHistory", "start_index": "463", "end_index": "471", "text": "absences", "attributes": {"Certainty": "5", "Negation": "Affirmed", "CUIPhrase": "absences", "CUI": "C0563606"}}, {"entity": "PatientHistory", "start_index": "476", "end_index": "491", "text": "myoclonic-jerks", "attributes": {"Certainty": "5", "Negation": "Affirmed", "CUIPhrase": "myoclonic-jerks", "CUI": "C0027066"}}, {"entity": "PatientHistory", "start_index": "622", "end_index": "630", "text": "anxiety-", "attributes": {"Certainty": "5", "Negation": "Affirmed", "CUIPhrase": "anxiety", "CUI": "C0003467"}}, {"entity": "PatientHistory", "start_index": "816", "end_index": "831", "text": "myoclonic-jerks", "attributes": {"Certainty": "5", "Negation": "Affirmed", "CUIPhrase": "myoclonic-jerks", "CUI": "C0027066"}}]