[{"entity": "PatientHistory", "start_index": "105", "end_index": "114", "text": "seizures-", "attributes": {"Certainty": "5", "Negation": "Affirmed", "CUIPhrase": "seizures", "CUI": "C0036572"}}, {"entity": "PatientHistory", "start_index": "168", "end_index": "179", "text": "craniotomy-", "attributes": {"Certainty": "5", "Negation": "Affirmed", "CUIPhrase": "craniotomy", "CUI": "C0010280"}}, {"entity": "PatientHistory", "start_index": "187", "end_index": "212", "text": "frontal-lobe-brain-tumour", "attributes": {"Certainty": "5", "Negation": "Affirmed", "CUIPhrase": "brain-tumour", "CUI": "C0006118"}}, {"entity": "PatientHistory", "start_index": "226", "end_index": "235", "text": "seizures-", "attributes": {"Certainty": "5", "Negation": "Affirmed", "CUIPhrase": "seizures", "CUI": "C0036572"}}, {"entity": "Diagnosis", "start_index": "390", "end_index": "418", "text": "bilateral-convulsive-seizure", "attributes": {"DiagCategory": "SingleSeizure", "Certainty": "5", "Negation": "Affirmed", "CUIPhrase": "bilateral-convulsive-seizure", "CUI": "C0877017"}}, {"entity": "PatientHistory", "start_index": "483", "end_index": "492", "text": "seizures-", "attributes": {"Certainty": "5", "Negation": "Affirmed", "CUIPhrase": "seizures", "CUI": "C0036572"}}, {"entity": "SeizureFrequency", "start_index": "483", "end_index": "490", "text": "seizure", "attributes": {"LowerNumberOfSeizures": "2", "UpperNumberOfSeizures": "4", "TimePeriod": "Month", "NumberOfTimePeriods": "1", "CUIPhrase": "seizures", "CUI": "C0036572"}}, {"entity": "SeizureFrequency", "start_index": "528", "end_index": "547", "text": "cluster-of-seizures", "attributes": {"NumberOfSeizures": "1", "MonthDate": "8", "YearDate": "2017", "TimeSince_or_TimeOfEvent": "During", "CUIPhrase": "cluster-of-seizures", "CUI": "C3203523"}}, {"entity": "PatientHistory", "start_index": "528", "end_index": "546", "text": "cluster-of-seizure", "attributes": {"Certainty": "5", "Negation": "Affirmed", "CUIPhrase": "cluster-of-seizures", "CUI": "C3203523"}}, {"entity": "PatientHistory", "start_index": "582", "end_index": "591", "text": "seizures-", "attributes": {"Certainty": "5", "Negation": "Affirmed", "CUIPhrase": "seizures", "CUI": "C0036572"}}, {"entity": "SeizureFrequency", "start_index": "582", "end_index": "589", "text": "seizure", "attributes": {"LowerNumberOfSeizures": "6", "UpperNumberOfSeizures": "9", "TimePeriod": "Week", "NumberOfTimePeriods": "1", "MonthDate": "8", "YearDate": "2017", "TimeSince_or_TimeOfEvent": "During", "CUIPhrase": "seizures", "CUI": "C0036572"}}, {"entity": "BirthHistory", "start_index": "624", "end_index": "637", "text": "born-normally", "attributes": {"Certainty": "5", "Negation": "Affirmed", "CUIPhrase": "born-normally", "CUI": "C3665337"}}, {"entity": "PatientHistory", "start_index": "653", "end_index": "669", "text": "febrile-seizures", "attributes": {"AgeUnit": "Month", "AgeLower": "2", "AgeUpper": "34", "Certainty": "5", "Negation": "Affirmed", "CUIPhrase": "febrile-seizures", "CUI": "C0009952"}}, {"entity": "Prescription", "start_index": "732", "end_index": "746", "text": "levetiracetam-", "attributes": {"DrugName": "Levetiracetam", "DrugDose": "750", "DoseUnit": "mg", "Frequency": "2", "CUIPhrase": "levetiracetam", "CUI": "C0377265"}}, {"entity": "Prescription", "start_index": "776", "end_index": "788", "text": "lamotrigine-", "attributes": {"DrugName": "Lamotrigine", "DrugDose": "100", "DoseUnit": "mg", "Frequency": "2", "CUIPhrase": "lamotrigine", "CUI": "C0064636"}}, {"entity": "Investigations", "start_index": "818", "end_index": "822", "text": "MRI-", "attributes": {"MRI_Performed": "Yes", "MRI_Results": "Abnormal", "CUIPhrase": "mri-abnormal", "CUI": "C1319851"}}, {"entity": "PatientHistory", "start_index": "861", "end_index": "869", "text": "gliosis-", "attributes": {"Certainty": "5", "Negation": "Affirmed", "CUIPhrase": "gliosis", "CUI": "C0017639"}}, {"entity": "PatientHistory", "start_index": "891", "end_index": "901", "text": "craniotomy", "attributes": {"Certainty": "5", "Negation": "Affirmed", "CUIPhrase": "craniotomy", "CUI": "C0010280"}}, {"entity": "PatientHistory", "start_index": "990", "end_index": "999", "text": "seizures-", "attributes": {"Certainty": "5", "Negation": "Affirmed", "CUIPhrase": "seizures", "CUI": "C0036572"}}]