[{"entity": "Diagnosis", "start_index": "48", "end_index": "56", "text": "epilepsy", "attributes": {"DiagCategory": "Epilepsy", "Certainty": "5", "Negation": "Affirmed", "CUIPhrase": "epilepsy", "CUI": "C0014544"}}, {"entity": "Diagnosis", "start_index": "353", "end_index": "366", "text": "temporal-lobe", "attributes": {"DiagCategory": "MultipleSeizures", "Certainty": "4", "Negation": "Affirmed", "CUIPhrase": "temporal-lobe-seizure", "CUI": "C0014556"}}, {"entity": "Diagnosis", "start_index": "373", "end_index": "387", "text": "focal-seizures", "attributes": {"DiagCategory": "MultipleSeizures", "Certainty": "4", "Negation": "Affirmed", "CUIPhrase": "focal-seizures", "CUI": "C0751495"}}, {"entity": "Diagnosis", "start_index": "511", "end_index": "534", "text": "occipital-lobe-seizures", "attributes": {"DiagCategory": "MultipleSeizures", "Certainty": "4", "Negation": "Affirmed", "CUIPhrase": "occipital-lobe-seizures", "CUI": "C0393691"}}, {"entity": "Prescription", "start_index": "537", "end_index": "596", "text": "Currently-she-is-taking-sodium-valproate-500-mg-twice-a-day", "attributes": {"DrugName": "sodium-valproate", "DrugDose": "500", "DoseUnit": "mg", "Frequency": "2", "CUIPhrase": "sodium-valproate", "CUI": "C0037567"}}, {"entity": "Prescription", "start_index": "601", "end_index": "634", "text": "levetiracetam-1000-mg-twice-today", "attributes": {"DrugName": "levetiracetam", "DrugDose": "1000", "DoseUnit": "mg", "Frequency": "2", "CUIPhrase": "levetiracetam", "CUI": "C0377265"}}]