[{"entity": "Diagnosis", "start_index": "292", "end_index": "335", "text": "nocturnal-generalised-tonic-clonic-seizures", "attributes": {"DiagCategory": "MultipleSeizures", "CUI": "C0494475", "CUIPhrase": "generalised-tonic-clonic-seizures", "Certainty": "5", "Negation": "Affirmed"}}, {"entity": "SeizureFrequency", "start_index": "621", "end_index": "651", "text": "generlised-tonic-clonic-seizur", "attributes": {"CUIPhrase": "generalised", "TimePeriod": "Year", "CUI": "C0494475", "NumberOfTimePeriods": "2", "NumberOfSeizures": "1"}}, {"entity": "Investigations", "start_index": "419", "end_index": "423", "text": "EEGs", "attributes": {"EEG_Results": "Abnormal", "CUI": "C0151611", "EEG_Performed": "Yes", "CUIPhrase": "eeg-abnormal"}}, {"entity": "Diagnosis", "start_index": "621", "end_index": "652", "text": "generlised-tonic-clonic-seizure", "attributes": {"Negation": "Affirmed", "DiagCategory": "MultipleSeizures", "CUI": "C0494475", "CUIPhrase": "generalised-tonic-clonic-seizure", "Certainty": "5"}}, {"entity": "Diagnosis", "start_index": "397", "end_index": "417", "text": "symptomatic-epilepsy", "attributes": {"Certainty": "5", "DiagCategory": "Epilepsy", "CUIPhrase": "symptomatic-epilepsy", "Negation": "Affirmed", "CUI": "C1406659"}}, {"entity": "Prescription", "start_index": "730", "end_index": "785", "text": "he-is-currently-taking-levetiracetam-1250mg-twice-a-day", "attributes": {"DoseUnit": "mg", "DrugName": "levetiracetam", "CUIPhrase": "levetiracetam", "Frequency": "2", "DrugDose": "1250", "CUI": "C0377265"}}, {"entity": "Diagnosis", "start_index": "245", "end_index": "253", "text": "epilepsy", "attributes": {"Certainty": "5", "CUI": "C0014544", "CUIPhrase": "epilepsy", "Negation": "Affirmed", "DiagCategory": "Epilepsy"}}, {"entity": "Prescription", "start_index": "790", "end_index": "821", "text": "carbamazepine-400mg-twice-a-day", "attributes": {"DrugName": "carbamazepine", "DrugDose": "400", "CUI": "C0006949", "CUIPhrase": "carbamazepine", "Frequency": "2", "DoseUnit": "mg"}}, {"entity": "Onset", "start_index": "245", "end_index": "253", "text": "epilepsy", "attributes": {"Age": "3", "CUI": "C0014544", "Negation": "Affirmed", "Certainty": "5", "CUIPhrase": "epilepsy", "AgeUnit": "Year"}}, {"entity": "Diagnosis", "start_index": "551", "end_index": "560", "text": "epilepsy-", "attributes": {"Certainty": "5", "Negation": "Affirmed", "DiagCategory": "Epilepsy"}}, {"entity": "Diagnosis", "start_index": "292", "end_index": "302", "text": "nocturnal-", "attributes": {"Certainty": "5", "CUIPhrase": "nocturnal-seizures", "DiagCategory": "MultipleSeizures", "CUI": "C0748605", "Negation": "Affirmed"}}]