[{"entity": "PatientHistory", "start_index": "104", "end_index": "135", "text": "transient-loss-of-consciousness", "attributes": {"Certainty": "5", "Negation": "Affirmed", "CUIPhrase": "transient-loss-of-consciousness", "CUI": "C4087400"}}, {"entity": "PatientHistory", "start_index": "148", "end_index": "164", "text": "probable-syncope", "attributes": {"Certainty": "4", "Negation": "Affirmed", "CUIPhrase": "syncope", "CUI": "C0039070"}}, {"entity": "Diagnosis", "start_index": "176", "end_index": "184", "text": "epilepsy", "attributes": {"DiagCategory": "Epilepsy", "Certainty": "5", "Negation": "Affirmed", "CUIPhrase": "epilepsy", "CUI": "C0014544"}}, {"entity": "Onset", "start_index": "264", "end_index": "294", "text": "epilepsy-since-the-age-of-four", "attributes": {"AgeUnit": "Year", "Age": "4", "Certainty": "5", "Negation": "Affirmed", "CUIPhrase": "epilepsy", "CUI": "C0014544"}}, {"entity": "Diagnosis", "start_index": "264", "end_index": "273", "text": "epilepsy-", "attributes": {"DiagCategory": "Epilepsy", "Certainty": "5", "Negation": "Affirmed", "CUIPhrase": "epilepsy", "CUI": "C0014544"}}, {"entity": "Diagnosis", "start_index": "300", "end_index": "309", "text": "epilepsy-", "attributes": {"DiagCategory": "Epilepsy", "Certainty": "5", "Negation": "Affirmed", "CUIPhrase": "epilepsy", "CUI": "C0014544"}}, {"entity": "SeizureFrequency", "start_index": "363", "end_index": "412", "text": "convulsive-seizure-approximately-every-five-years", "attributes": {"NumberOfSeizures": "1", "TimePeriod": "Year", "NumberOfTimePeriods": "5", "CUIPhrase": "convulsive-seizure", "CUI": "C0751494"}}, {"entity": "PatientHistory", "start_index": "363", "end_index": "382", "text": "convulsive-seizure-", "attributes": {"Certainty": "5", "Negation": "Affirmed", "CUIPhrase": "convulsive-seizure", "CUI": "C0751494"}}, {"entity": "PatientHistory", "start_index": "1027", "end_index": "1035", "text": "seizures", "attributes": {"Certainty": "5", "Negation": "Affirmed", "CUIPhrase": "seizures", "CUI": "C0036572"}}, {"entity": "BirthHistory", "start_index": "1198", "end_index": "1215", "text": "born-prematurely-", "attributes": {"Certainty": "5", "Negation": "Affirmed", "CUIPhrase": "born-prematurely", "CUI": "C0151526"}}, {"entity": "Diagnosis", "start_index": "1639", "end_index": "1647", "text": "epilepsy", "attributes": {"DiagCategory": "Epilepsy", "Certainty": "5", "Negation": "Affirmed", "CUIPhrase": "epilepsy", "CUI": "C0014544"}}, {"entity": "PatientHistory", "start_index": "1681", "end_index": "1691", "text": "-syncopal-", "attributes": {"Certainty": "5", "Negation": "Affirmed", "CUIPhrase": "syncope", "CUI": "C0039070"}}]