[{"entity": "Diagnosis", "start_index": "64", "end_index": "84", "text": "intractable-epilepsy", "attributes": {"DiagCategory": "Epilepsy", "Certainty": "5", "Negation": "Affirmed", "CUIPhrase": "intractable-epilepsy", "CUI": "C1096063"}}, {"entity": "Prescription", "start_index": "96", "end_index": "102", "text": "Kepra-", "attributes": {"DrugName": "keppra", "DrugDose": "1250", "DoseUnit": "mg", "Frequency": "2", "CUIPhrase": "keppra", "CUI": "C0876060"}}, {"entity": "Prescription", "start_index": "123", "end_index": "152", "text": "Zonisamide-125-mg-twice-a-day", "attributes": {"DrugName": "zonisamide", "DrugDose": "125", "DoseUnit": "mg", "Frequency": "2", "CUIPhrase": "zonisamide", "CUI": "C0078844"}}, {"entity": "SeizureFrequency", "start_index": "213", "end_index": "221", "text": "-seizure", "attributes": {"FrequencyChange": "Infrequent", "CUIPhrase": "seizures", "CUI": "C0036572"}}, {"entity": "PatientHistory", "start_index": "214", "end_index": "222", "text": "seizures", "attributes": {"Certainty": "5", "Negation": "Affirmed", "CUIPhrase": "seizures", "CUI": "C0036572"}}]