[{"entity": "PatientHistory", "start_index": "86", "end_index": "95", "text": "seizures-", "attributes": {"AgeUnit": "Year", "Age": "13", "Certainty": "5", "Negation": "Affirmed", "CUIPhrase": "seizures", "CUI": "C0036572"}}, {"entity": "PatientHistory", "start_index": "222", "end_index": "237", "text": "myoclonic-jerks", "attributes": {"Certainty": "5", "Negation": "Affirmed", "CUIPhrase": "myoclonic-jerks", "CUI": "C0027066"}}, {"entity": "Diagnosis", "start_index": "249", "end_index": "282", "text": "generalised-tonic-clonic-seizures", "attributes": {"DiagCategory": "MultipleSeizures", "Certainty": "5", "Negation": "Affirmed", "CUIPhrase": "generalised-tonic-clonic-seizures", "CUI": "C0494475"}}, {"entity": "Investigations", "start_index": "297", "end_index": "309", "text": "abnormal-EEG", "attributes": {"EEG_Performed": "Yes", "EEG_Results": "Abnormal", "CUIPhrase": "abnormal-eeg", "CUI": "C0151611"}}, {"entity": "Prescription", "start_index": "374", "end_index": "390", "text": "sodium-valproate", "attributes": {"DrugName": "SodiumValproate", "DrugDose": "1", "DoseUnit": "g", "Frequency": "2", "CUIPhrase": "sodium-valproate", "CUI": "C0037567"}}, {"entity": "Prescription", "start_index": "418", "end_index": "426", "text": "clobazam", "attributes": {"DrugName": "Clobazam", "Frequency": "As_Required", "CUIPhrase": "clobazam", "CUI": "C0055891"}}, {"entity": "PatientHistory", "start_index": "576", "end_index": "584", "text": "seizures", "attributes": {"Certainty": "5", "Negation": "Affirmed", "CUIPhrase": "seizures", "CUI": "C0036572"}}]