[{"entity": "Diagnosis", "start_index": "98", "end_index": "120", "text": "temporal-lobe-epilepsy", "attributes": {"DiagCategory": "Epilepsy", "Certainty": "5", "Negation": "Affirmed", "CUIPhrase": "temporal-lobe-epilepsy", "CUI": "C0014556"}}, {"entity": "Prescription", "start_index": "158", "end_index": "172", "text": "Eslicarbazine-", "attributes": {"DrugName": "EslicarbazepineAcetate", "DrugDose": "800", "DoseUnit": "mg", "Frequency": "1", "CUIPhrase": "eslicarbazepine", "CUI": "C2725260"}}, {"entity": "Prescription", "start_index": "183", "end_index": "202", "text": "Zonisamide-100mg-bd", "attributes": {"DrugName": "zonisamide", "DrugDose": "100", "DoseUnit": "mg", "Frequency": "2", "CUIPhrase": "zonisamide", "CUI": "C0078844"}}, {"entity": "PatientHistory", "start_index": "287", "end_index": "296", "text": "-seizures", "attributes": {"AgeUnit": "Year", "Age": "32", "Certainty": "5", "Negation": "Affirmed", "CUIPhrase": "seizures", "CUI": "C0036572"}}, {"entity": "PatientHistory", "start_index": "378", "end_index": "386", "text": "seizures", "attributes": {"Certainty": "5", "Negation": "Affirmed", "CUIPhrase": "seizures", "CUI": "C0036572"}}, {"entity": "PatientHistory", "start_index": "541", "end_index": "549", "text": "seizures", "attributes": {"Certainty": "5", "Negation": "Affirmed", "CUIPhrase": "seizures", "CUI": "C0036572"}}, {"entity": "Diagnosis", "start_index": "623", "end_index": "648", "text": "complex-partial-seizures.", "attributes": {"DiagCategory": "MultipleSeizures", "Certainty": "4", "Negation": "Affirmed", "CUIPhrase": "complex-partial-seizures", "CUI": "C0149958"}}, {"entity": "PatientHistory", "start_index": "682", "end_index": "690", "text": "seizures", "attributes": {"Certainty": "5", "Negation": "Affirmed", "CUIPhrase": "seizures", "CUI": "C0036572"}}, {"entity": "SeizureFrequency", "start_index": "723", "end_index": "736", "text": "seizures-free", "attributes": {"NumberOfSeizures": "0", "TimePeriod": "Month", "NumberOfTimePeriods": "6", "CUIPhrase": "seizure-free", "CUI": "C1299590"}}, {"entity": "PatientHistory", "start_index": "929", "end_index": "944", "text": "type-2-diabetes", "attributes": {"Certainty": "5", "Negation": "Affirmed", "CUIPhrase": "Non-Insulin-Dependent", "CUI": "C0011860"}}, {"entity": "PatientHistory", "start_index": "949", "end_index": "961", "text": "hypertension", "attributes": {"Certainty": "5", "Negation": "Affirmed", "CUIPhrase": "hypertension", "CUI": "C0020538"}}, {"entity": "BirthHistory", "start_index": "983", "end_index": "1006", "text": "normal-vaginal-delivery", "attributes": {"Certainty": "5", "Negation": "Affirmed", "CUIPhrase": "normal-birth", "CUI": "C3665337"}}, {"entity": "BirthHistory", "start_index": "998", "end_index": "1014", "text": "delivery-at-term", "attributes": {"PrematureBirth": "37+_TermBirth", "Certainty": "5", "Negation": "Affirmed", "CUIPhrase": "term-birth", "CUI": "C0233324"}}, {"entity": "PatientHistory", "start_index": "1090", "end_index": "1106", "text": "febrile-seizures", "attributes": {"Certainty": "1", "Negation": "Negated", "CUIPhrase": "febrile-seizures", "CUI": "C0009952"}}, {"entity": "Diagnosis", "start_index": "1224", "end_index": "1233", "text": "epilepsy-", "attributes": {"DiagCategory": "Epilepsy", "Certainty": "5", "Negation": "Affirmed"}}, {"entity": "Investigations", "start_index": "1380", "end_index": "1383", "text": "MRI", "attributes": {"MRI_Performed": "Yes", "MRI_Results": "Normal", "CUIPhrase": "normal-mri", "CUI": "C0436481"}}, {"entity": "Investigations", "start_index": "1416", "end_index": "1419", "text": "EEG", "attributes": {"EEG_Performed": "Yes", "EEG_Results": "Abnormal", "CUIPhrase": "abnormal-eeg", "CUI": "C0151611"}}]