[{"entity": "PatientHistory", "start_index": "139", "end_index": "173", "text": "Non-epileptic-psychogenic-seizures", "attributes": {"Certainty": "5", "Negation": "Affirmed", "CUIPhrase": "non-epileptic-psychogenic-seizures", "CUI": "C1142430"}}, {"entity": "Diagnosis", "start_index": "179", "end_index": "208", "text": "Localisation-related-epilepsy", "attributes": {"DiagCategory": "Epilepsy", "Certainty": "5", "Negation": "Affirmed", "CUIPhrase": "localisation-related-epilepsy", "CUI": "C0014547"}}, {"entity": "EpilepsyCause", "start_index": "231", "end_index": "246", "text": "cerebral-abcess", "attributes": {"Certainty": "5", "Negation": "Affirmed", "CUIPhrase": "cerebral-abscess", "CUI": "C1510428"}}, {"entity": "PatientHistory", "start_index": "231", "end_index": "246", "text": "cerebral-abcess", "attributes": {"Certainty": "5", "Negation": "Affirmed", "CUIPhrase": "cerebral-abscess", "CUI": "C1510428"}}, {"entity": "Prescription", "start_index": "260", "end_index": "283", "text": "Levetiracetam-1000mg-bd", "attributes": {"DrugName": "levetiracetam", "DrugDose": "1000", "DoseUnit": "mg", "Frequency": "2", "CUIPhrase": "levetiracetam", "CUI": "C0377265"}}, {"entity": "Prescription", "start_index": "286", "end_index": "298", "text": "Oxcarbazine-", "attributes": {"DrugName": "Oxcarbazepine", "DrugDose": "300", "DoseUnit": "mg", "Frequency": "2", "CUIPhrase": "oxcarbazepine", "CUI": "C0069751"}}, {"entity": "Onset", "start_index": "373", "end_index": "381", "text": "epilepsy", "attributes": {"TimePeriod": "Year", "NumberOfTimePeriods": "10", "Certainty": "5", "Negation": "Affirmed", "CUIPhrase": "epilepsy", "CUI": "C0014544"}}, {"entity": "Diagnosis", "start_index": "373", "end_index": "380", "text": "epileps", "attributes": {"DiagCategory": "Epilepsy", "Certainty": "5", "Negation": "Affirmed", "CUIPhrase": "epilepsy", "CUI": "C0014544"}}, {"entity": "PatientHistory", "start_index": "433", "end_index": "446", "text": "brain-surgery", "attributes": {"Certainty": "5", "Negation": "Affirmed", "CUIPhrase": "brain-surgery", "CUI": "C0195775"}}, {"entity": "Diagnosis", "start_index": "500", "end_index": "522", "text": "partial-motor-seizures", "attributes": {"DiagCategory": "MultipleSeizures", "Certainty": "5", "Negation": "Affirmed", "CUIPhrase": "partial-motor-seizures", "CUI": "C0016399"}}, {"entity": "SeizureFrequency", "start_index": "500", "end_index": "522", "text": "partial-motor-seizures", "attributes": {"NumberOfSeizures": "1", "TimePeriod": "Month", "NumberOfTimePeriods": "1", "CUIPhrase": "partial-motor-seizures", "CUI": "C0016399"}}, {"entity": "Diagnosis", "start_index": "620", "end_index": "650", "text": "secondary-generalised-seizures", "attributes": {"DiagCategory": "MultipleSeizures", "Certainty": "5", "Negation": "Affirmed", "CUIPhrase": "secondary-generalised-seizures", "CUI": "C0270838"}}, {"entity": "SeizureFrequency", "start_index": "620", "end_index": "650", "text": "secondary-generalised-seizures", "attributes": {"NumberOfSeizures": "1", "TimePeriod": "Year", "NumberOfTimePeriods": "1", "CUIPhrase": "secondary-generalised-seizures", "CUI": "C0270838"}}, {"entity": "SeizureFrequency", "start_index": "620", "end_index": "649", "text": "secondary-generalised-seizure", "attributes": {"NumberOfSeizures": "0", "DayDate": "25", "MonthDate": "12", "YearDate": "2009", "TimeSince_or_TimeOfEvent": "Since", "CUIPhrase": "secondary-generalized-seizures", "CUI": "C0270838"}}, {"entity": "Investigations", "start_index": "975", "end_index": "978", "text": "EEG", "attributes": {"EEG_Performed": "Yes", "EEG_Results": "Normal", "CUIPhrase": "normal-eeg", "CUI": "C0560017"}}, {"entity": "PatientHistory", "start_index": "1063", "end_index": "1097", "text": "non-epileptic-psychogenic-seizures", "attributes": {"Certainty": "5", "Negation": "Affirmed", "CUIPhrase": "non-epileptic-psychogenic-seizures", "CUI": "C1142430"}}, {"entity": "PatientHistory", "start_index": "1107", "end_index": "1119", "text": "hypertension", "attributes": {"Certainty": "5", "Negation": "Affirmed", "CUIPhrase": "hypertension", "CUI": "C0020538"}}, {"entity": "PatientHistory", "start_index": "1163", "end_index": "1171", "text": "anxiety-", "attributes": {"Certainty": "5", "Negation": "Affirmed", "CUIPhrase": "anxiety", "CUI": "C0003467"}}, {"entity": "PatientHistory", "start_index": "1175", "end_index": "1185", "text": "depression", "attributes": {"Certainty": "5", "Negation": "Affirmed", "CUIPhrase": "depression", "CUI": "C0011570"}}, {"entity": "PatientHistory", "start_index": "1494", "end_index": "1515", "text": "non-epileptic-attacks", "attributes": {"Certainty": "5", "Negation": "Affirmed", "CUIPhrase": "non-epileptic-attacks", "CUI": "C3495874"}}]