[{"entity": "Diagnosis", "start_index": "71", "end_index": "104", "text": "generalised-tonic-clonic-seizures", "attributes": {"DiagCategory": "MultipleSeizures", "Certainty": "5", "Negation": "Affirmed", "CUIPhrase": "generalised-tonic-clonic-seizures", "CUI": "C0494475"}}, {"entity": "PatientHistory", "start_index": "110", "end_index": "125", "text": "myoclonic-jerks", "attributes": {"Certainty": "5", "Negation": "Affirmed", "CUIPhrase": "myoclonic-jerks", "CUI": "C0027066"}}, {"entity": "Diagnosis", "start_index": "136", "end_index": "139", "text": "JME", "attributes": {"DiagCategory": "Epilepsy", "Certainty": "3", "Negation": "Affirmed", "CUIPhrase": "jme", "CUI": "C0270853"}}, {"entity": "Investigations", "start_index": "157", "end_index": "160", "text": "EEG", "attributes": {"EEG_Performed": "Yes", "EEG_Results": "Abnormal", "EEG_Type": "Standard", "CUIPhrase": "abnormal-eeg", "CUI": "C0151611"}}, {"entity": "Investigations", "start_index": "207", "end_index": "210", "text": "MRI", "attributes": {"MRI_Performed": "Yes", "MRI_Results": "Normal", "CUIPhrase": "normal-mri", "CUI": "C0436481"}}, {"entity": "Prescription", "start_index": "231", "end_index": "254", "text": "sodium-valproate-700-mg", "attributes": {"DrugName": "SodiumValproate", "DrugDose": "700", "DoseUnit": "mg", "Frequency": "1", "CUIPhrase": "sodium-valproate", "CUI": "C0037567"}}, {"entity": "Prescription", "start_index": "280", "end_index": "290", "text": "topiramate", "attributes": {"DrugName": "Topiramate", "DrugDose": "100", "DoseUnit": "mg", "Frequency": "2", "CUIPhrase": "topiramate", "CUI": "C0076829"}}, {"entity": "SeizureFrequency", "start_index": "357", "end_index": "365", "text": "seizures", "attributes": {"NumberOfSeizures": "15", "TimePeriod": "Month", "NumberOfTimePeriods": "4", "CUIPhrase": "seizures", "CUI": "C0036572"}}, {"entity": "PatientHistory", "start_index": "357", "end_index": "365", "text": "seizures", "attributes": {"Certainty": "5", "Negation": "Affirmed", "CUIPhrase": "seizures", "CUI": "C0036572"}}]