[{"entity": "Diagnosis", "start_index": "42", "end_index": "69", "text": "Juvenile-Myoclonic-Epilepsy", "attributes": {"DiagCategory": "Epilepsy", "Certainty": "5", "Negation": "Affirmed", "CUIPhrase": "juvenile-myoclonic-epilepsy", "CUI": "C0270853"}}, {"entity": "Prescription", "start_index": "83", "end_index": "89", "text": "Eplim-", "attributes": {"DrugName": "SodiumValproate", "DrugDose": "1.5", "DoseUnit": "g", "Frequency": "1", "CUIPhrase": "epilim", "CUI": "C0591451"}}, {"entity": "Prescription", "start_index": "83", "end_index": "88", "text": "Eplim", "attributes": {"DrugName": "SodiumValproate", "DrugDose": "1", "DoseUnit": "g", "Frequency": "1", "CUIPhrase": "epilim", "CUI": "C0591451"}}, {"entity": "Prescription", "start_index": "126", "end_index": "151", "text": "Clobazam-10-mg-once-a-day", "attributes": {"DrugName": "clobazam", "DrugDose": "10", "DoseUnit": "mg", "Frequency": "1", "CUIPhrase": "clobazam", "CUI": "C0055891"}}, {"entity": "Investigations", "start_index": "169", "end_index": "179", "text": "MRI-normal", "attributes": {"MRI_Performed": "Yes", "MRI_Results": "Normal", "CUIPhrase": "mri-normal", "CUI": "C0436481"}}, {"entity": "Investigations", "start_index": "180", "end_index": "184", "text": "EEG-", "attributes": {"EEG_Performed": "Yes", "EEG_Results": "Abnormal", "CUIPhrase": "eeg-abnormal", "CUI": "C0151611"}}, {"entity": "PatientHistory", "start_index": "232", "end_index": "248", "text": "photosensitivity", "attributes": {"Certainty": "5", "Negation": "Affirmed", "CUIPhrase": "photosensitivity", "CUI": "C3552821"}}, {"entity": "Diagnosis", "start_index": "261", "end_index": "269", "text": "epilepsy", "attributes": {"DiagCategory": "Epilepsy", "Certainty": "5", "Negation": "Affirmed", "CUIPhrase": "epilepsy", "CUI": "C0014544"}}, {"entity": "PatientHistory", "start_index": "382", "end_index": "390", "text": "seizure-", "attributes": {"Certainty": "5", "Negation": "Affirmed", "CUIPhrase": "seizure", "CUI": "C0036572"}}, {"entity": "PatientHistory", "start_index": "474", "end_index": "489", "text": "myoclonic-jerks", "attributes": {"Certainty": "5", "Negation": "Affirmed", "CUIPhrase": "myoclonic-jerks", "CUI": "C0027066"}}, {"entity": "SeizureFrequency", "start_index": "474", "end_index": "488", "text": "myoclonic-jerk", "attributes": {"FrequencyChange": "Infrequent", "CUIPhrase": "myoclonic-jerk", "CUI": "C0027066"}}]