[{"entity": "SeizureFrequency", "start_index": "173", "end_index": "198", "text": "Infrequent-focal-seizures", "attributes": {"FrequencyChange": "Infrequent", "CUIPhrase": "focal-seizures", "CUI": "C0751495"}}, {"entity": "Diagnosis", "start_index": "184", "end_index": "198", "text": "focal-seizures", "attributes": {"DiagCategory": "MultipleSeizures", "Certainty": "5", "Negation": "Affirmed", "CUIPhrase": "focal-seizures", "CUI": "C0751495"}}, {"entity": "PatientHistory", "start_index": "201", "end_index": "214", "text": "Hydrocephalus", "attributes": {"Certainty": "5", "Negation": "Affirmed", "CUIPhrase": "hydrocephalus", "CUI": "C0020255"}}, {"entity": "SeizureFrequency", "start_index": "340", "end_index": "356", "text": "further-seizures", "attributes": {"NumberOfSeizures": "0", "CUIPhrase": "seizures", "CUI": "C0036572"}}]