[{"entity": "Diagnosis", "start_index": "91", "end_index": "111", "text": "focal-onset-epilepsy", "attributes": {"DiagCategory": "Epilepsy", "Certainty": "4", "Negation": "Affirmed", "CUIPhrase": "focal-onset-epilepsy", "CUI": "C0014547"}}, {"entity": "PatientHistory", "start_index": "113", "end_index": "120", "text": "Anxiety", "attributes": {"Certainty": "5", "Negation": "Affirmed", "CUIPhrase": "anxiety", "CUI": "C0003467"}}, {"entity": "PatientHistory", "start_index": "122", "end_index": "139", "text": "Episodic-migraine", "attributes": {"Certainty": "5", "Negation": "Affirmed", "CUIPhrase": "migraine", "CUI": "C0149931"}}, {"entity": "Prescription", "start_index": "141", "end_index": "189", "text": "Current-medication-Brivaracetam-75mg-twice-a-day", "attributes": {"DrugName": "brivaracetam", "DrugDose": "75", "DoseUnit": "mg", "Frequency": "2", "CUIPhrase": "brivaracetam", "CUI": "C1699861"}}, {"entity": "Diagnosis", "start_index": "452", "end_index": "466", "text": "focal-seizures", "attributes": {"DiagCategory": "MultipleSeizures", "Certainty": "5", "Negation": "Affirmed", "CUIPhrase": "focal-seizures", "CUI": "C0751495"}}, {"entity": "SeizureFrequency", "start_index": "452", "end_index": "508", "text": "focal-seizures-now-happen-around-once-or-twice-per-month", "attributes": {"LowerNumberOfSeizures": "1", "UpperNumberOfSeizures": "2", "TimePeriod": "Month", "NumberOfTimePeriods": "1", "CUIPhrase": "focal-seizure", "CUI": "C0751495"}}, {"entity": "PatientHistory", "start_index": "551", "end_index": "559", "text": "seizures", "attributes": {"Certainty": "5", "Negation": "Affirmed", "CUIPhrase": "seizures", "CUI": "C0036572"}}]