[{"entity": "Diagnosis", "start_index": "74", "end_index": "101", "text": "juvenile-myoclonic-epilepsy", "attributes": {"DiagCategory": "Epilepsy", "Certainty": "5", "Negation": "Affirmed", "CUIPhrase": "juvenile-myoclonic-epilepsy", "CUI": "C0270853"}}, {"entity": "Diagnosis", "start_index": "131", "end_index": "165", "text": "generalised-tonic-clonic-seizures-", "attributes": {"DiagCategory": "MultipleSeizures", "Certainty": "5", "Negation": "Affirmed", "CUIPhrase": "generalised-tonic-clonic-seizures", "CUI": "C0494475"}}, {"entity": "SeizureFrequency", "start_index": "131", "end_index": "165", "text": "generalised-tonic-clonic-seizures-", "attributes": {"LowerNumberOfSeizures": "1", "UpperNumberOfSeizures": "2", "TimePeriod": "Month", "NumberOfTimePeriods": "1", "CUIPhrase": "generalised-tonic-clonic-seizures", "CUI": "C0494475"}}, {"entity": "PatientHistory", "start_index": "184", "end_index": "199", "text": "Myoclonic-jerks", "attributes": {"Certainty": "5", "Negation": "Affirmed", "CUIPhrase": "myoclonic-jerks", "CUI": "C0027066"}}, {"entity": "SeizureFrequency", "start_index": "184", "end_index": "199", "text": "Myoclonic-jerks", "attributes": {"NumberOfSeizures": "1", "TimePeriod": "Day", "NumberOfTimePeriods": "1", "CUIPhrase": "myoclonic-jerks", "CUI": "C0027066"}}, {"entity": "PatientHistory", "start_index": "218", "end_index": "226", "text": "absences", "attributes": {"Certainty": "5", "Negation": "Affirmed", "CUIPhrase": "absences", "CUI": "C0563606"}}, {"entity": "SeizureFrequency", "start_index": "218", "end_index": "225", "text": "absence", "attributes": {"FrequencyChange": "Infrequent", "CUIPhrase": "absence", "CUI": "C0563606"}}, {"entity": "Prescription", "start_index": "265", "end_index": "286", "text": "lamotrigine-250-mg-BD", "attributes": {"DrugName": "lamotrigine", "DrugDose": "250", "DoseUnit": "mg", "Frequency": "2", "CUIPhrase": "lamotrigine", "CUI": "C0064636"}}, {"entity": "Prescription", "start_index": "287", "end_index": "313", "text": "Sodium-valproate-700-mg-BD", "attributes": {"DrugName": "sodium-valproate", "DrugDose": "700", "DoseUnit": "mg", "Frequency": "2", "CUIPhrase": "sodium-valproate", "CUI": "C0037567"}}, {"entity": "Investigations", "start_index": "331", "end_index": "334", "text": "MRI", "attributes": {"MRI_Performed": "Yes", "MRI_Results": "Normal", "CUIPhrase": "normal-mri", "CUI": "C0436481"}}, {"entity": "Investigations", "start_index": "347", "end_index": "350", "text": "EEG", "attributes": {"EEG_Performed": "Yes", "EEG_Results": "Abnormal", "CUIPhrase": "abnormal-eeg", "CUI": "C0151611"}}, {"entity": "Diagnosis", "start_index": "480", "end_index": "488", "text": "epilepsy", "attributes": {"DiagCategory": "Epilepsy", "Certainty": "5", "Negation": "Affirmed", "CUIPhrase": "epilepsy", "CUI": "C0014544"}}, {"entity": "Diagnosis", "start_index": "536", "end_index": "545", "text": "-epilepsy", "attributes": {"DiagCategory": "Epilepsy", "Certainty": "5", "Negation": "Affirmed", "CUIPhrase": "epilepsy", "CUI": "C0014544"}}, {"entity": "Onset", "start_index": "537", "end_index": "571", "text": "epilepsy-started-at-the-each-of-12", "attributes": {"AgeUnit": "Year", "Age": "12", "Certainty": "5", "Negation": "Affirmed", "CUIPhrase": "epilepsy", "CUI": "C0014544"}}, {"entity": "Diagnosis", "start_index": "672", "end_index": "690", "text": "myoclonic-seizures", "attributes": {"DiagCategory": "MultipleSeizures", "Certainty": "5", "Negation": "Affirmed", "CUIPhrase": "myoclonic-seizures", "CUI": "C4317123"}}, {"entity": "Onset", "start_index": "709", "end_index": "742", "text": "generalised-tonic-chronic-seizure", "attributes": {"AgeUnit": "Year", "Age": "14", "Certainty": "5", "Negation": "Affirmed", "CUIPhrase": "generalised-tonic-clonic-seizure", "CUI": "C0494475"}}, {"entity": "Diagnosis", "start_index": "709", "end_index": "742", "text": "generalised-tonic-chronic-seizure", "attributes": {"DiagCategory": "SingleSeizure", "Certainty": "5", "Negation": "Affirmed", "CUIPhrase": "generalised-tonic-clonic-seizure", "CUI": "C0494475"}}, {"entity": "PatientHistory", "start_index": "780", "end_index": "795", "text": "myoclonic-jerks", "attributes": {"Certainty": "5", "Negation": "Affirmed", "CUIPhrase": "myoclonic-jerks", "CUI": "C0027066"}}, {"entity": "SeizureFrequency", "start_index": "780", "end_index": "796", "text": "myoclonic-jerks-", "attributes": {"FrequencyChange": "Frequent", "CUIPhrase": "myoclonic-jerks", "CUI": "C0027066"}}, {"entity": "Diagnosis", "start_index": "807", "end_index": "841", "text": "generalised-tonic-chronic-seizures", "attributes": {"DiagCategory": "MultipleSeizures", "Certainty": "5", "Negation": "Affirmed", "CUIPhrase": "generalised-tonic-clonic-seizures", "CUI": "C0494475"}}, {"entity": "Diagnosis", "start_index": "856", "end_index": "889", "text": "generalised-tonic-clonic-seizures", "attributes": {"DiagCategory": "MultipleSeizures", "Certainty": "5", "Negation": "Affirmed", "CUIPhrase": "generalised-tonic-clonic-seizures", "CUI": "C0494475"}}, {"entity": "SeizureFrequency", "start_index": "856", "end_index": "887", "text": "generalised-tonic-clonic-seizur", "attributes": {"FrequencyChange": "Frequent", "CUIPhrase": "generalised-tonic-clonic-seizures", "CUI": "C0494475"}}, {"entity": "Diagnosis", "start_index": "972", "end_index": "1005", "text": "generalised-tonic-clonic-seizures", "attributes": {"DiagCategory": "MultipleSeizures", "Certainty": "5", "Negation": "Affirmed", "CUIPhrase": "generalised-tonic-clonic-seizures", "CUI": "C0494475"}}, {"entity": "SeizureFrequency", "start_index": "972", "end_index": "1004", "text": "generalised-tonic-clonic-seizure", "attributes": {"LowerNumberOfSeizures": "1", "UpperNumberOfSeizures": "2", "TimePeriod": "Month", "NumberOfTimePeriods": "1", "CUIPhrase": "generalised-tonic-clonic-seizures", "CUI": "C0494475"}}, {"entity": "PatientHistory", "start_index": "1087", "end_index": "1094", "text": "anxiety", "attributes": {"Certainty": "5", "Negation": "Affirmed", "CUIPhrase": "anxiety", "CUI": "C0003467"}}, {"entity": "PatientHistory", "start_index": "1198", "end_index": "1218", "text": "clusters-of-seizures", "attributes": {"Certainty": "5", "Negation": "Affirmed", "CUIPhrase": "cluster-of-seizures", "CUI": "C3203523"}}, {"entity": "Diagnosis", "start_index": "1343", "end_index": "1370", "text": "juvenile-myoclonic-epilepsy", "attributes": {"DiagCategory": "Epilepsy", "Certainty": "5", "Negation": "Affirmed", "CUIPhrase": "juvenile-myoclonic-epilepsy", "CUI": "C0270853"}}, {"entity": "PatientHistory", "start_index": "1556", "end_index": "1563", "text": "anxiety", "attributes": {"Certainty": "5", "Negation": "Affirmed", "CUIPhrase": "anxiety", "CUI": "C0003467"}}, {"entity": "PatientHistory", "start_index": "1686", "end_index": "1694", "text": "seizures", "attributes": {"Certainty": "5", "Negation": "Affirmed", "CUIPhrase": "seizures", "CUI": "C0036572"}}, {"entity": "Diagnosis", "start_index": "1786", "end_index": "1795", "text": "epilepsy-", "attributes": {"DiagCategory": "Epilepsy", "Certainty": "5", "Negation": "Affirmed", "CUIPhrase": "epilepsy", "CUI": "C0014544"}}]