[{"entity": "Diagnosis", "start_index": "20", "end_index": "23", "text": "JME", "attributes": {"DiagCategory": "Epilepsy", "Certainty": "4", "Negation": "Affirmed", "CUIPhrase": "jme", "CUI": "C0270853"}}, {"entity": "Investigations", "start_index": "41", "end_index": "44", "text": "EEG", "attributes": {"EEG_Performed": "Yes", "EEG_Results": "Abnormal", "CUIPhrase": "eeg-abnormal", "CUI": "C0151611"}}, {"entity": "Investigations", "start_index": "107", "end_index": "111", "text": "MRI-", "attributes": {"MRI_Performed": "Yes", "MRI_Results": "Abnormal", "CUIPhrase": "mri-abnormal", "CUI": "C1319851"}}, {"entity": "PatientHistory", "start_index": "122", "end_index": "140", "text": "cerebellar-atrophy", "attributes": {"Certainty": "5", "Negation": "Affirmed", "CUIPhrase": "cerebellar-atrophy", "CUI": "C0740279"}}, {"entity": "Prescription", "start_index": "142", "end_index": "192", "text": "Medication:-lamotrigine-250-milligrams-twice-a-day", "attributes": {"DrugName": "lamotrigine", "DrugDose": "250", "DoseUnit": "mg", "Frequency": "2", "CUIPhrase": "lamotrigine", "CUI": "C0064636"}}, {"entity": "Prescription", "start_index": "193", "end_index": "227", "text": "Keppra-1000-milligrams-twice-a-day", "attributes": {"DrugName": "keppra", "DrugDose": "1000", "DoseUnit": "mg", "Frequency": "2", "CUIPhrase": "keppra", "CUI": "C0876060"}}]