[{"entity": "PatientHistory", "start_index": "91", "end_index": "122", "text": "non--epileptic-attacks-disorder", "attributes": {"Certainty": "5", "Negation": "Affirmed", "CUIPhrase": "non-epileptic-attacks", "CUI": "C3495874"}}, {"entity": "Diagnosis", "start_index": "123", "end_index": "137", "text": "Focal-seizures", "attributes": {"DiagCategory": "MultipleSeizures", "Certainty": "5", "Negation": "Affirmed", "CUIPhrase": "focal-seizures", "CUI": "C0751495"}}, {"entity": "Diagnosis", "start_index": "123", "end_index": "167", "text": "Focal-seizures-with-secondary-generalisation", "attributes": {"DiagCategory": "MultipleSeizures", "Certainty": "5", "Negation": "Affirmed", "CUIPhrase": "secondary-generalised-seizures", "CUI": "C0270838"}}, {"entity": "Prescription", "start_index": "169", "end_index": "210", "text": "Medication:-lamotrigine-125mg-twice-a-day", "attributes": {"DrugName": "lamotrigine", "DrugDose": "125", "DoseUnit": "mg", "Frequency": "2", "CUIPhrase": "lamotrigine-HSAddedCUI", "CUI": "C0064636"}}, {"entity": "Prescription", "start_index": "213", "end_index": "240", "text": "Clobazam-10mg-once-at-night", "attributes": {"DrugName": "clobazam", "DrugDose": "10", "DoseUnit": "mg", "Frequency": "1", "CUIPhrase": "clobazam-HSAddedCUI", "CUI": "C0055891"}}, {"entity": "Investigations", "start_index": "242", "end_index": "245", "text": "EEG", "attributes": {"EEG_Performed": "Yes", "EEG_Results": "Normal", "CUIPhrase": "eeg-normal", "CUI": "C0560017"}}, {"entity": "Investigations", "start_index": "323", "end_index": "376", "text": "MRI-(February-2011)-non-specific-white-matter-changes", "attributes": {"MRI_Performed": "Yes", "MRI_Results": "Abnormal", "CUIPhrase": "mri-abnormal", "CUI": "C1319851"}}, {"entity": "PatientHistory", "start_index": "508", "end_index": "527", "text": "cluster-of-seizures", "attributes": {"Certainty": "5", "Negation": "Affirmed", "CUIPhrase": "cluster-of-seizures", "CUI": "C3203523"}}, {"entity": "PatientHistory", "start_index": "770", "end_index": "787", "text": "she-get-a-seizure", "attributes": {"Certainty": "5", "Negation": "Affirmed", "CUIPhrase": "seizure", "CUI": "C0036572"}}, {"entity": "PatientHistory", "start_index": "936", "end_index": "958", "text": "e-nonepileptic-attacks", "attributes": {"Certainty": "4", "Negation": "Affirmed", "CUIPhrase": "non-epileptic-attacks", "CUI": "C3495874"}}, {"entity": "PatientHistory", "start_index": "938", "end_index": "982", "text": "nonepileptic-attacks-(dissociative-seizures)", "attributes": {"Certainty": "4", "Negation": "Affirmed", "CUIPhrase": "dissociative-seizures", "CUI": "C0349245"}}]