[{"entity": "Diagnosis", "start_index": "12", "end_index": "34", "text": "Temporal-lobe-epilepsy", "attributes": {"DiagCategory": "Epilepsy", "Certainty": "5", "Negation": "Affirmed", "CUIPhrase": "temporal-lobe-epilepsy", "CUI": "C0014556"}}, {"entity": "Diagnosis", "start_index": "66", "end_index": "103", "text": "Focal-seizures-with-altered-awareness", "attributes": {"DiagCategory": "MultipleSeizures", "Certainty": "5", "Negation": "Affirmed", "CUIPhrase": "focal-seizures-with-altered-awareness", "CUI": "C0270834"}}, {"entity": "SeizureFrequency", "start_index": "67", "end_index": "102", "text": "ocal-seizures-with-altered-awarenes", "attributes": {"NumberOfSeizures": "1", "TimePeriod": "Week", "NumberOfTimePeriods": "2", "CUIPhrase": "focal-seizures-with-altered-awareness", "CUI": "C0270834"}}, {"entity": "Diagnosis", "start_index": "134", "end_index": "172", "text": "Focal-to-bilateral-convulsive-seizures", "attributes": {"DiagCategory": "MultipleSeizures", "Certainty": "5", "Negation": "Affirmed", "CUIPhrase": "focal-to-bilateral-convulsive-seizures", "CUI": "C0877017"}}, {"entity": "SeizureFrequency", "start_index": "134", "end_index": "171", "text": "Focal-to-bilateral-convulsive-seizure", "attributes": {"NumberOfSeizures": "0", "MonthDate": "12", "YearDate": "2017", "TimeSince_or_TimeOfEvent": "Since", "CUIPhrase": "focal-to-bilateral-convulsive-seizure", "CUI": "C0877017"}}, {"entity": "Prescription", "start_index": "244", "end_index": "259", "text": "eslicarbazepine", "attributes": {"DrugName": "EslicarbazepineAcetate", "DrugDose": "800", "DoseUnit": "mg", "Frequency": "1", "CUIPhrase": "eslicarbazepine", "CUI": "C2725260"}}, {"entity": "Prescription", "start_index": "279", "end_index": "307", "text": "Zonisamide-75-mg-twice-a-day", "attributes": {"DrugName": "zonisamide", "DrugDose": "75", "DoseUnit": "mg", "Frequency": "2", "CUIPhrase": "zonisamide", "CUI": "C0078844"}}, {"entity": "Diagnosis", "start_index": "578", "end_index": "587", "text": "epilepsy-", "attributes": {"DiagCategory": "Epilepsy", "Certainty": "5", "Negation": "Affirmed", "CUIPhrase": "epilepsy", "CUI": "C0014544"}}, {"entity": "PatientHistory", "start_index": "605", "end_index": "613", "text": "seizures", "attributes": {"YearDate": "2003", "Certainty": "5", "Negation": "Affirmed", "CUIPhrase": "seizures", "CUI": "C0036572"}}, {"entity": "PatientHistory", "start_index": "605", "end_index": "612", "text": "seizure", "attributes": {"AgeUnit": "Year", "Age": "31", "Certainty": "5", "Negation": "Affirmed", "CUIPhrase": "seizures", "CUI": "C0036572"}}, {"entity": "Diagnosis", "start_index": "670", "end_index": "708", "text": "focal-to-bilateral-convulsive-seizures", "attributes": {"DiagCategory": "MultipleSeizures", "Certainty": "5", "Negation": "Affirmed", "CUIPhrase": "focal-to-bilateral-convulsive-seizures", "CUI": "C0877017"}}, {"entity": "SeizureFrequency", "start_index": "671", "end_index": "708", "text": "ocal-to-bilateral-convulsive-seizures", "attributes": {"NumberOfSeizures": "0", "MonthDate": "12", "YearDate": "2017", "TimeSince_or_TimeOfEvent": "Since", "CUIPhrase": "focal-to-bilateral-convulsive-seizures", "CUI": "C0877017"}}, {"entity": "SeizureFrequency", "start_index": "672", "end_index": "708", "text": "cal-to-bilateral-convulsive-seizures", "attributes": {"FrequencyChange": "Infrequent", "CUIPhrase": "focal-to-bilateral-convulsive-seizures", "CUI": "C0877017"}}, {"entity": "BirthHistory", "start_index": "818", "end_index": "831", "text": "born-normally", "attributes": {"Certainty": "5", "Negation": "Affirmed", "CUIPhrase": "born-normally", "CUI": "C3665337"}}, {"entity": "PatientHistory", "start_index": "854", "end_index": "870", "text": "febrile-seizures", "attributes": {"AgeUnit": "Month", "AgeLower": "12", "AgeUpper": "30", "Certainty": "5", "Negation": "Affirmed", "CUIPhrase": "febrile-seizures", "CUI": "C0009952"}}, {"entity": "PatientHistory", "start_index": "971", "end_index": "989", "text": "severe-head-injury", "attributes": {"YearDate": "2017", "Certainty": "5", "Negation": "Affirmed", "CUIPhrase": "head-injury", "CUI": "C0497301"}}, {"entity": "SeizureFrequency", "start_index": "1019", "end_index": "1036", "text": "convulsive-seizur", "attributes": {"NumberOfSeizures": "0", "YearDate": "2017", "TimeSince_or_TimeOfEvent": "Since", "CUIPhrase": "convulsive-seizure", "CUI": "C0751494"}}, {"entity": "PatientHistory", "start_index": "1019", "end_index": "1035", "text": "convulsive-seizu", "attributes": {"Certainty": "5", "Negation": "Affirmed", "CUIPhrase": "convulsive-seizure", "CUI": "C0751494"}}, {"entity": "Investigations", "start_index": "1090", "end_index": "1099", "text": "MRI-brain", "attributes": {"MRI_Performed": "Yes", "MRI_Results": "Abnormal", "CUIPhrase": "mri-abnormal", "CUI": "C1319851"}}, {"entity": "PatientHistory", "start_index": "1134", "end_index": "1142", "text": "gliosis-", "attributes": {"Certainty": "5", "Negation": "Affirmed", "CUIPhrase": "gliosis", "CUI": "C0017639"}}, {"entity": "Investigations", "start_index": "1183", "end_index": "1187", "text": "EEG-", "attributes": {"EEG_Performed": "Yes", "EEG_Results": "Abnormal", "CUIPhrase": "eeg-abnormal", "CUI": "C0151611"}}]