[{"entity": "PatientHistory", "start_index": "390", "end_index": "398", "text": "collapse", "attributes": {"Certainty": "5", "Negation": "Affirmed", "C0151744": "collapse", "CUI": "C0344329"}}, {"entity": "PatientHistory", "start_index": "449", "end_index": "472", "text": "ischaemic-heart-disease", "attributes": {"CUI": "C0151744", "CUIPhrase": "ischaemic", "Negation": "Affirmed", "Certainty": "5"}}, {"entity": "PatientHistory", "start_index": "492", "end_index": "500", "text": "diabetes", "attributes": {"CUI": "C0011847", "CUIPhrase": "diabetes", "Negation": "Affirmed", "Certainty": "5"}}, {"entity": "PatientHistory", "start_index": "474", "end_index": "486", "text": "hypertension", "attributes": {"Certainty": "5", "CUI": "C0020538", "CUIPhrase": "hypertension", "Negation": "Affirmed"}}, {"entity": "Investigations", "start_index": "1334", "end_index": "1336", "text": "CT", "attributes": {"CUIPhrase": "normal-ct", "CUI": "C0744602", "CT_Performed": "Yes", "CT_Results": "Normal"}}]