[{"entity": "PatientHistory", "start_index": "21", "end_index": "29", "text": "migraine", "attributes": {"Certainty": "5", "Negation": "Affirmed", "CUIPhrase": "migraine", "CUI": "C0149931"}}, {"entity": "Diagnosis", "start_index": "62", "end_index": "99", "text": "Symptomatic-structural-focal-epilepsy", "attributes": {"DiagCategory": "Epilepsy", "Certainty": "5", "Negation": "Affirmed", "CUIPhrase": "symptomatic-structural-focal-epilepsy", "CUI": "C0472349"}}, {"entity": "BirthHistory", "start_index": "110", "end_index": "126", "text": "perinatal-insult", "attributes": {"Certainty": "4", "Negation": "Affirmed", "CUIPhrase": "perinatal-insult", "CUI": "C0005604"}}, {"entity": "EpilepsyCause", "start_index": "111", "end_index": "126", "text": "erinatal-insult", "attributes": {"Certainty": "4", "Negation": "Affirmed", "CUIPhrase": "perinatal-insult", "CUI": "C0005604"}}, {"entity": "PatientHistory", "start_index": "205", "end_index": "215", "text": "migraines-", "attributes": {"Certainty": "5", "Negation": "Affirmed", "CUIPhrase": "migraines", "CUI": "C0149931"}}, {"entity": "Prescription", "start_index": "432", "end_index": "444", "text": "lamotrigine-", "attributes": {"DrugName": "Lamotrigine", "DrugDose": "150", "DoseUnit": "mg", "Frequency": "2", "CUIPhrase": "lamotrigine", "CUI": "C0064636"}}, {"entity": "SeizureFrequency", "start_index": "467", "end_index": "476", "text": "seizures-", "attributes": {"NumberOfSeizures": "0", "AgeUnit": "Year", "AgeLower": "13", "AgeUpper": "19", "TimeSince_or_TimeOfEvent": "Since", "CUIPhrase": "seizures", "CUI": "C0036572"}}, {"entity": "PatientHistory", "start_index": "467", "end_index": "474", "text": "seizure", "attributes": {"Certainty": "5", "Negation": "Affirmed", "CUIPhrase": "seizure", "CUI": "C0036572"}}, {"entity": "Diagnosis", "start_index": "538", "end_index": "576", "text": "focal-to-bilateral-convulsive-seizures", "attributes": {"DiagCategory": "MultipleSeizures", "Certainty": "5", "Negation": "Affirmed", "CUIPhrase": "focal-to-bilateral-convulsive-seizures", "CUI": "C0877017"}}, {"entity": "BirthHistory", "start_index": "697", "end_index": "719", "text": "Special-care-baby-Unit", "attributes": {"Certainty": "5", "Negation": "Affirmed", "CUIPhrase": "special-care-baby-unit", "CUI": "C0583275"}}, {"entity": "PatientHistory", "start_index": "731", "end_index": "747", "text": "febrile-seizures", "attributes": {"AgeUnit": "Year", "AgeLower": "3", "AgeUpper": "5", "Certainty": "5", "Negation": "Affirmed", "CUIPhrase": "febrile-seizures", "CUI": "C0009952"}}, {"entity": "PatientHistory", "start_index": "802", "end_index": "818", "text": "viral-meningitis", "attributes": {"AgeUnit": "Year", "AgeLower": "17", "AgeUpper": "19", "Certainty": "5", "Negation": "Affirmed", "CUIPhrase": "meningitis", "CUI": "C0025289"}}, {"entity": "Investigations", "start_index": "898", "end_index": "907", "text": "MRI-brain", "attributes": {"MRI_Performed": "Yes", "MRI_Results": "Abnormal", "CUIPhrase": "mri-abnormal", "CUI": "C1319851"}}, {"entity": "BirthHistory", "start_index": "1036", "end_index": "1052", "text": "perinatal-insult", "attributes": {"Certainty": "4", "Negation": "Affirmed", "CUIPhrase": "perinatal-insult", "CUI": "C0005604"}}, {"entity": "PatientHistory", "start_index": "1083", "end_index": "1092", "text": "migraine-", "attributes": {"Certainty": "5", "Negation": "Affirmed", "CUIPhrase": "migraine", "CUI": "C0149931"}}, {"entity": "Diagnosis", "start_index": "1323", "end_index": "1331", "text": "epilepsy", "attributes": {"DiagCategory": "Epilepsy", "Certainty": "5", "Negation": "Affirmed", "CUIPhrase": "epilepsy", "CUI": "C0014544"}}]