[{"entity": "Diagnosis", "start_index": "94", "end_index": "116", "text": "temporal-lobe-epilepsy", "attributes": {"DiagCategory": "Epilepsy", "Certainty": "5", "Negation": "Affirmed", "CUIPhrase": "temporal-lobe-epilepsy", "CUI": "C0014556"}}, {"entity": "Prescription", "start_index": "154", "end_index": "214", "text": "Carbamazepine-400mg-bd-(to-change-to-eslicarbazine-as-below)", "attributes": {"DrugName": "carbamazepine", "DrugDose": "400", "DoseUnit": "mg", "Frequency": "2", "CUIPhrase": "carbamazepine", "CUI": "C0006949"}}, {"entity": "Prescription", "start_index": "217", "end_index": "236", "text": "Zonisamide-100mg-bd", "attributes": {"DrugName": "zonisamide", "DrugDose": "100", "DoseUnit": "mg", "Frequency": "2", "CUIPhrase": "zonisamide", "CUI": "C0078844"}}]