[{"entity": "PatientHistory", "start_index": "139", "end_index": "150", "text": "lobe-damage", "attributes": {"Certainty": "5", "Negation": "Affirmed", "CUIPhrase": "lobe-damage", "CUI": "C1456496"}}, {"entity": "PatientHistory", "start_index": "153", "end_index": "160", "text": "Anxiety", "attributes": {"CUI": "C0003467", "CUIPhrase": "anxiety", "Certainty": "5", "Negation": "Affirmed"}}, {"entity": "Diagnosis", "start_index": "622", "end_index": "630", "text": "epilepsy", "attributes": {"DiagCategory": "Epilepsy", "Certainty": "5", "Negation": "Affirmed", "CUIPhrase": "epilepsy", "CUI": "C0014544"}}, {"entity": "Prescription", "start_index": "197", "end_index": "264", "text": "Levetiracetam-750mg-bd-(To-change-to-lamotrigine-as-detailed-below)", "attributes": {"DoseUnit": "mg", "CUIPhrase": "levetiracetam", "DrugDose": "750", "Frequency": "2", "CUI": "C0377265", "DrugName": "levetiracetam"}}, {"entity": "SeizureFrequency", "start_index": "447", "end_index": "455", "text": "seizures", "attributes": {"NumberOfSeizures": "0", "CUI": "C0036572", "CUIPhrase": "seizures", "PointInTime": "LastClinic"}}, {"entity": "Diagnosis", "start_index": "295", "end_index": "325", "text": "Focal-onset-convulsive-seizure", "attributes": {"CUIPhrase": "focal-to-bilateral-convulsive-seizure", "Negation": "Affirmed", "Certainty": "5", "CUI": "C0877017", "DiagCategory": "MultipleSeizures"}}, {"entity": "SeizureFrequency", "start_index": "295", "end_index": "325", "text": "Focal-onset-convulsive-seizure", "attributes": {"YearDate": "2019", "NumberOfSeizures": "0", "MonthDate": "4", "CUI": "C0877017", "CUIPhrase": "focal-to-bilateral-convulsive-seizure"}}, {"entity": "Diagnosis", "start_index": "746", "end_index": "754", "text": "epilepsy", "attributes": {"Negation": "Affirmed", "Certainty": "4", "CUIPhrase": "epilepsy", "DiagCategory": "Epilepsy", "CUI": "C0014544"}}, {"entity": "Diagnosis", "start_index": "95", "end_index": "115", "text": "Focal-onset-epilepsy", "attributes": {"CUI": "C0014547", "CUIPhrase": "focal-onset-epilepsy", "Negation": "Affirmed", "Certainty": "5", "DiagCategory": "Epilepsy"}}, {"entity": "Investigations", "start_index": "780", "end_index": "783", "text": "MRI", "attributes": {"MRI_Results": "Abnormal", "MRI_Performed": "Yes", "CUI": "C1319851", "CUIPhrase": "abnormal-mri"}}]