[{"entity": "PatientHistory", "start_index": "88", "end_index": "94", "text": "jerks-", "attributes": {"Certainty": "5", "Negation": "Affirmed", "CUIPhrase": "jerks", "CUI": "C0231530"}}, {"entity": "PatientHistory", "start_index": "493", "end_index": "499", "text": "jerks-", "attributes": {"Certainty": "5", "Negation": "Affirmed", "CUIPhrase": "jerks", "CUI": "C0231530"}}, {"entity": "Diagnosis", "start_index": "675", "end_index": "683", "text": "epilepsy", "attributes": {"DiagCategory": "Epilepsy", "Certainty": "4", "Negation": "Affirmed", "CUIPhrase": "epilepsy", "CUI": "C0014544"}}]