[{"entity": "Diagnosis", "start_index": "11", "end_index": "45", "text": "generalised-tonic-chronic-seizures", "attributes": {"DiagCategory": "MultipleSeizures", "Certainty": "5", "Negation": "Affirmed", "CUIPhrase": "generalised-tonic-clonic-seizures", "CUI": "C0494475"}}, {"entity": "Onset", "start_index": "11", "end_index": "44", "text": "generalised-tonic-chronic-seizure", "attributes": {"AgeUnit": "Year", "AgeLower": "13", "AgeUpper": "19", "Certainty": "5", "Negation": "Affirmed", "CUIPhrase": "generalised-tonic-clonic-seizures", "CUI": "C0494475"}}, {"entity": "PatientHistory", "start_index": "47", "end_index": "56", "text": "absences-", "attributes": {"AgeUnit": "Year", "AgeLower": "13", "AgeUpper": "19", "Certainty": "5", "Negation": "Affirmed", "CUIPhrase": "absences", "CUI": "C0563606"}}, {"entity": "PatientHistory", "start_index": "60", "end_index": "75", "text": "myoclonic-jerks", "attributes": {"AgeUnit": "Year", "AgeLower": "13", "AgeUpper": "19", "Certainty": "5", "Negation": "Affirmed", "CUIPhrase": "myoclonic-jerks", "CUI": "C0027066"}}, {"entity": "Diagnosis", "start_index": "97", "end_index": "100", "text": "JME", "attributes": {"DiagCategory": "Epilepsy", "Certainty": "3", "Negation": "Affirmed", "CUIPhrase": "jme", "CUI": "C0270853"}}, {"entity": "Prescription", "start_index": "103", "end_index": "153", "text": "Medication:-lamotrigine-150-milligrams-twice-a-day", "attributes": {"DrugName": "lamotrigine", "DrugDose": "150", "DoseUnit": "mg", "Frequency": "2", "CUIPhrase": "lamotrigine", "CUI": "C0064636"}}, {"entity": "Prescription", "start_index": "154", "end_index": "188", "text": "Keppra-1000-milligrams-twice-a-day", "attributes": {"DrugName": "keppra", "DrugDose": "1000", "DoseUnit": "mg", "Frequency": "2", "CUIPhrase": "keppra", "CUI": "C0876060"}}, {"entity": "Onset", "start_index": "194", "end_index": "201", "text": "epileps", "attributes": {"AgeUnit": "Year", "AgeLower": "13", "AgeUpper": "19", "Certainty": "5", "Negation": "Affirmed", "CUIPhrase": "epilepsy", "CUI": "C0014544"}}, {"entity": "Diagnosis", "start_index": "258", "end_index": "285", "text": "juvenile-myoclonic-epilepsy", "attributes": {"DiagCategory": "Epilepsy", "Certainty": "4", "Negation": "Affirmed", "CUIPhrase": "juvenile-myoclonic-epilepsy", "CUI": "C0270853"}}, {"entity": "Investigations", "start_index": "308", "end_index": "312", "text": "EEG-", "attributes": {"EEG_Performed": "Yes", "EEG_Results": "Abnormal", "CUIPhrase": "eeg-abnormal", "CUI": "C0151611"}}, {"entity": "Diagnosis", "start_index": "358", "end_index": "367", "text": "epilepsy-", "attributes": {"DiagCategory": "Epilepsy", "Certainty": "5", "Negation": "Affirmed", "CUIPhrase": "epilepsy", "CUI": "C0014544"}}]