[{"entity": "Diagnosis", "start_index": "134", "end_index": "178", "text": "symptomatic-structural-frontal-lobe-epilepsy", "attributes": {"DiagCategory": "Epilepsy", "Certainty": "5", "Negation": "Affirmed", "CUIPhrase": "symptomatic-structural-focal-epilepsy", "CUI": "C0472349"}}, {"entity": "Diagnosis", "start_index": "157", "end_index": "178", "text": "frontal-lobe-epilepsy", "attributes": {"DiagCategory": "Epilepsy", "Certainty": "5", "Negation": "Affirmed", "CUIPhrase": "frontal-lobe-epilepsy", "CUI": "C0085541"}}, {"entity": "PatientHistory", "start_index": "205", "end_index": "223", "text": "cortical-dysplasia", "attributes": {"Certainty": "5", "Negation": "Affirmed", "CUIPhrase": "cortical-dysplasia", "CUI": "C0431380"}}, {"entity": "Diagnosis", "start_index": "252", "end_index": "289", "text": "focal-seizures-with-altered-awareness", "attributes": {"DiagCategory": "MultipleSeizures", "Certainty": "5", "Negation": "Affirmed", "CUIPhrase": "focal-seizures-with-altered-awareness", "CUI": "C0270834"}}, {"entity": "SeizureFrequency", "start_index": "252", "end_index": "289", "text": "focal-seizures-with-altered-awareness", "attributes": {"NumberOfSeizures": "1", "TimePeriod": "Week", "NumberOfTimePeriods": "1", "CUIPhrase": "focal-seizures-with-altered-awareness", "CUI": "C0270834"}}, {"entity": "Diagnosis", "start_index": "330", "end_index": "369", "text": "Focal-to-bilateral-convulsive-seizures-", "attributes": {"DiagCategory": "MultipleSeizures", "Certainty": "5", "Negation": "Affirmed", "CUIPhrase": "focal-to-bilateral-convulsive-seizures", "CUI": "C0877017"}}, {"entity": "SeizureFrequency", "start_index": "330", "end_index": "367", "text": "Focal-to-bilateral-convulsive-seizure", "attributes": {"NumberOfSeizures": "1", "MonthDate": "8", "YearDate": "2014", "TimeSince_or_TimeOfEvent": "During", "CUIPhrase": "focal-to-bilateral-convulsive-seizures", "CUI": "C0877017"}}, {"entity": "SeizureFrequency", "start_index": "330", "end_index": "366", "text": "Focal-to-bilateral-convulsive-seizur", "attributes": {"NumberOfSeizures": "1", "MonthDate": "9", "YearDate": "2015", "TimeSince_or_TimeOfEvent": "During", "CUIPhrase": "focal-to-bilateral-convulsive-seizures", "CUI": "C0877017"}}, {"entity": "Prescription", "start_index": "400", "end_index": "440", "text": "Current-medication:-Lamotrigine-150mg-bd", "attributes": {"DrugName": "lamotrigine", "DrugDose": "150", "DoseUnit": "mg", "Frequency": "2", "CUIPhrase": "lamotrigine", "CUI": "C0064636"}}, {"entity": "Diagnosis", "start_index": "752", "end_index": "789", "text": "focal-seizures-with-altered-awareness", "attributes": {"DiagCategory": "MultipleSeizures", "Certainty": "5", "Negation": "Affirmed", "CUIPhrase": "focal-seizures-with-altered-awareness", "CUI": "C0270834"}}, {"entity": "SeizureFrequency", "start_index": "752", "end_index": "789", "text": "focal-seizures-with-altered-awareness", "attributes": {"NumberOfSeizures": "1", "TimePeriod": "Week", "NumberOfTimePeriods": "1", "CUIPhrase": "focal-seizures-with-altered-awareness", "CUI": "C0270834"}}, {"entity": "Diagnosis", "start_index": "900", "end_index": "937", "text": "focal-to-bilateral-convulsive-seizure", "attributes": {"DiagCategory": "MultipleSeizures", "Certainty": "5", "Negation": "Affirmed", "CUIPhrase": "focal-to-bilateral-convulsive-seizure", "CUI": "C0877017"}}, {"entity": "SeizureFrequency", "start_index": "900", "end_index": "937", "text": "focal-to-bilateral-convulsive-seizure", "attributes": {"NumberOfSeizures": "0", "TimePeriod": "Year", "NumberOfTimePeriods": "3", "CUIPhrase": "focal-to-bilateral-convulsive-seizure", "CUI": "C0877017"}}, {"entity": "Investigations", "start_index": "1224", "end_index": "1227", "text": "MRI", "attributes": {"MRI_Performed": "Yes", "MRI_Results": "Abnormal", "CUIPhrase": "abnormal-mri", "CUI": "C1319851"}}, {"entity": "PatientHistory", "start_index": "1418", "end_index": "1436", "text": "cortical-dysplasia", "attributes": {"Certainty": "4", "Negation": "Affirmed", "CUIPhrase": "cortical-dysplasia", "CUI": "C0431380"}}]