[{"entity": "Diagnosis", "start_index": "21", "end_index": "73", "text": "symptomatic,-structural-right-temporal-lobe-epilepsy", "attributes": {"DiagCategory": "Epilepsy", "Certainty": "5", "Negation": "Affirmed", "CUIPhrase": "symptomatic-structural-focal-epilepsy", "CUI": "C0472349"}}, {"entity": "Diagnosis", "start_index": "51", "end_index": "73", "text": "temporal-lobe-epilepsy", "attributes": {"DiagCategory": "Epilepsy", "Certainty": "5", "Negation": "Affirmed", "CUIPhrase": "temporal-lobe-epilepsy", "CUI": "C0014556"}}, {"entity": "PatientHistory", "start_index": "74", "end_index": "98", "text": "Subarachnoid-haemorrhage", "attributes": {"YearDate": "2017", "Certainty": "5", "Negation": "Affirmed", "CUIPhrase": "subarachnoid-haemorrhage", "CUI": "C0038525"}}, {"entity": "Prescription", "start_index": "152", "end_index": "181", "text": "lamotrigine-75-mg-twice-a-day", "attributes": {"DrugName": "lamotrigine", "DrugDose": "75", "DoseUnit": "mg", "Frequency": "2", "CUIPhrase": "lamotrigine", "CUI": "C0064636"}}, {"entity": "Diagnosis", "start_index": "239", "end_index": "276", "text": "focal-seizures-with-loss-of-awareness", "attributes": {"DiagCategory": "MultipleSeizures", "Certainty": "5", "Negation": "Affirmed", "CUIPhrase": "focal-seizures-with-loss-of-awareness", "CUI": "C0270834"}}, {"entity": "SeizureFrequency", "start_index": "239", "end_index": "276", "text": "focal-seizures-with-loss-of-awareness", "attributes": {"LowerNumberOfSeizures": "2", "UpperNumberOfSeizures": "3", "TimePeriod": "Month", "NumberOfTimePeriods": "1", "CUIPhrase": "focal-seizures-with-loss-of-awareness", "CUI": "C0270834"}}, {"entity": "Investigations", "start_index": "341", "end_index": "348", "text": "CT-head", "attributes": {"CT_Performed": "Yes", "CT_Results": "Abnormal", "CUIPhrase": "ct-abnormal", "CUI": "C0436539"}}, {"entity": "PatientHistory", "start_index": "493", "end_index": "501", "text": "absences", "attributes": {"Certainty": "5", "Negation": "Affirmed", "CUIPhrase": "absences", "CUI": "C0563606"}}, {"entity": "Diagnosis", "start_index": "513", "end_index": "527", "text": "focal-seizures", "attributes": {"DiagCategory": "MultipleSeizures", "Certainty": "5", "Negation": "Affirmed", "CUIPhrase": "focal-seizures", "CUI": "C0751495"}}, {"entity": "PatientHistory", "start_index": "731", "end_index": "739", "text": "seizure-", "attributes": {"Certainty": "5", "Negation": "Affirmed", "CUIPhrase": "seizure", "CUI": "C0036572"}}, {"entity": "PatientHistory", "start_index": "779", "end_index": "787", "text": "seizures", "attributes": {"Certainty": "5", "Negation": "Affirmed", "CUIPhrase": "seizures", "CUI": "C0036572"}}]