[{"entity": "Diagnosis", "start_index": "191", "end_index": "217", "text": "Symptomatic-focal-epilepsy", "attributes": {"DiagCategory": "Epilepsy", "Certainty": "5", "Negation": "Affirmed", "CUIPhrase": "symptomatic-focal-epilepsy", "CUI": "C0472349"}}, {"entity": "PatientHistory", "start_index": "223", "end_index": "231", "text": "Dementia", "attributes": {"Certainty": "5", "Negation": "Affirmed", "CUIPhrase": "dementia", "CUI": "C0497327"}}, {"entity": "Prescription", "start_index": "245", "end_index": "299", "text": "Levetiracetam-250mg-bd-(to-increase-as-detailed-below)", "attributes": {"DrugName": "levetiracetam", "DrugDose": "250", "DoseUnit": "mg", "Frequency": "2", "CUIPhrase": "levetiracetam", "CUI": "C0377265"}}, {"entity": "Prescription", "start_index": "302", "end_index": "318", "text": "Buccal-midazolam", "attributes": {"Frequency": "As_Required", "CUIPhrase": "midazolam", "CUI": "C0026056"}}, {"entity": "Diagnosis", "start_index": "436", "end_index": "473", "text": "focal-seizures-with-altered-awareness", "attributes": {"DiagCategory": "MultipleSeizures", "Certainty": "5", "Negation": "Affirmed", "CUIPhrase": "focal-seizures-with-altered-awareness", "CUI": "C0270834"}}, {"entity": "Diagnosis", "start_index": "478", "end_index": "508", "text": "secondary-generalised-seizures", "attributes": {"DiagCategory": "MultipleSeizures", "Certainty": "5", "Negation": "Affirmed", "CUIPhrase": "secondary-generalised-seizures", "CUI": "C0270838"}}, {"entity": "SeizureFrequency", "start_index": "500", "end_index": "511", "text": "seizures,-l", "attributes": {"NumberOfSeizures": "0", "MonthDate": "2", "YearDate": "2010", "TimeSince_or_TimeOfEvent": "Since", "CUIPhrase": "seizures", "CUI": "C0036572"}}, {"entity": "Investigations", "start_index": "547", "end_index": "550", "text": "CT-", "attributes": {"CT_Performed": "Yes", "CT_Results": "Abnormal", "CUIPhrase": "ct-abnormal", "CUI": "C0436539"}}, {"entity": "PatientHistory", "start_index": "583", "end_index": "596", "text": "brain-atrophy", "attributes": {"Certainty": "5", "Negation": "Affirmed", "CUIPhrase": "brain-atrophy", "CUI": "C0235946"}}, {"entity": "PatientHistory", "start_index": "681", "end_index": "700", "text": "convulsive-seizures", "attributes": {"MonthDate": "2", "Certainty": "5", "Negation": "Affirmed", "CUIPhrase": "convulsive-seizures", "CUI": "C0751494"}}, {"entity": "PatientHistory", "start_index": "959", "end_index": "967", "text": "dementia", "attributes": {"Certainty": "5", "Negation": "Affirmed", "CUIPhrase": "dementia", "CUI": "C0497327"}}, {"entity": "PatientHistory", "start_index": "1097", "end_index": "1114", "text": "\u201cblank\u201d-episodes-", "attributes": {"Certainty": "5", "Negation": "Affirmed", "CUIPhrase": "blank-episodes", "CUI": "C0563606"}}, {"entity": "Diagnosis", "start_index": "1260", "end_index": "1268", "text": "epilepsy", "attributes": {"DiagCategory": "Epilepsy", "Certainty": "5", "Negation": "Affirmed", "CUIPhrase": "epilepsy", "CUI": "C0014544"}}, {"entity": "EpilepsyCause", "start_index": "1312", "end_index": "1320", "text": "dementia", "attributes": {"Certainty": "4", "Negation": "Affirmed", "CUIPhrase": "dementia", "CUI": "C0497327"}}, {"entity": "PatientHistory", "start_index": "1312", "end_index": "1320", "text": "dementia", "attributes": {"Certainty": "5", "Negation": "Affirmed", "CUIPhrase": "dementia", "CUI": "C0497327"}}, {"entity": "Diagnosis", "start_index": "1371", "end_index": "1408", "text": "focal-seizures-with-altered-awareness", "attributes": {"DiagCategory": "MultipleSeizures", "Certainty": "4", "Negation": "Affirmed", "CUIPhrase": "focal-seizures-with-altered-awareness", "CUI": "C0270834"}}, {"entity": "Diagnosis", "start_index": "1578", "end_index": "1587", "text": "epilepsy-", "attributes": {"DiagCategory": "Epilepsy", "Certainty": "5", "Negation": "Affirmed", "CUIPhrase": "epilepsy", "CUI": "C0014544"}}]