[{"entity": "Diagnosis", "start_index": "192", "end_index": "220", "text": "primary-generalised-epilepsy", "attributes": {"DiagCategory": "Epilepsy", "Certainty": "5", "Negation": "Affirmed", "CUIPhrase": "primary-generalised-epilepsy", "CUI": "C0270850"}}, {"entity": "Prescription", "start_index": "258", "end_index": "271", "text": "Levetiracetam", "attributes": {"DrugName": "Levetiracetam", "DrugDose": "1", "DoseUnit": "g", "Frequency": "1", "CUIPhrase": "levetiracetam", "CUI": "C0377265"}}, {"entity": "Prescription", "start_index": "258", "end_index": "272", "text": "Levetiracetam-", "attributes": {"DrugName": "Levetiracetam", "DrugDose": "750", "DoseUnit": "mg", "Frequency": "1", "CUIPhrase": "levetiracetam", "CUI": "C0377265"}}, {"entity": "Prescription", "start_index": "312", "end_index": "324", "text": "Lamotrigine-", "attributes": {"DrugName": "Lamotrigine", "DrugDose": "75", "DoseUnit": "mg", "Frequency": "2", "CUIPhrase": "lamotrigine", "CUI": "C0064636"}}, {"entity": "Diagnosis", "start_index": "373", "end_index": "406", "text": "generalised-tonic-clonic-seizures", "attributes": {"DiagCategory": "MultipleSeizures", "Certainty": "5", "Negation": "Affirmed", "CUIPhrase": "generalised-tonic-clonic-seizures", "CUI": "C0494475"}}, {"entity": "SeizureFrequency", "start_index": "373", "end_index": "406", "text": "generalised-tonic-clonic-seizures", "attributes": {"NumberOfSeizures": "4", "MonthDate": "10", "TimeSince_or_TimeOfEvent": "Since", "CUIPhrase": "generalised-tonic-clonic-seizures", "CUI": "C0494475"}}, {"entity": "Diagnosis", "start_index": "436", "end_index": "456", "text": "generalised-seizures", "attributes": {"DiagCategory": "MultipleSeizures", "Certainty": "5", "Negation": "Affirmed", "CUIPhrase": "generalised-seizures", "CUI": "C0234533"}}, {"entity": "PatientHistory", "start_index": "769", "end_index": "776", "text": "seizure", "attributes": {"Certainty": "5", "Negation": "Affirmed", "CUIPhrase": "seizure", "CUI": "C0036572"}}, {"entity": "Diagnosis", "start_index": "911", "end_index": "931", "text": "intractable-epilepsy", "attributes": {"DiagCategory": "Epilepsy", "Certainty": "5", "Negation": "Affirmed", "CUIPhrase": "intractable-epilepsy", "CUI": "C1096063"}}, {"entity": "Investigations", "start_index": "937", "end_index": "944", "text": "CT-scan", "attributes": {"CT_Performed": "Yes", "CT_Results": "Normal", "CUIPhrase": "ct-normal", "CUI": "C0744602"}}]