[{"entity": "PatientHistory", "start_index": "114", "end_index": "121", "text": "measles", "attributes": {"Certainty": "5", "Negation": "Affirmed", "CUIPhrase": "measles", "CUI": "C0025007"}}, {"entity": "PatientHistory", "start_index": "570", "end_index": "577", "text": "measles", "attributes": {"Certainty": "5", "Negation": "Affirmed", "CUIPhrase": "measles", "CUI": "C0025007"}}, {"entity": "PatientHistory", "start_index": "909", "end_index": "917", "text": "absence-", "attributes": {"CUI": "C0563606", "CUIPhrase": "absence", "Negation": "Affirmed", "Certainty": "5"}}, {"entity": "SeizureFrequency", "start_index": "909", "end_index": "915", "text": "absenc", "attributes": {"NumberOfTimePeriods": "1", "CUIPhrase": "absence", "TimePeriod": "Week", "CUI": "C0563606", "NumberOfSeizures": "1"}}, {"entity": "SeizureFrequency", "start_index": "821", "end_index": "853", "text": "generalised-tonic-clonic-seizure", "attributes": {"NumberOfSeizures": "0", "CUIPhrase": "generalised-tonic-clonic-seizure", "NumberOfTimePeriods": "3", "CUI": "C0494475", "TimePeriod": "Year"}}, {"entity": "PatientHistory", "start_index": "1341", "end_index": "1348", "text": "atrophy", "attributes": {"Certainty": "5", "Negation": "Affirmed", "CUIPhrase": "brain-atrophy", "CUI": "C0235946"}}, {"entity": "PatientHistory", "start_index": "1563", "end_index": "1572", "text": "seizures-", "attributes": {"Certainty": "5", "Negation": "Affirmed", "CUIPhrase": "seizures", "CUI": "C0036572"}}, {"entity": "Diagnosis", "start_index": "733", "end_index": "742", "text": "epilepsy-", "attributes": {"Negation": "Affirmed", "CUIPhrase": "epilepsy", "DiagCategory": "Epilepsy", "Certainty": "5", "CUI": "C0014544"}}, {"entity": "Prescription", "start_index": "124", "end_index": "197", "text": "Medication:-sodium-valproate-500-milligrammes-mane-700-milligrammes-nocte", "attributes": {"DoseUnit": "mg", "CUI": "C0037567", "DrugDose": "500", "DrugName": "sodium-valproate", "Frequency": "1", "CUIPhrase": "sodium-valproate"}}, {"entity": "Prescription", "start_index": "199", "end_index": "217", "text": "Zonisamide-50mg-bd", "attributes": {"CUIPhrase": "zonisamide", "Frequency": "2", "CUI": "C0078844", "DrugDose": "50", "DoseUnit": "mg", "DrugName": "zonisamide"}}, {"entity": "Diagnosis", "start_index": "821", "end_index": "854", "text": "generalised-tonic-clonic-seizures", "attributes": {"Certainty": "5", "CUIPhrase": "generalized-tonic-clonic-seizures", "Negation": "Affirmed", "CUI": "C0494475", "DiagCategory": "MultipleSeizures"}}, {"entity": "PatientHistory", "start_index": "593", "end_index": "614", "text": "learning-difficulties", "attributes": {"Negation": "Affirmed", "Certainty": "5", "CUIPhrase": "learning-difficulties", "CUI": "C0424939"}}, {"entity": "Investigations", "start_index": "1295", "end_index": "1304", "text": "MRI-brain", "attributes": {"CUI": "C1319851", "MRI_Performed": "Yes", "CUIPhrase": "mri-abnormal", "MRI_Results": "Abnormal"}}, {"entity": "Diagnosis", "start_index": "490", "end_index": "499", "text": "epilepsy-", "attributes": {"Negation": "Affirmed", "CUIPhrase": "epilepsy", "CUI": "C0014544", "DiagCategory": "Epilepsy", "Certainty": "5"}}, {"entity": "Prescription", "start_index": "136", "end_index": "152", "text": "sodium-valproate", "attributes": {"DrugDose": "700", "Frequency": "1", "CUIPhrase": "sodium-valproate", "DoseUnit": "mg", "DrugName": "SodiumValproate", "CUI": "C0037567"}}, {"entity": "PatientHistory", "start_index": "72", "end_index": "93", "text": "Learning-difficulties", "attributes": {"CUIPhrase": "learning-difficulties", "Negation": "Affirmed", "CUI": "C0424939", "Certainty": "5"}}, {"entity": "Diagnosis", "start_index": "58", "end_index": "66", "text": "epilepsy", "attributes": {"Negation": "Affirmed", "CUI": "C0014544", "CUIPhrase": "epilepsy", "DiagCategory": "Epilepsy", "Certainty": "5"}}, {"entity": "WhenDiagnosed", "start_index": "490", "end_index": "497", "text": "epileps", "attributes": {"Age": "6", "Negation": "Affirmed", "AgeUnit": "Year", "CUIPhrase": "epilepsy", "Certainty": "5", "CUI": "C0014544"}}, {"entity": "PatientHistory", "start_index": "650", "end_index": "657", "text": "measles", "attributes": {"Certainty": "5", "Negation": "Affirmed", "CUI": "C0025007", "CUIPhrase": "Measles"}}, {"entity": "PatientHistory", "start_index": "776", "end_index": "784", "text": "-measles", "attributes": {"Certainty": "5", "Negation": "Affirmed", "CUI": "C0025007", "CUIPhrase": "Measles"}}, {"entity": "EpilepsyCause", "start_index": "778", "end_index": "783", "text": "easle", "attributes": {"Certainty": "5", "Negation": "Affirmed", "CUI": "C0025007", "CUIPhrase": "Measles"}}]