[{"entity": "Diagnosis", "start_index": "286", "end_index": "319", "text": "generalised-tonic-clonic-seizures", "attributes": {"DiagCategory": "MultipleSeizures", "Certainty": "5", "Negation": "Affirmed", "CUIPhrase": "generalised-tonic-clonic-seizures", "CUI": "C0494475"}}, {"entity": "Diagnosis", "start_index": "434", "end_index": "443", "text": "epilepsy-", "attributes": {"Negation": "Affirmed", "CUI": "C0014544", "DiagCategory": "Epilepsy", "CUIPhrase": "epilepsy", "Certainty": "5"}}, {"entity": "SeizureFrequency", "start_index": "326", "end_index": "334", "text": "seizure-", "attributes": {"CUI": "C0036572", "TimePeriod": "Year", "NumberOfTimePeriods": "2", "CUIPhrase": "seizure", "NumberOfSeizures": "0"}}, {"entity": "Diagnosis", "start_index": "59", "end_index": "67", "text": "Epilepsy", "attributes": {"CUI": "C0014544", "Certainty": "5", "Negation": "Affirmed", "CUIPhrase": "epilepsy", "DiagCategory": "Epilepsy"}}, {"entity": "Prescription", "start_index": "180", "end_index": "205", "text": "Sodium-valproate-400mg-BD", "attributes": {"DoseUnit": "mg", "Frequency": "2", "DrugDose": "400", "CUI": "C0037567", "DrugName": "sodium-valproate", "CUIPhrase": "sodium-valproate"}}, {"entity": "Onset", "start_index": "434", "end_index": "443", "text": "epilepsy-", "attributes": {"TimePeriod": "Year", "NumberOfTimePeriods": "3", "Certainty": "5", "Negation": "Affirmed", "CUIPhrase": "epilepsy", "CUI": "C0014544"}}, {"entity": "PatientHistory", "start_index": "774", "end_index": "783", "text": "seizures-", "attributes": {"Negation": "Affirmed", "CUIPhrase": "seizures", "CUI": "C0036572", "Certainty": "5"}}, {"entity": "Diagnosis", "start_index": "788", "end_index": "810", "text": "bilateral-tonic-clonic", "attributes": {"DiagCategory": "MultipleSeizures", "Certainty": "4", "Negation": "Affirmed", "CUIPhrase": "generalised-tonic-clonic-seizure", "CUI": "C0494475"}}, {"entity": "Diagnosis", "start_index": "1257", "end_index": "1277", "text": "generalised-epilepsy", "attributes": {"Negation": "Affirmed", "DiagCategory": "Epilepsy", "Certainty": "5", "CUI": "C0014548", "CUIPhrase": "generalised-epilepsy"}}, {"entity": "Diagnosis", "start_index": "59", "end_index": "89", "text": "Epilepsy,-probable-generalised", "attributes": {"Negation": "Affirmed", "DiagCategory": "Epilepsy", "CUIPhrase": "epilepsy,-generalized", "CUI": "C0014548", "Certainty": "4"}}, {"entity": "PatientHistory", "start_index": "326", "end_index": "333", "text": "seizure", "attributes": {"CUIPhrase": "seizure", "Negation": "Affirmed", "Certainty": "5", "CUI": "C0036572"}}, {"entity": "SeizureFrequency", "start_index": "479", "end_index": "488", "text": "seizures-", "attributes": {"CUI": "C0036572", "FrequencyChange": "Infrequent", "CUIPhrase": "seizures"}}, {"entity": "PatientHistory", "start_index": "627", "end_index": "636", "text": "seizures-", "attributes": {"CUIPhrase": "seizures", "Certainty": "5", "Negation": "Affirmed", "CUI": "C0036572"}}, {"entity": "SeizureFrequency", "start_index": "512", "end_index": "520", "text": "seizure-", "attributes": {"NumberOfSeizures": "0", "NumberOfTimePeriods": "2", "CUIPhrase": "seizure", "TimePeriod": "Year", "CUI": "C0036572"}}, {"entity": "Investigations", "start_index": "825", "end_index": "828", "text": "MRI", "attributes": {"CUIPhrase": "normal-mri", "MRI_Performed": "Yes", "MRI_Results": "Normal", "CUI": "C0436481"}}, {"entity": "Diagnosis", "start_index": "91", "end_index": "143", "text": "epilepsy-with-generalised-tonic-clinic-seizure-alone", "attributes": {"Negation": "Affirmed", "Certainty": "4", "CUIPhrase": "epilepsy-with-generalised-tonic-clonic-seizure-alone", "DiagCategory": "Epilepsy", "CUI": "C0393697"}}, {"entity": "PatientHistory", "start_index": "512", "end_index": "518", "text": "seizur", "attributes": {"Certainty": "5", "Negation": "Affirmed", "CUIPhrase": "seizure", "CUI": "C0036572"}}]