[{"entity": "PatientHistory", "start_index": "1105", "end_index": "1121", "text": "febrile-seizures", "attributes": {"Certainty": "1", "Negation": "Negated", "CUI": "C0009952", "CUIPhrase": "febrile-seizures"}}, {"entity": "Diagnosis", "start_index": "96", "end_index": "109", "text": "temporal-lobe", "attributes": {"CUIPhrase": "temporal-lobe-epilepsy", "Certainty": "3", "Negation": "Affirmed", "DiagCategory": "Epilepsy", "CUI": "C0014556"}}, {"entity": "BirthHistory", "start_index": "1040", "end_index": "1056", "text": "born-prematurely", "attributes": {"CUI": "C3829315", "Certainty": "5", "Negation": "Affirmed", "CUIPhrase": "late-preterm-birth", "PrematureBirth": "34to<37_LatePretermBirth"}}, {"entity": "Diagnosis", "start_index": "75", "end_index": "89", "text": "Focal-epilepsy", "attributes": {"CUIPhrase": "focal-epilepsy", "CUI": "C0014547", "DiagCategory": "Epilepsy", "Certainty": "5", "Negation": "Affirmed"}}, {"entity": "Diagnosis", "start_index": "1365", "end_index": "1402", "text": "focal-seizures-with-altered-awareness", "attributes": {"Negation": "Affirmed", "CUIPhrase": "focal-seizures-with-altered-awareness", "DiagCategory": "MultipleSeizures", "CUI": "C0270834", "Certainty": "4"}}, {"entity": "Diagnosis", "start_index": "1435", "end_index": "1443", "text": "epilepsy", "attributes": {"CUI": "C0014544", "CUIPhrase": "epilepsy", "Certainty": "5", "Negation": "Affirmed", "DiagCategory": "Epilepsy"}}, {"entity": "PatientHistory", "start_index": "843", "end_index": "852", "text": "migraine-", "attributes": {"Negation": "Affirmed", "CUI": "C0149931", "Certainty": "5", "CUIPhrase": "migraine"}}, {"entity": "Diagnosis", "start_index": "1476", "end_index": "1484", "text": "epilepsy", "attributes": {"Negation": "Affirmed", "Certainty": "5", "DiagCategory": "Epilepsy", "CUI": "C0014544", "CUIPhrase": "epilepsy"}}]