[{"entity": "Prescription", "start_index": "166", "end_index": "182", "text": "Sodium-valproate", "attributes": {"DrugDose": "400", "DoseUnit": "mg", "Frequency": "2", "DrugName": "SodiumValproate", "CUI": "C0037567", "CUIPhrase": "sodium-valproate"}}, {"entity": "SeizureFrequency", "start_index": "238", "end_index": "250", "text": "seizrue-free", "attributes": {"CUI": "C1299590", "CUIPhrase": "seizure", "FrequencyChange": "Same", "NumberOfSeizures": "0"}}, {"entity": "PatientHistory", "start_index": "126", "end_index": "136", "text": "depression", "attributes": {"CUI": "C0011570", "CUIPhrase": "depression", "Certainty": "5", "Negation": "Affirmed"}}, {"entity": "SeizureFrequency", "start_index": "279", "end_index": "286", "text": "seizure", "attributes": {"TimeSince_or_TimeOfEvent": "Since", "CUIPhrase": "seizure", "YearDate": "2015", "CUI": "C0036572", "NumberOfSeizures": "0", "MonthDate": "11"}}, {"entity": "SeizureFrequency", "start_index": "547", "end_index": "560", "text": "seizures-free", "attributes": {"NumberOfSeizures": "0", "CUIPhrase": "seizure", "CUI": "C1299590"}}, {"entity": "Diagnosis", "start_index": "20", "end_index": "47", "text": "Juvenile-Myoclonic-Epilepsy", "attributes": {"Certainty": "4", "CUI": "C0270853", "Negation": "Affirmed", "CUIPhrase": "juvenile-myoclonic-epilepsy", "DiagCategory": "Epilepsy"}}, {"entity": "PatientHistory", "start_index": "434", "end_index": "441", "text": "anxiety", "attributes": {"Negation": "Affirmed", "CUI": "C0003467", "Certainty": "5", "CUIPhrase": "anxiety"}}, {"entity": "PatientHistory", "start_index": "55", "end_index": "63", "text": "absences", "attributes": {"CUIPhrase": "absences", "CUI": "C0563606", "Certainty": "5", "Negation": "Affirmed"}}, {"entity": "PatientHistory", "start_index": "446", "end_index": "456", "text": "depression", "attributes": {"Certainty": "5", "CUIPhrase": "depression", "Negation": "Affirmed", "CUI": "C0011570"}}, {"entity": "PatientHistory", "start_index": "65", "end_index": "74", "text": "myoclonus", "attributes": {"CUI": "C0027066", "Certainty": "5", "Negation": "Affirmed", "CUIPhrase": "myoclonus"}}, {"entity": "Diagnosis", "start_index": "79", "end_index": "112", "text": "generalised-tonic-clonic-seizures", "attributes": {"Certainty": "5", "DiagCategory": "MultipleSeizures", "CUI": "C0494475", "CUIPhrase": "generalised-tonic-clonic-seizures", "Negation": "Affirmed"}}, {"entity": "PatientHistory", "start_index": "114", "end_index": "121", "text": "Anxiety", "attributes": {"Certainty": "5", "CUI": "C0003467", "CUIPhrase": "anxiety", "Negation": "Affirmed"}}, {"entity": "PatientHistory", "start_index": "280", "end_index": "286", "text": "seizur", "attributes": {"Negation": "Affirmed", "Certainty": "5", "CUIPhrase": "seizure", "CUI": "C0036572"}}]