[{"entity": "PatientHistory", "start_index": "423", "end_index": "432", "text": "seizures-", "attributes": {"CUIPhrase": "seizures", "Certainty": "5", "Negation": "Affirmed", "CUI": "C0036572"}}, {"entity": "SeizureFrequency", "start_index": "186", "end_index": "193", "text": "seizure", "attributes": {"CUIPhrase": "seizure", "DayDate": "15", "MonthDate": "4", "NumberOfSeizures": "0", "CUI": "C0036572"}}, {"entity": "Diagnosis", "start_index": "57", "end_index": "65", "text": "Epilepsy", "attributes": {"Negation": "Affirmed", "Certainty": "5", "CUIPhrase": "epilepsy", "DiagCategory": "Epilepsy", "CUI": "C0014544"}}, {"entity": "PatientHistory", "start_index": "186", "end_index": "193", "text": "seizure", "attributes": {"CUIPhrase": "seizure", "Negation": "Affirmed", "Certainty": "5", "CUI": "C0036572"}}]