[{"entity": "Diagnosis", "start_index": "138", "end_index": "163", "text": "Refractory-focal-epilepsy", "attributes": {"DiagCategory": "Epilepsy", "Certainty": "5", "Negation": "Affirmed", "CUIPhrase": "refractory-epilepsies", "CUI": "C1096063"}}, {"entity": "Diagnosis", "start_index": "149", "end_index": "163", "text": "focal-epilepsy", "attributes": {"DiagCategory": "Epilepsy", "Certainty": "5", "Negation": "Affirmed", "CUIPhrase": "focal-epilepsy", "CUI": "C0014547"}}, {"entity": "Diagnosis", "start_index": "179", "end_index": "212", "text": "generalised-tonic-clonic-seizures", "attributes": {"DiagCategory": "MultipleSeizures", "Certainty": "5", "Negation": "Affirmed", "CUIPhrase": "generalised-tonic-clonic-seizures", "CUI": "C0494475"}}, {"entity": "Investigations", "start_index": "229", "end_index": "246", "text": "EEG-abnormalities", "attributes": {"EEG_Performed": "Yes", "EEG_Results": "Abnormal", "CUIPhrase": "eeg-abnormal", "CUI": "C0151611"}}, {"entity": "Investigations", "start_index": "249", "end_index": "261", "text": "MRI-negative", "attributes": {"MRI_Performed": "Yes", "MRI_Results": "Normal", "CUIPhrase": "mri-normal", "CUI": "C0436481"}}, {"entity": "Prescription", "start_index": "277", "end_index": "297", "text": "Zonisamide-200mgs-bd", "attributes": {"DrugName": "zonisamide", "DrugDose": "200", "DoseUnit": "mg", "Frequency": "2", "CUIPhrase": "zonisamide", "CUI": "C0078844"}}, {"entity": "Prescription", "start_index": "300", "end_index": "347", "text": "Brivaracetam-100mgs-bd-to-increase-to-100mgs-am", "attributes": {"DrugName": "brivaracetam", "DrugDose": "100", "DoseUnit": "mg", "Frequency": "2", "CUIPhrase": "brivaracetam", "CUI": "C1699861"}}, {"entity": "SeizureFrequency", "start_index": "626", "end_index": "634", "text": "seizures", "attributes": {"FrequencyChange": "Increased", "CUIPhrase": "seizures", "CUI": "C0036572"}}, {"entity": "PatientHistory", "start_index": "626", "end_index": "634", "text": "seizures", "attributes": {"Certainty": "5", "Negation": "Affirmed", "CUIPhrase": "seizures", "CUI": "C0036572"}}, {"entity": "SeizureFrequency", "start_index": "661", "end_index": "670", "text": "seizures-", "attributes": {"NumberOfSeizures": "1", "TimePeriod": "Week", "NumberOfTimePeriods": "1", "CUIPhrase": "seizures", "CUI": "C0036572"}}, {"entity": "PatientHistory", "start_index": "661", "end_index": "669", "text": "seizures", "attributes": {"Certainty": "5", "Negation": "Affirmed", "CUIPhrase": "seizures", "CUI": "C0036572"}}, {"entity": "Diagnosis", "start_index": "707", "end_index": "728", "text": "tonic-clonic-seizures", "attributes": {"DiagCategory": "MultipleSeizures", "Certainty": "4", "Negation": "Affirmed", "CUIPhrase": "tonic-clonic-seizures", "CUI": "C0494475"}}]