[{"entity": "Diagnosis", "start_index": "83", "end_index": "92", "text": "Epilepsy-", "attributes": {"DiagCategory": "Epilepsy", "Certainty": "5", "Negation": "Affirmed", "CUIPhrase": "epilepsy", "CUI": "C0014544"}}, {"entity": "Diagnosis", "start_index": "112", "end_index": "145", "text": "generalised-tonic-clonic-seizures", "attributes": {"DiagCategory": "MultipleSeizures", "Certainty": "5", "Negation": "Affirmed", "CUIPhrase": "generalised-tonic-clonic-seizures", "CUI": "C0494475"}}, {"entity": "Prescription", "start_index": "160", "end_index": "231", "text": "Levetiracetam-250mgs-od-increasing-by-250mgs-every-2-weeks-to-500mgs-bd", "attributes": {"DrugName": "levetiracetam", "DrugDose": "250", "DoseUnit": "mg", "Frequency": "1", "CUIPhrase": "levetiracetam", "CUI": "C0377265"}}, {"entity": "PatientHistory", "start_index": "332", "end_index": "339", "text": "seizure", "attributes": {"MonthDate": "6", "YearDate": "2016", "Certainty": "5", "Negation": "Affirmed", "CUIPhrase": "seizure", "CUI": "C0036572"}}, {"entity": "PatientHistory", "start_index": "509", "end_index": "527", "text": "lost-consciousness", "attributes": {"Certainty": "5", "Negation": "Affirmed", "CUIPhrase": "loss-of-consciousness", "CUI": "C0041657"}}, {"entity": "PatientHistory", "start_index": "868", "end_index": "887", "text": "febrile-convulsions", "attributes": {"Certainty": "1", "Negation": "Negated", "CUIPhrase": "febrile-convulsions", "CUI": "C0009952"}}, {"entity": "Investigations", "start_index": "1067", "end_index": "1076", "text": "MRI-brain", "attributes": {"MRI_Performed": "Yes", "MRI_Results": "Normal", "CUIPhrase": "mri-normal", "CUI": "C0436481"}}, {"entity": "Diagnosis", "start_index": "1169", "end_index": "1202", "text": "generalised-tonic-clonic-seizures", "attributes": {"DiagCategory": "MultipleSeizures", "Certainty": "5", "Negation": "Affirmed", "CUIPhrase": "generalised-tonic-clonic-seizures", "CUI": "C0494475"}}]