[{"entity": "SeizureFrequency", "start_index": "206", "end_index": "218", "text": "seizure-free", "attributes": {"TimeSince_or_TimeOfEvent": "Since", "CUI": "C1299590", "CUIPhrase": "seizure-free", "NumberOfSeizures": "0", "MonthDate": "7"}}, {"entity": "Prescription", "start_index": "93", "end_index": "128", "text": "Medication:-Levetiracetam-1250mg-BD", "attributes": {"CUIPhrase": "levetiracetam", "DoseUnit": "mg", "DrugDose": "1250", "Frequency": "2", "DrugName": "levetiracetam", "CUI": "C0377265"}}, {"entity": "Investigations", "start_index": "387", "end_index": "391", "text": "MRI-", "attributes": {"CUI": "C0436481", "CUIPhrase": "mri-normal", "MRI_Performed": "Yes", "MRI_Results": "Normal"}}, {"entity": "Investigations", "start_index": "395", "end_index": "410", "text": "EEG-were-normal", "attributes": {"CUIPhrase": "eeg-normal", "CUI": "C0560017", "EEG_Performed": "Yes", "EEG_Results": "Normal"}}, {"entity": "Prescription", "start_index": "130", "end_index": "148", "text": "Topiramate-75mg-BD", "attributes": {"DrugDose": "75", "CUI": "C0076829", "CUIPhrase": "topiramate", "DoseUnit": "mg", "DrugName": "topiramate", "Frequency": "2"}}, {"entity": "Investigations", "start_index": "452", "end_index": "456", "text": "EEG-", "attributes": {"CUI": "C0151611", "EEG_Results": "Abnormal", "EEG_Performed": "Yes", "CUIPhrase": "abnormal"}}, {"entity": "Diagnosis", "start_index": "67", "end_index": "92", "text": "Juvenile-Absence-Epilepsy", "attributes": {"DiagCategory": "Epilepsy", "CUIPhrase": "juvenile-absence-epilepsy", "Negation": "Affirmed", "CUI": "C4317339", "Certainty": "5"}}, {"entity": "Diagnosis", "start_index": "495", "end_index": "511", "text": "absence-seizures", "attributes": {"DiagCategory": "MultipleSeizures", "Certainty": "5", "Negation": "Affirmed", "CUIPhrase": "absence-seizures", "CUI": "C4316903"}}]