[{"entity": "SeizureFrequency", "start_index": "396", "end_index": "420", "text": "complex-partial-seizures", "attributes": {"FrequencyChange": "Infrequent", "CUI": "C0149958", "CUIPhrase": "complex"}}, {"entity": "Diagnosis", "start_index": "116", "end_index": "153", "text": "Symptomatic-structural-focal-epilepsy", "attributes": {"DiagCategory": "Epilepsy", "CUIPhrase": "symptomatic-structural-focal-epilepsy", "Negation": "Affirmed", "Certainty": "5", "CUI": "C0472349"}}, {"entity": "SeizureFrequency", "start_index": "396", "end_index": "420", "text": "complex-partial-seizures", "attributes": {"CUIPhrase": "complex-partial-seizures", "UpperNumberOfSeizures": "2", "TimePeriod": "Month", "CUI": "C0149958", "NumberOfTimePeriods": "1", "LowerNumberOfSeizures": "1"}}, {"entity": "EpilepsyCause", "start_index": "71", "end_index": "113", "text": "right-hemisphere-intracerebral-haemorhhage", "attributes": {"Certainty": "5", "Negation": "Affirmed", "CUIPhrase": "intracerebral-haemorrhage", "CUI": "C2937358"}}, {"entity": "PatientHistory", "start_index": "184", "end_index": "206", "text": "cerebrovascular-events", "attributes": {"Negation": "Affirmed", "CUI": "C0038454", "Certainty": "5", "CUIPhrase": "cerebral-vascular-events"}}, {"entity": "Diagnosis", "start_index": "320", "end_index": "328", "text": "epilepsy", "attributes": {"DiagCategory": "Epilepsy", "Negation": "Affirmed", "CUIPhrase": "epilepsy", "CUI": "C0014544", "Certainty": "5"}}, {"entity": "Prescription", "start_index": "238", "end_index": "269", "text": "Carbamazepine-400mg-twice-a-day", "attributes": {"DoseUnit": "mg", "DrugDose": "400", "DrugName": "carbamazepine", "CUI": "C0006949", "Frequency": "2", "CUIPhrase": "carbamazepine"}}, {"entity": "PatientHistory", "start_index": "71", "end_index": "113", "text": "right-hemisphere-intracerebral-haemorhhage", "attributes": {"CUIPhrase": "intracerebral-hemorrhages", "Negation": "Affirmed", "Certainty": "5", "CUI": "C2937358"}}, {"entity": "Diagnosis", "start_index": "396", "end_index": "420", "text": "complex-partial-seizures", "attributes": {"Negation": "Affirmed", "Certainty": "5", "CUIPhrase": "complex-partial-seizures", "DiagCategory": "MultipleSeizures", "CUI": "C0149958"}}]