[{"entity": "Diagnosis", "start_index": "53", "end_index": "61", "text": "epilepsy", "attributes": {"DiagCategory": "Epilepsy", "Certainty": "5", "Negation": "Affirmed", "CUIPhrase": "epilepsy", "CUI": "C0014544"}}, {"entity": "PatientHistory", "start_index": "91", "end_index": "102", "text": "head-injury", "attributes": {"Certainty": "5", "Negation": "Affirmed", "CUIPhrase": "head-injury", "CUI": "C0497301"}}, {"entity": "Prescription", "start_index": "151", "end_index": "197", "text": "Currently-he-is-taking-carbamazepine-300-mg-BD", "attributes": {"DrugName": "carbamazepine", "DrugDose": "300", "DoseUnit": "mg", "Frequency": "2", "CUIPhrase": "carbamazepine", "CUI": "C0006949"}}, {"entity": "Prescription", "start_index": "199", "end_index": "234", "text": "He-also-takes-gabapentin-300-mg-tds", "attributes": {"DrugName": "gabapentin", "DrugDose": "300", "DoseUnit": "mg", "Frequency": "3", "CUIPhrase": "gabapentin", "CUI": "C0060926"}}, {"entity": "Diagnosis", "start_index": "275", "end_index": "307", "text": "generalised-tonic-tonic-seizures", "attributes": {"DiagCategory": "MultipleSeizures", "Certainty": "5", "Negation": "Affirmed", "CUIPhrase": "generalised-tonic-clonic-seizures", "CUI": "C0494475"}}, {"entity": "SeizureFrequency", "start_index": "275", "end_index": "306", "text": "generalised-tonic-tonic-seizure", "attributes": {"NumberOfSeizures": "3", "PointInTime": "LastClinic", "TimeSince_or_TimeOfEvent": "Since", "CUIPhrase": "generalised-tonic-clonic-seizure", "CUI": "C0494475"}}, {"entity": "Diagnosis", "start_index": "324", "end_index": "338", "text": "typical-absenc", "attributes": {"DiagCategory": "MultipleSeizures", "Certainty": "5", "Negation": "Affirmed", "CUIPhrase": "typical-absences", "CUI": "C4316903"}}, {"entity": "SeizureFrequency", "start_index": "324", "end_index": "337", "text": "typical-absen", "attributes": {"FrequencyChange": "Same", "PointInTime": "LastClinic", "TimeSince_or_TimeOfEvent": "Since", "CUIPhrase": "typical-absences", "CUI": "C4316903"}}]