[{"entity": "SeizureFrequency", "start_index": "814", "end_index": "843", "text": "secondary-generalised-seizure", "attributes": {"NumberOfTimePeriods": "1", "NumberOfSeizures": "1", "CUIPhrase": "secondary-generalised-seizure", "TimePeriod": "Month", "CUI": "C0270838"}}, {"entity": "SeizureFrequency", "start_index": "620", "end_index": "627", "text": "seizure", "attributes": {"CUIPhrase": "seizure", "NumberOfTimePeriods": "1", "NumberOfSeizures": "1", "CUI": "C0036572", "TimePeriod": "Day"}}, {"entity": "PatientHistory", "start_index": "624", "end_index": "627", "text": "eiz", "attributes": {"CUIPhrase": "seizure", "CUI": "C0036572", "Certainty": "5", "Negation": "Affirmed"}}, {"entity": "Diagnosis", "start_index": "229", "end_index": "237", "text": "epilepsy", "attributes": {"Negation": "Affirmed", "CUIPhrase": "epilepsy", "CUI": "C0014544", "DiagCategory": "Epilepsy", "Certainty": "5"}}, {"entity": "Prescription", "start_index": "103", "end_index": "117", "text": "Brivitiracetam", "attributes": {"CUIPhrase": "brivaracetam", "DoseUnit": "mg", "CUI": "C1699861", "Frequency": "2", "DrugDose": "50", "DrugName": "brivitiracetam"}}, {"entity": "PatientHistory", "start_index": "984", "end_index": "997", "text": "hypertensions", "attributes": {"Negation": "Affirmed", "CUIPhrase": "hypertension", "Certainty": "5", "CUI": "C0020538"}}, {"entity": "Investigations", "start_index": "56", "end_index": "59", "text": "MRI", "attributes": {"CUI": "C0436481", "MRI_Performed": "Yes", "CUIPhrase": "mri-normal", "MRI_Results": "Normal"}}, {"entity": "PatientHistory", "start_index": "875", "end_index": "883", "text": "seizure-", "attributes": {"CUI": "C0036572", "Negation": "Affirmed", "Certainty": "5", "CUIPhrase": "seizure"}}, {"entity": "Diagnosis", "start_index": "1296", "end_index": "1302", "text": "focal-", "attributes": {"Negation": "Affirmed", "DiagCategory": "Epilepsy", "CUIPhrase": "focal", "CUI": "C0014547", "Certainty": "4"}}, {"entity": "Diagnosis", "start_index": "1280", "end_index": "1295", "text": "drug-refractory", "attributes": {"Negation": "Affirmed", "CUI": "C1096063", "DiagCategory": "Epilepsy", "CUIPhrase": "drug", "Certainty": "4"}}, {"entity": "PatientHistory", "start_index": "418", "end_index": "425", "text": "seizure", "attributes": {"CUIPhrase": "seizure", "Certainty": "5", "CUI": "C0036572", "Age": "11", "AgeUnit": "Year", "Negation": "Affirmed"}}, {"entity": "Investigations", "start_index": "530", "end_index": "534", "text": "EEGs", "attributes": {"CUI": "C0151611", "EEG_Results": "Abnormal", "EEG_Performed": "Yes", "CUIPhrase": "eeg-abnormal"}}, {"entity": "Diagnosis", "start_index": "1303", "end_index": "1327", "text": "occipital-lobe)-epilepsy", "attributes": {"DiagCategory": "Epilepsy", "Negation": "Affirmed", "CUI": "C0393691", "Certainty": "4", "CUIPhrase": "Occipital"}}, {"entity": "Diagnosis", "start_index": "10", "end_index": "25", "text": "Focal-epilepsy,", "attributes": {"CUI": "C0014547", "Negation": "Affirmed", "Certainty": "5", "DiagCategory": "Epilepsy", "CUIPhrase": "focal-epilepsy"}}, {"entity": "PatientHistory", "start_index": "651", "end_index": "660", "text": "seizures-", "attributes": {"CUI": "C0036572", "Negation": "Affirmed", "CUIPhrase": "seizures", "Certainty": "5"}}, {"entity": "Diagnosis", "start_index": "26", "end_index": "55", "text": "probable-occipital-lobe-onset", "attributes": {"Certainty": "4", "CUIPhrase": "occipital-lobe-epilepsy", "DiagCategory": "Epilepsy", "CUI": "C0393691", "Negation": "Affirmed"}}, {"entity": "BirthHistory", "start_index": "343", "end_index": "368", "text": "born-slightly-prematurely", "attributes": {"CUI": "C3829315", "PrematureBirth": "34to<37_LatePretermBirth", "Certainty": "5", "Negation": "Affirmed", "CUIPhrase": "born-prematurely"}}, {"entity": "Investigations", "start_index": "489", "end_index": "492", "text": "MRI", "attributes": {"MRI_Performed": "Yes", "CUIPhrase": "mri-normal", "MRI_Results": "Normal", "CUI": "C0436481"}}, {"entity": "Diagnosis", "start_index": "820", "end_index": "843", "text": "ondary-generalised-seiz", "attributes": {"CUIPhrase": "secondary", "CUI": "C0270838", "Negation": "Affirmed", "DiagCategory": "SingleSeizure", "Certainty": "5"}}, {"entity": "Prescription", "start_index": "83", "end_index": "93", "text": "Zonismaide", "attributes": {"CUI": "C0078844", "CUIPhrase": "zonisamide", "Frequency": "2", "DrugDose": "100", "DrugName": "Zonisamide", "DoseUnit": "mg"}}]