[{"entity": "Diagnosis", "start_index": "127", "end_index": "136", "text": "epilepsy-", "attributes": {"DiagCategory": "Epilepsy", "Certainty": "5", "CUIPhrase": "epilepsy", "CUI": "C0014544", "Negation": "Affirmed"}}, {"entity": "PatientHistory", "start_index": "946", "end_index": "963", "text": "minor-head-injury", "attributes": {"Certainty": "5", "Negation": "Affirmed", "CUI": "C0497301", "CUIPhrase": "head-injury"}}, {"entity": "WhenDiagnosed", "start_index": "127", "end_index": "134", "text": "epileps", "attributes": {"Certainty": "5", "TimePeriod": "Year", "CUIPhrase": "epilepsy", "NumberOfTimePeriods": "6", "Negation": "Affirmed", "CUI": "C0014544"}}, {"entity": "PatientHistory", "start_index": "186", "end_index": "195", "text": "seizures-", "attributes": {"Certainty": "5", "CUI": "C0036572", "CUIPhrase": "seizures", "Negation": "Affirmed"}}, {"entity": "Investigations", "start_index": "689", "end_index": "693", "text": "EEG-", "attributes": {"CUIPhrase": "eeg-normal", "CUI": "C0560017", "EEG_Results": "Normal", "EEG_Performed": "Yes"}}, {"entity": "BirthHistory", "start_index": "818", "end_index": "834", "text": "birth-was-normal", "attributes": {"Negation": "Affirmed", "CUIPhrase": "birth-was-normal", "Certainty": "5", "CUI": "C3665337"}}, {"entity": "PatientHistory", "start_index": "781", "end_index": "790", "text": "seizures-", "attributes": {"CUIPhrase": "seizures", "CUI": "C0036572", "Negation": "Affirmed", "Certainty": "5"}}, {"entity": "PatientHistory", "start_index": "1322", "end_index": "1351", "text": "non-epileptic-attack-disorder", "attributes": {"Certainty": "3", "Negation": "Affirmed", "CUI": "C3495874", "CUIPhrase": "non-epileptic-seizure-disorder"}}, {"entity": "PatientHistory", "start_index": "895", "end_index": "911", "text": "febrile-seizures", "attributes": {"Certainty": "1", "CUIPhrase": "febrile-seizures", "Negation": "Negated", "CUI": "C0009952"}}, {"entity": "Investigations", "start_index": "639", "end_index": "647", "text": "CT-scan-", "attributes": {"CT_Performed": "Yes", "CUIPhrase": "ct-normal", "CUI": "C0744602", "CT_Results": "Normal"}}, {"entity": "SeizureFrequency", "start_index": "781", "end_index": "789", "text": "seizures", "attributes": {"NumberOfTimePeriods": "1", "CUI": "C0036572", "CUIPhrase": "seizures", "NumberOfSeizures": "1", "TimePeriod": "Week"}}, {"entity": "PatientHistory", "start_index": "1218", "end_index": "1227", "text": "seizures-", "attributes": {"Certainty": "5", "Negation": "Affirmed", "CUIPhrase": "seizures", "CUI": "C0036572"}}, {"entity": "PatientHistory", "start_index": "1027", "end_index": "1038", "text": "depression-", "attributes": {"Certainty": "5", "Negation": "Affirmed", "CUIPhrase": "depression", "CUI": "C0011570"}}, {"entity": "PatientHistory", "start_index": "1060", "end_index": "1085", "text": "consumed-too-much-alcohol", "attributes": {"Certainty": "5", "Negation": "Affirmed", "CUIPhrase": "alcohol", "CUI": "C0085762"}}]