[{"entity": "BirthHistory", "start_index": "945", "end_index": "958", "text": "born-normally", "attributes": {"Negation": "Affirmed", "Certainty": "5", "CUIPhrase": "born-normally", "PrematureBirth": "37+_TermBirth", "CUI": "C3665337"}}, {"entity": "SeizureFrequency", "start_index": "431", "end_index": "469", "text": "Focal-to-bilateral-convulsive-seizures", "attributes": {"CUI": "C0877017", "CUIPhrase": "focal", "DayDate": "23", "NumberOfSeizures": "0", "YearDate": "2019", "TimeSince_or_TimeOfEvent": "Since", "MonthDate": "5"}}, {"entity": "Diagnosis", "start_index": "22", "end_index": "30", "text": "Epilepsy", "attributes": {"CUIPhrase": "epilepsy", "DiagCategory": "Epilepsy", "CUI": "C0014544", "Certainty": "5", "Negation": "Affirmed"}}, {"entity": "SeizureFrequency", "start_index": "758", "end_index": "772", "text": "focal-seizures", "attributes": {"FrequencyChange": "Frequent", "CUI": "C0751495", "CUIPhrase": "focal"}}, {"entity": "Diagnosis", "start_index": "758", "end_index": "773", "text": "focal-seizures-", "attributes": {"Certainty": "5", "CUI": "C0751495", "CUIPhrase": "focal-seizures", "Negation": "Affirmed", "DiagCategory": "MultipleSeizures"}}, {"entity": "PatientHistory", "start_index": "978", "end_index": "987", "text": "seizures-", "attributes": {"Certainty": "5", "Age": "5", "CUIPhrase": "seizures", "CUI": "C0036572", "Negation": "Affirmed", "AgeUnit": "Year"}}, {"entity": "PatientHistory", "start_index": "99", "end_index": "123", "text": "autism-spectrum-disorder", "attributes": {"Negation": "Affirmed", "CUI": "C1510586", "Certainty": "5", "CUIPhrase": "autistic-spectrum-disorder"}}, {"entity": "PatientHistory", "start_index": "87", "end_index": "94", "text": "Anxiety", "attributes": {"Negation": "Affirmed", "CUIPhrase": "anxiety", "CUI": "C0003467", "Certainty": "5"}}, {"entity": "Diagnosis", "start_index": "342", "end_index": "369", "text": "Focal-dyscognitive-seizures", "attributes": {"Certainty": "5", "Negation": "Affirmed", "DiagCategory": "MultipleSeizures", "CUI": "C0270834", "CUIPhrase": "dyscognitive-seizures"}}, {"entity": "Prescription", "start_index": "153", "end_index": "169", "text": "Sodium-valproate", "attributes": {"CUI": "C0037567", "DrugDose": "1000", "Frequency": "2", "DrugName": "SodiumValproate", "CUIPhrase": "sodium-valproate", "DoseUnit": "mg"}}, {"entity": "Prescription", "start_index": "238", "end_index": "252", "text": "Briviteracetam", "attributes": {"DrugDose": "50", "CUIPhrase": "brivaracetam", "DoseUnit": "mg", "CUI": "C1699861", "Frequency": "2", "DrugName": "brivaracetam"}}, {"entity": "PatientHistory", "start_index": "1402", "end_index": "1409", "text": "seizure", "attributes": {"CUI": "C0036572", "Negation": "Affirmed", "CUIPhrase": "seizure", "Certainty": "5"}}, {"entity": "PatientHistory", "start_index": "1033", "end_index": "1049", "text": "febrile-seizures", "attributes": {"Negation": "Negated", "CUI": "C0009952", "Certainty": "1", "CUIPhrase": "febrile-seizures"}}, {"entity": "Diagnosis", "start_index": "41", "end_index": "46", "text": "focal", "attributes": {"CUIPhrase": "focal", "DiagCategory": "Epilepsy", "Negation": "Affirmed", "CUI": "C0014547", "Certainty": "4"}}, {"entity": "SeizureFrequency", "start_index": "342", "end_index": "369", "text": "Focal-dyscognitive-seizures", "attributes": {"TimePeriod": "Week", "CUIPhrase": "Dyscognitive", "UpperNumberOfSeizures": "3", "LowerNumberOfSeizures": "2", "NumberOfTimePeriods": "1", "CUI": "C0270834"}}, {"entity": "SeizureFrequency", "start_index": "1402", "end_index": "1411", "text": "seizures-", "attributes": {"CUIPhrase": "seizures", "FrequencyChange": "Frequent", "CUI": "C0036572"}}, {"entity": "PatientHistory", "start_index": "1232", "end_index": "1239", "text": "anxiety", "attributes": {"Certainty": "5", "Negation": "Affirmed", "CUIPhrase": "anxiety", "CUI": "C0003467"}}, {"entity": "Diagnosis", "start_index": "431", "end_index": "469", "text": "Focal-to-bilateral-convulsive-seizures", "attributes": {"DiagCategory": "MultipleSeizures", "Negation": "Affirmed", "Certainty": "5", "CUIPhrase": "focal-to-bilateral-convulsive-seizures", "CUI": "C0877017"}}, {"entity": "SeizureFrequency", "start_index": "431", "end_index": "469", "text": "Focal-to-bilateral-convulsive-seizures", "attributes": {"TimePeriod": "Year", "CUI": "C0877017", "LowerNumberOfSeizures": "1", "CUIPhrase": "focal", "UpperNumberOfSeizures": "2", "NumberOfTimePeriods": "1"}}]