[{"entity": "SeizureFrequency", "start_index": "214", "end_index": "221", "text": "seizure", "attributes": {"CUIPhrase": "seizure", "FrequencyChange": "Same", "CUI": "C0036572"}}, {"entity": "Prescription", "start_index": "409", "end_index": "421", "text": "Eplim-Chrono", "attributes": {"DrugDose": "1000", "DoseUnit": "mg", "DrugName": "SodiumValproate", "CUI": "C0591452", "CUIPhrase": "epilim-chrono", "Frequency": "2"}}, {"entity": "SeizureFrequency", "start_index": "266", "end_index": "289", "text": "generalised-convulsions", "attributes": {"NumberOfSeizures": "0", "TimePeriod": "Year", "NumberOfTimePeriods": "3", "CUI": "C0234533", "CUIPhrase": "generalised-convulsions"}}, {"entity": "SeizureFrequency", "start_index": "497", "end_index": "516", "text": "generalised-seizure", "attributes": {"CUI": "C0234533", "TimePeriod": "Year", "CUIPhrase": "generalised-seizure", "NumberOfTimePeriods": "5", "NumberOfSeizures": "0"}}, {"entity": "Diagnosis", "start_index": "90", "end_index": "110", "text": "Generalised-epilepsy", "attributes": {"CUI": "C0014548", "Negation": "Affirmed", "Certainty": "5", "DiagCategory": "Epilepsy", "CUIPhrase": "generalised-epilepsy"}}, {"entity": "PatientHistory", "start_index": "214", "end_index": "223", "text": "seizures-", "attributes": {"CUI": "C0036572", "CUIPhrase": "seizures", "Certainty": "5", "Negation": "Affirmed"}}, {"entity": "Diagnosis", "start_index": "497", "end_index": "517", "text": "generalised-seizures", "attributes": {"Certainty": "5", "CUIPhrase": "generalised-seizures", "CUI": "C0234533", "DiagCategory": "MultipleSeizures", "Negation": "Affirmed"}}]