[{"entity": "Diagnosis", "start_index": "279", "end_index": "288", "text": "epilepsy-", "attributes": {"Certainty": "5", "CUIPhrase": "epilepsy", "Negation": "Affirmed", "DiagCategory": "Epilepsy", "CUI": "C0014544"}}, {"entity": "SeizureFrequency", "start_index": "1443", "end_index": "1487", "text": "infrequent-generalised-tonic-clonic-seizures", "attributes": {"CUIPhrase": "generalized-tonic-clonic-seizures", "CUI": "C0494475", "FrequencyChange": "Infrequent"}}, {"entity": "Diagnosis", "start_index": "85", "end_index": "118", "text": "generalised-tonic-clonic-seizures", "attributes": {"CUIPhrase": "generalised-tonic-clonic-seizures", "CUI": "C0494475", "Certainty": "5", "DiagCategory": "MultipleSeizures", "Negation": "Affirmed"}}, {"entity": "PatientHistory", "start_index": "653", "end_index": "669", "text": "febrile-seizures", "attributes": {"CUIPhrase": "febrile-seizures", "CUI": "C0009952", "Certainty": "1", "Negation": "Negated"}}, {"entity": "PatientHistory", "start_index": "431", "end_index": "440", "text": "seizures-", "attributes": {"Negation": "Affirmed", "CUIPhrase": "seizures", "CUI": "C0036572", "Certainty": "5"}}, {"entity": "BirthHistory", "start_index": "580", "end_index": "596", "text": "birth-was-normal", "attributes": {"CUIPhrase": "birth-was-normal", "Certainty": "5", "Negation": "Affirmed", "CUI": "C3665337"}}, {"entity": "Diagnosis", "start_index": "71", "end_index": "80", "text": "epilepsy-", "attributes": {"CUIPhrase": "epilepsy", "Negation": "Affirmed", "DiagCategory": "Epilepsy", "CUI": "C0014544", "Certainty": "5"}}, {"entity": "Investigations", "start_index": "841", "end_index": "848", "text": "CT-scan", "attributes": {"CUI": "C0744602", "CT_Performed": "Yes", "CT_Results": "Normal", "CUIPhrase": "normal-ct"}}, {"entity": "Prescription", "start_index": "121", "end_index": "171", "text": "Medication:-epilim-200-milligrammes-in-the-morning", "attributes": {"CUIPhrase": "epilim", "DrugName": "epilim", "CUI": "C0591451", "Frequency": "1", "DrugDose": "200", "DoseUnit": "mg"}}, {"entity": "WhenDiagnosed", "start_index": "279", "end_index": "286", "text": "epileps", "attributes": {"NumberOfTimePeriods": "16", "Certainty": "5", "TimePeriod": "Year", "CUIPhrase": "epilepsy", "Negation": "Affirmed", "CUI": "C0014544"}}, {"entity": "Diagnosis", "start_index": "1454", "end_index": "1487", "text": "generalised-tonic-clonic-seizures", "attributes": {"CUI": "C0494475", "Certainty": "5", "DiagCategory": "MultipleSeizures", "Negation": "Affirmed", "CUIPhrase": "generalised-tonic-clonic-seizures"}}, {"entity": "Investigations", "start_index": "871", "end_index": "875", "text": "eeg-", "attributes": {"EEG_Results": "Abnormal", "EEG_Performed": "Yes", "CUI": "C0151611", "CUIPhrase": "eeg-abnormal"}}, {"entity": "SeizureFrequency", "start_index": "1034", "end_index": "1042", "text": "seizure-", "attributes": {"NumberOfSeizures": "1", "CUIPhrase": "seizure", "TimePeriod": "Year", "UpperNumberOfTimePeriods": "3", "CUI": "C0036572", "LowerNumberOfTimePeriods": "2"}}, {"entity": "SeizureFrequency", "start_index": "974", "end_index": "1003", "text": "seizure-frequency-has-reduced", "attributes": {"CUI": "C0036572", "FrequencyChange": "Decreased", "CUIPhrase": "seizure"}}, {"entity": "Diagnosis", "start_index": "354", "end_index": "387", "text": "generalised-tonic-clonic-seizures", "attributes": {"DiagCategory": "MultipleSeizures", "Certainty": "5", "Negation": "Affirmed", "CUIPhrase": "generalised", "CUI": "C0494475"}}, {"entity": "Prescription", "start_index": "133", "end_index": "140", "text": "epilim-", "attributes": {"DrugName": "SodiumValproate", "DrugDose": "400", "DoseUnit": "mg", "Frequency": "1", "CUIPhrase": "Epilim", "CUI": "C0591451"}}, {"entity": "PatientHistory", "start_index": "1034", "end_index": "1040", "text": "-seizu", "attributes": {"Certainty": "5", "Negation": "Affirmed", "CUIPhrase": "seizure", "CUI": "C0036572"}}]