[{"entity": "PatientHistory", "start_index": "946", "end_index": "954", "text": "seizures", "attributes": {"Negation": "Affirmed", "CUI": "C0036572", "Certainty": "5", "CUIPhrase": "seizures"}}, {"entity": "Prescription", "start_index": "397", "end_index": "410", "text": "Carbmazapine-", "attributes": {"CUI": "C0006949", "CUIPhrase": "carbamazepine", "DrugDose": "400", "DoseUnit": "mg", "Frequency": "2", "DrugName": "Carbamazepine"}}, {"entity": "SeizureFrequency", "start_index": "312", "end_index": "341", "text": "Secondary-generalised-seizure", "attributes": {"CUI": "C0270838", "TimePeriod": "Year", "UpperNumberOfSeizures": "4", "CUIPhrase": "secondary-generalised-seizure", "LowerNumberOfSeizures": "3", "NumberOfTimePeriods": "1"}}, {"entity": "Diagnosis", "start_index": "312", "end_index": "342", "text": "Secondary-generalised-seizures", "attributes": {"Certainty": "5", "CUI": "C0270838", "CUIPhrase": "secondary-generalised-seizures", "Negation": "Affirmed", "DiagCategory": "MultipleSeizures"}}, {"entity": "Investigations", "start_index": "668", "end_index": "672", "text": "EEG-", "attributes": {"EEG_Results": "Abnormal", "EEG_Performed": "Yes", "CUIPhrase": "eeg-abnormal", "CUI": "C0151611"}}, {"entity": "Prescription", "start_index": "451", "end_index": "460", "text": "Clobazam-", "attributes": {"CUIPhrase": "clobazam", "CUI": "C0055891", "DrugName": "Clobazam", "Frequency": "As_Required"}}, {"entity": "WhenDiagnosed", "start_index": "793", "end_index": "800", "text": "epileps", "attributes": {"Certainty": "5", "CUI": "C0014544", "Negation": "Affirmed", "AgeUnit": "Year", "CUIPhrase": "epilepsy", "Age": "22"}}, {"entity": "Investigations", "start_index": "561", "end_index": "565", "text": "MRI-", "attributes": {"CUI": "C1319851", "MRI_Results": "Abnormal", "CUIPhrase": "mri-abnormal", "MRI_Performed": "Yes"}}, {"entity": "Diagnosis", "start_index": "793", "end_index": "801", "text": "epilepsy", "attributes": {"CUI": "C0014544", "Negation": "Affirmed", "Certainty": "5", "CUIPhrase": "epilepsy", "DiagCategory": "Epilepsy"}}, {"entity": "Diagnosis", "start_index": "1001", "end_index": "1025", "text": "complex-partial-seizures", "attributes": {"Negation": "Affirmed", "CUIPhrase": "complex-partial-seizures", "Certainty": "5", "CUI": "C0149958", "DiagCategory": "MultipleSeizures"}}, {"entity": "Diagnosis", "start_index": "235", "end_index": "259", "text": "Complex-partial-seizures", "attributes": {"DiagCategory": "MultipleSeizures", "Certainty": "5", "Negation": "Affirmed", "CUI": "C0149958", "CUIPhrase": "complex-partial-seizures"}}, {"entity": "PatientHistory", "start_index": "601", "end_index": "619", "text": "cortical-dysplasia", "attributes": {"Certainty": "5", "CUIPhrase": "cortical", "Negation": "Affirmed", "CUI": "C0431380"}}, {"entity": "Diagnosis", "start_index": "90", "end_index": "121", "text": "Symptomatic-structural-epilepsy", "attributes": {"CUIPhrase": "symptomatic-structural-focal-epilepsy", "CUI": "C0472349", "Certainty": "5", "Negation": "Affirmed", "DiagCategory": "Epilepsy"}}, {"entity": "Diagnosis", "start_index": "834", "end_index": "864", "text": "secondary-generalised-seizures", "attributes": {"Negation": "Affirmed", "CUI": "C0270838", "Certainty": "5", "CUIPhrase": "secondary-generalised-seizures", "DiagCategory": "MultipleSeizures"}}, {"entity": "SeizureFrequency", "start_index": "234", "end_index": "258", "text": "-Complex-partial-seizure", "attributes": {"LowerNumberOfSeizures": "1", "UpperNumberOfSeizures": "2", "CUI": "C0149958", "TimePeriod": "Month", "NumberOfTimePeriods": "1", "CUIPhrase": "complex-partial-seizure"}}, {"entity": "PatientHistory", "start_index": "160", "end_index": "178", "text": "cortical-dysplasia", "attributes": {"Negation": "Affirmed", "Certainty": "5", "CUIPhrase": "cortical-dysplasia", "CUI": "C0431380"}}]