[{"entity": "SeizureFrequency", "start_index": "287", "end_index": "295", "text": "seizure-", "attributes": {"CUI": "C0036572", "CUIPhrase": "seizure", "NumberOfTimePeriods": "3", "TimePeriod": "Week", "NumberOfSeizures": "0"}}, {"entity": "Prescription", "start_index": "802", "end_index": "858", "text": "She-is-taking-Lamotrigine-150-mg-bd-with-no-side-effects", "attributes": {"Frequency": "2", "CUI": "C0064636", "DrugName": "lamotrigine", "CUIPhrase": "lamotrigine", "DoseUnit": "mg", "DrugDose": "150"}}, {"entity": "Prescription", "start_index": "155", "end_index": "187", "text": "Medication:-Lamotrigine-150mg-bd", "attributes": {"Frequency": "2", "CUI": "C0064636", "DrugDose": "150", "DoseUnit": "mg", "DrugName": "lamotrigine", "CUIPhrase": "lamotrigine"}}, {"entity": "Investigations", "start_index": "643", "end_index": "647", "text": "EEG-", "attributes": {"CUI": "C0151611", "CUIPhrase": "EEG", "EEG_Results": "Abnormal", "EEG_Performed": "Yes"}}, {"entity": "Diagnosis", "start_index": "150", "end_index": "153", "text": "TLE", "attributes": {"CUIPhrase": "temporal", "CUI": "C0014556", "DiagCategory": "Epilepsy", "Certainty": "3", "Negation": "Affirmed"}}, {"entity": "Investigations", "start_index": "1308", "end_index": "1312", "text": "EEG-", "attributes": {"CUI": "C0560017", "EEG_Results": "Normal", "CUIPhrase": "EEG", "EEG_Performed": "Yes", "EEG_Type": "SleepDeprived"}}, {"entity": "PatientHistory", "start_index": "350", "end_index": "359", "text": "seizures-", "attributes": {"Negation": "Affirmed", "Certainty": "5", "CUIPhrase": "seizures", "CUI": "C0036572"}}, {"entity": "PatientHistory", "start_index": "287", "end_index": "293", "text": "seizur", "attributes": {"CUI": "C0036572", "Negation": "Affirmed", "Certainty": "5", "CUIPhrase": "seizure"}}, {"entity": "Diagnosis", "start_index": "122", "end_index": "146", "text": "Complex-Partial-Seizures", "attributes": {"CUI": "C0149958", "Negation": "Affirmed", "CUIPhrase": "complex-partial-seizures", "Certainty": "4", "DiagCategory": "MultipleSeizures"}}]