[{"entity": "Diagnosis", "start_index": "67", "end_index": "93", "text": "Focal-post-stroke-epilepsy", "attributes": {"DiagCategory": "Epilepsy", "Certainty": "5", "Negation": "Affirmed", "CUIPhrase": "focal-epilepsy", "CUI": "C0014547"}}, {"entity": "Diagnosis", "start_index": "73", "end_index": "94", "text": "post-stroke-epilepsy-", "attributes": {"DiagCategory": "Epilepsy", "Certainty": "5", "Negation": "Affirmed", "CUIPhrase": "epilepsy-due-to-stroke", "CUI": "C4518323"}}, {"entity": "Diagnosis", "start_index": "110", "end_index": "143", "text": "generalised-tonic-clonic-seizures", "attributes": {"DiagCategory": "MultipleSeizures", "Certainty": "5", "Negation": "Affirmed", "CUIPhrase": "generalised-tonic-clonic-seizures", "CUI": "C0494475"}}, {"entity": "PatientHistory", "start_index": "172", "end_index": "180", "text": "infarct-", "attributes": {"MonthDate": "11", "YearDate": "2005", "Certainty": "5", "Negation": "Affirmed", "CUIPhrase": "infarct", "CUI": "C0751955"}}, {"entity": "PatientHistory", "start_index": "202", "end_index": "210", "text": "diabetes", "attributes": {"Certainty": "5", "Negation": "Affirmed", "CUIPhrase": "diabetes", "CUI": "C0011847"}}, {"entity": "PatientHistory", "start_index": "211", "end_index": "223", "text": "Hypertension", "attributes": {"Certainty": "5", "Negation": "Affirmed", "CUIPhrase": "hypertension", "CUI": "C0020538"}}, {"entity": "PatientHistory", "start_index": "237", "end_index": "248", "text": "depression-", "attributes": {"Certainty": "5", "Negation": "Affirmed", "CUIPhrase": "depression", "CUI": "C0011570"}}, {"entity": "Diagnosis", "start_index": "315", "end_index": "324", "text": "epilepsy-", "attributes": {"DiagCategory": "Epilepsy", "Certainty": "5", "Negation": "Affirmed", "CUIPhrase": "epilepsy", "CUI": "C0014544"}}, {"entity": "PatientHistory", "start_index": "346", "end_index": "352", "text": "stroke", "attributes": {"Certainty": "5", "Negation": "Affirmed", "CUIPhrase": "stroke", "CUI": "C0038454"}}, {"entity": "Prescription", "start_index": "390", "end_index": "406", "text": "sodium-valproate", "attributes": {"DrugName": "SodiumValproate", "DrugDose": "500", "DoseUnit": "mg", "Frequency": "1", "CUIPhrase": "sodium-valproate", "CUI": "C0037567"}}, {"entity": "PatientHistory", "start_index": "433", "end_index": "441", "text": "seizures", "attributes": {"Certainty": "5", "Negation": "Affirmed", "CUIPhrase": "seizures", "CUI": "C0036572"}}, {"entity": "SeizureFrequency", "start_index": "433", "end_index": "434", "text": "s", "attributes": {"FrequencyChange": "Infrequent", "PointInTime": "DrugChange", "TimeSince_or_TimeOfEvent": "Since", "CUIPhrase": "seizures", "CUI": "C0036572"}}, {"entity": "SeizureFrequency", "start_index": "581", "end_index": "600", "text": "cluster-of-seizures", "attributes": {"NumberOfSeizures": "1", "MonthDate": "2", "TimeSince_or_TimeOfEvent": "During", "CUIPhrase": "cluster-of-seizures", "CUI": "C3203523"}}, {"entity": "PatientHistory", "start_index": "581", "end_index": "600", "text": "cluster-of-seizures", "attributes": {"Certainty": "5", "Negation": "Affirmed", "CUIPhrase": "cluster-of-seizures", "CUI": "C3203523"}}, {"entity": "PatientHistory", "start_index": "670", "end_index": "678", "text": "seizures", "attributes": {"Certainty": "5", "Negation": "Affirmed", "CUIPhrase": "seizures", "CUI": "C0036572"}}, {"entity": "PatientHistory", "start_index": "891", "end_index": "899", "text": "diabetes", "attributes": {"Certainty": "5", "Negation": "Affirmed", "CUIPhrase": "diabetes", "CUI": "C0011847"}}, {"entity": "PatientHistory", "start_index": "1046", "end_index": "1054", "text": "seizures", "attributes": {"Certainty": "5", "Negation": "Affirmed", "CUIPhrase": "seizures", "CUI": "C0036572"}}]