[{"entity": "Diagnosis", "start_index": "227", "end_index": "235", "text": "epilepsy", "attributes": {"Certainty": "5", "CUI": "C0014544", "Negation": "Affirmed", "CUIPhrase": "epilepsy", "DiagCategory": "Epilepsy"}}, {"entity": "PatientHistory", "start_index": "933", "end_index": "940", "text": "anxiety", "attributes": {"CUIPhrase": "anxiety", "CUI": "C0003467", "Certainty": "5", "Negation": "Affirmed"}}, {"entity": "SeizureFrequency", "start_index": "426", "end_index": "434", "text": "seizures", "attributes": {"FrequencyChange": "Increased", "CUIPhrase": "seizures", "CUI": "C0036572"}}, {"entity": "Diagnosis", "start_index": "87", "end_index": "117", "text": "secondary-generalised-seizures", "attributes": {"CUI": "C0270838", "CUIPhrase": "secondary-generalised-seizures", "Certainty": "5", "DiagCategory": "MultipleSeizures", "Negation": "Affirmed"}}, {"entity": "Onset", "start_index": "227", "end_index": "235", "text": "epilepsy", "attributes": {"CUIPhrase": "epilepsy", "CUI": "C0014544", "Negation": "Affirmed", "Age": "23", "AgeUnit": "Year", "Certainty": "5"}}, {"entity": "PatientHistory", "start_index": "20", "end_index": "54", "text": "non-epileptic-psychogenic-seizures", "attributes": {"Negation": "Affirmed", "Certainty": "4", "CUIPhrase": "non-epileptic-psychogenic-seizures", "CUI": "C1142430"}}, {"entity": "Diagnosis", "start_index": "57", "end_index": "81", "text": "Complex-partial-seizures", "attributes": {"DiagCategory": "MultipleSeizures", "CUIPhrase": "complex-partial-seizures", "CUI": "C0149958", "Negation": "Affirmed", "Certainty": "5"}}, {"entity": "PatientHistory", "start_index": "287", "end_index": "304", "text": "minor-head-injury", "attributes": {"CUI": "C0497301", "Negation": "Affirmed", "CUIPhrase": "head", "Certainty": "5"}}, {"entity": "SeizureFrequency", "start_index": "337", "end_index": "344", "text": "seizure", "attributes": {"NumberOfTimePeriods": "1", "CUI": "C0036572", "TimePeriod": "Week", "CUIPhrase": "seizure", "NumberOfSeizures": "3"}}, {"entity": "PatientHistory", "start_index": "535", "end_index": "543", "text": "seizures", "attributes": {"CUI": "C0036572", "Negation": "Affirmed", "CUIPhrase": "seizures", "Certainty": "5"}}, {"entity": "Onset", "start_index": "227", "end_index": "235", "text": "epilepsy", "attributes": {"Negation": "Affirmed", "CUI": "C0014544", "TimePeriod": "Year", "NumberOfTimePeriods": "15", "CUIPhrase": "epilepsy", "Certainty": "5"}}, {"entity": "PatientHistory", "start_index": "337", "end_index": "344", "text": "seizure", "attributes": {"CUI": "C0036572", "CUIPhrase": "seizure", "Certainty": "5", "Negation": "Affirmed"}}, {"entity": "Prescription", "start_index": "131", "end_index": "148", "text": "Sodium-valproate-", "attributes": {"DoseUnit": "mg", "CUIPhrase": "sodium-valproate", "Frequency": "2", "DrugName": "SodiumValproate", "DrugDose": "1000", "CUI": "C0037567"}}]