[{"entity": "PatientHistory", "start_index": "293", "end_index": "307", "text": "Blank-episodes", "attributes": {"Certainty": "5", "CUIPhrase": "blank-episodes", "CUI": "C0563606", "Negation": "Affirmed"}}, {"entity": "Onset", "start_index": "219", "end_index": "226", "text": "epileps", "attributes": {"PointInTime": "From_Birth", "Negation": "Affirmed", "CUIPhrase": "epilepsy", "Certainty": "5", "CUI": "C0014544"}}, {"entity": "PatientHistory", "start_index": "846", "end_index": "857", "text": "depression-", "attributes": {"Certainty": "5", "CUIPhrase": "depression", "Negation": "Affirmed", "CUI": "C0011570"}}, {"entity": "Investigations", "start_index": "1080", "end_index": "1085", "text": "EEGs-", "attributes": {"EEG_Performed": "Yes", "EEG_Results": "Normal", "CUI": "C0560017", "CUIPhrase": "eeg-normal"}}, {"entity": "Investigations", "start_index": "1089", "end_index": "1093", "text": "MRIs", "attributes": {"CUIPhrase": "mri-normal", "CUI": "C0436481", "MRI_Results": "Normal", "MRI_Performed": "Yes"}}, {"entity": "SeizureFrequency", "start_index": "442", "end_index": "459", "text": "Grand-mal-seizure", "attributes": {"CUIPhrase": "grand-mal", "CUI": "C0494475", "TimePeriod": "Month", "NumberOfSeizures": "2", "NumberOfTimePeriods": "1"}}, {"entity": "Prescription", "start_index": "797", "end_index": "817", "text": "lamotrigine-175mg-bd", "attributes": {"DrugDose": "175", "Frequency": "2", "CUIPhrase": "lamotrigine", "DoseUnit": "mg", "DrugName": "lamotrigine", "CUI": "C0064636"}}, {"entity": "Diagnosis", "start_index": "442", "end_index": "460", "text": "Grand-mal-seizures", "attributes": {"Negation": "Affirmed", "DiagCategory": "MultipleSeizures", "CUIPhrase": "grand-mal", "CUI": "C0494475", "Certainty": "5"}}, {"entity": "PatientHistory", "start_index": "1161", "end_index": "1178", "text": "febriles-seizures", "attributes": {"Certainty": "1", "CUI": "C0009952", "Negation": "Negated", "CUIPhrase": "febrile-seizures"}}, {"entity": "Prescription", "start_index": "756", "end_index": "792", "text": "Currently-she-takes-clobazam-20mg-bd", "attributes": {"DrugName": "clobazam", "DrugDose": "20", "CUI": "C0055891", "DoseUnit": "mg", "Frequency": "2", "CUIPhrase": "clobazam"}}, {"entity": "Diagnosis", "start_index": "219", "end_index": "228", "text": "epilepsy-", "attributes": {"CUIPhrase": "epilepsy", "DiagCategory": "Epilepsy", "Negation": "Affirmed", "CUI": "C0014544", "Certainty": "5"}}]