[{"entity": "PatientHistory", "start_index": "264", "end_index": "273", "text": "seizures-", "attributes": {"PointInTime": "Last_Year", "Certainty": "5", "CUI": "C0036572", "CUIPhrase": "seizures", "Negation": "Affirmed"}}, {"entity": "Investigations", "start_index": "645", "end_index": "649", "text": "MRI-", "attributes": {"MRI_Performed": "Yes", "CUI": "C0436481", "CUIPhrase": "mri-normal", "MRI_Results": "Normal"}}, {"entity": "Diagnosis", "start_index": "250", "end_index": "258", "text": "epilepsy", "attributes": {"DiagCategory": "Epilepsy", "CUIPhrase": "epilepsy", "CUI": "C0014544", "Certainty": "5", "Negation": "Affirmed"}}, {"entity": "Prescription", "start_index": "58", "end_index": "148", "text": "Medication:-Currently-Lamotrigine-75mg-bd-to-increase-over-the-following-weeks-to-125mg-bd", "attributes": {"DrugDose": "75", "DrugName": "lamotrigine", "CUI": "C0064636", "CUIPhrase": "lamotrigine", "DoseUnit": "mg", "Frequency": "2"}}, {"entity": "PatientHistory", "start_index": "1108", "end_index": "1116", "text": "seizures", "attributes": {"CUIPhrase": "seizures", "CUI": "C0036572", "Certainty": "5", "Negation": "Affirmed"}}, {"entity": "Diagnosis", "start_index": "34", "end_index": "56", "text": "Epilepsy---focal-onset", "attributes": {"Negation": "Affirmed", "CUI": "C0014547", "CUIPhrase": "focal-onset-epilepsy", "Certainty": "5", "DiagCategory": "Epilepsy"}}, {"entity": "SeizureFrequency", "start_index": "908", "end_index": "916", "text": "seizure-", "attributes": {"TimePeriod": "Week", "CUI": "C0036572", "NumberOfSeizures": "1", "NumberOfTimePeriods": "4", "CUIPhrase": "seizure"}}, {"entity": "Diagnosis", "start_index": "2022", "end_index": "2030", "text": "epilepsy", "attributes": {"DiagCategory": "Epilepsy", "Certainty": "5", "Negation": "Affirmed", "CUIPhrase": "epilepsy", "CUI": "C0014544"}}]