[{"entity": "Diagnosis", "start_index": "274", "end_index": "283", "text": "epilepsy-", "attributes": {"Negation": "Affirmed", "CUIPhrase": "epilepsy", "DiagCategory": "Epilepsy", "CUI": "C0014544", "Certainty": "5"}}, {"entity": "Diagnosis", "start_index": "513", "end_index": "546", "text": "generalised-tonic-clonic-seizures", "attributes": {"CUIPhrase": "generalised-tonic-clonic-seizures", "DiagCategory": "MultipleSeizures", "Certainty": "5", "CUI": "C0494475", "Negation": "Affirmed"}}, {"entity": "Prescription", "start_index": "358", "end_index": "374", "text": "sodium-valproate", "attributes": {"CUI": "C0037567", "DrugName": "SodiumValproate", "Frequency": "2", "DoseUnit": "mg", "CUIPhrase": "sodium-valproate", "DrugDose": "400"}}, {"entity": "Investigations", "start_index": "180", "end_index": "197", "text": "EEG-abnormalities", "attributes": {"CUIPhrase": "eeg-abnormal", "EEG_Performed": "Yes", "EEG_Results": "Abnormal", "CUI": "C0151611"}}, {"entity": "SeizureFrequency", "start_index": "439", "end_index": "446", "text": "eizures", "attributes": {"CUI": "C0036572", "FrequencyChange": "Increased", "TimeSince_or_TimeOfEvent": "Since", "PointInTime": "Last_Year", "CUIPhrase": "seizures"}}, {"entity": "Diagnosis", "start_index": "137", "end_index": "165", "text": "primary-generalised-epilepsy", "attributes": {"CUIPhrase": "primary-generalised-epilepsy", "Negation": "Affirmed", "CUI": "C0270850", "DiagCategory": "Epilepsy", "Certainty": "5"}}, {"entity": "PatientHistory", "start_index": "438", "end_index": "445", "text": "seizure", "attributes": {"CUIPhrase": "seizure", "Negation": "Affirmed", "Certainty": "5", "CUI": "C0036572"}}, {"entity": "Investigations", "start_index": "208", "end_index": "212", "text": "MRI-", "attributes": {"CUIPhrase": "mri-normal", "MRI_Results": "Normal", "CUI": "C0436481", "MRI_Performed": "Yes"}}]