[{"entity": "Diagnosis", "start_index": "160", "end_index": "172", "text": "possible-TLE", "attributes": {"CUI": "C0014556", "Certainty": "3", "CUIPhrase": "temporal-lobe-epilepsy", "DiagCategory": "Epilepsy", "Negation": "Affirmed"}}, {"entity": "Diagnosis", "start_index": "143", "end_index": "157", "text": "Focal-seizures", "attributes": {"CUIPhrase": "focal-seizures", "DiagCategory": "MultipleSeizures", "CUI": "C0751495", "Negation": "Affirmed", "Certainty": "5"}}, {"entity": "PatientHistory", "start_index": "330", "end_index": "337", "text": "d\u00e9j\u00e0-vu", "attributes": {"TimePeriod": "Month", "NumberOfTimePeriods": "10", "Certainty": "5", "Negation": "Affirmed", "CUIPhrase": "d\u00e9j\u00e0-vu", "CUI": "C0011194"}}, {"entity": "BirthHistory", "start_index": "549", "end_index": "564", "text": "birth-was-norma", "attributes": {"Negation": "Affirmed", "CUIPhrase": "normal-birth", "CUI": "C3665337"}}, {"entity": "Investigations", "start_index": "773", "end_index": "776", "text": "EEG", "attributes": {"EEG_Performed": "Yes", "EEG_Results": "Abnormal", "CUIPhrase": "abnormal-eeg", "CUI": "C0151611"}}, {"entity": "Diagnosis", "start_index": "1016", "end_index": "1039", "text": "temporal-lobe-epilepsy", "attributes": {"CUI": "C0014556", "Negation": "Affirmed", "Certainty": "4", "CUIPhrase": "temporal-lobe-epilepsy", "DiagCategory": "Epilepsy"}}, {"entity": "Prescription", "start_index": "173", "end_index": "216", "text": "Medication:-Carbamazepine-200mg-twice-a-day", "attributes": {"Frequency": "2", "CUI": "C0006949", "DrugName": "carbamazepine", "DrugDose": "200", "CUIPhrase": "carbamazepine", "DoseUnit": "mg"}}, {"entity": "PatientHistory", "start_index": "590", "end_index": "606", "text": "febrile-seizures", "attributes": {"Negation": "Negated", "Certainty": "1", "CUI": "C0009952", "CUIPhrase": "febrile-seizures"}}]