[{"entity": "Prescription", "start_index": "207", "end_index": "230", "text": "Levetiracetam-1750mg-bd", "attributes": {"DoseUnit": "mg", "CUI": "C0377265", "DrugName": "levetiracetam", "CUIPhrase": "levetiracetam", "Frequency": "2", "DrugDose": "1750"}}, {"entity": "PatientHistory", "start_index": "391", "end_index": "399", "text": "seizures", "attributes": {"Certainty": "5", "CUIPhrase": "seizures", "CUI": "C0036572", "Negation": "Affirmed"}}, {"entity": "SeizureFrequency", "start_index": "391", "end_index": "399", "text": "seizures", "attributes": {"CUI": "C0036572", "UpperNumberOfTimePeriods": "2", "TimePeriod": "Week", "NumberOfSeizures": "1", "CUIPhrase": "seizures", "LowerNumberOfTimePeriods": "1"}}, {"entity": "Investigations", "start_index": "138", "end_index": "141", "text": "EEG", "attributes": {"EEG_Results": "Abnormal", "CUI": "C0151611", "CUIPhrase": "eeg-abnormal", "EEG_Performed": "Yes"}}, {"entity": "Diagnosis", "start_index": "82", "end_index": "129", "text": "Generalised-tonic-clonic-seizures-whilst-asleey", "attributes": {"Negation": "Affirmed", "DiagCategory": "MultipleSeizures", "Certainty": "5", "CUIPhrase": "generalised-tonic-clonic-seizures", "CUI": "C0494475"}}, {"entity": "Investigations", "start_index": "157", "end_index": "161", "text": "MRI-", "attributes": {"CUI": "C0436481", "MRI_Performed": "Yes", "MRI_Results": "Normal", "CUIPhrase": "MRI"}}, {"entity": "Diagnosis", "start_index": "65", "end_index": "79", "text": "focal-epilepsy", "attributes": {"CUIPhrase": "focal-epilepsy", "CUI": "C0014547", "Negation": "Affirmed", "DiagCategory": "Epilepsy", "Certainty": "5"}}, {"entity": "PatientHistory", "start_index": "895", "end_index": "902", "text": "anxiety", "attributes": {"CUIPhrase": "anxiety", "Certainty": "5", "Negation": "Affirmed", "CUI": "C0003467"}}, {"entity": "Prescription", "start_index": "181", "end_index": "191", "text": "Perampanel", "attributes": {"DrugDose": "8", "Frequency": "1", "DrugName": "Perampanel", "CUI": "C2698764", "DoseUnit": "mg", "CUIPhrase": "perampanel"}}, {"entity": "Diagnosis", "start_index": "50", "end_index": "79", "text": "Drug-refactory-focal-epilepsy", "attributes": {"CUI": "C1096063", "DiagCategory": "Epilepsy", "CUIPhrase": "drug-refractory-epilepsies", "Certainty": "5", "Negation": "Affirmed"}}]