[{"entity": "Diagnosis", "start_index": "133", "end_index": "153", "text": "Symptomatic-epilepsy", "attributes": {"DiagCategory": "Epilepsy", "Certainty": "5", "Negation": "Affirmed", "CUIPhrase": "symptomatic-epilepsy", "CUI": "C1406659"}}, {"entity": "Diagnosis", "start_index": "170", "end_index": "190", "text": "focal-motor-seizures", "attributes": {"DiagCategory": "MultipleSeizures", "Certainty": "5", "Negation": "Affirmed", "CUIPhrase": "focal-motor-seizures", "CUI": "C0016399"}}, {"entity": "Diagnosis", "start_index": "196", "end_index": "239", "text": "secondary-generalised-tonic-clonic-seizures", "attributes": {"DiagCategory": "MultipleSeizures", "Certainty": "5", "Negation": "Affirmed", "CUIPhrase": "secondary-generalised-tonic-clonic-seizures", "CUI": "C0877017"}}, {"entity": "PatientHistory", "start_index": "245", "end_index": "248", "text": "AVM", "attributes": {"Certainty": "5", "Negation": "Affirmed", "CUIPhrase": "avm", "CUI": "C0917804"}}, {"entity": "Prescription", "start_index": "265", "end_index": "287", "text": "Levetiracetam-500mg-bd", "attributes": {"DrugName": "levetiracetam", "DrugDose": "500", "DoseUnit": "mg", "Frequency": "2", "CUIPhrase": "levetiracetam", "CUI": "C0377265"}}, {"entity": "Prescription", "start_index": "293", "end_index": "315", "text": "Carbamazepine-300mg-bd", "attributes": {"DrugName": "carbamazepine", "DrugDose": "300", "DoseUnit": "mg", "Frequency": "2", "CUIPhrase": "carbamazepine", "CUI": "C0006949"}}, {"entity": "PatientHistory", "start_index": "445", "end_index": "456", "text": "haemorrhage", "attributes": {"YearDate": "2006", "Certainty": "5", "Negation": "Affirmed", "CUIPhrase": "haemorrhage", "CUI": "C0019080"}}, {"entity": "PatientHistory", "start_index": "473", "end_index": "499", "text": "arteriovenous-malformation", "attributes": {"Certainty": "5", "Negation": "Affirmed", "CUIPhrase": "arteriovenous-malformation", "CUI": "C0334533"}}, {"entity": "PatientHistory", "start_index": "571", "end_index": "580", "text": "seizures-", "attributes": {"PointInTime": "Surgery", "Certainty": "5", "Negation": "Affirmed", "CUIPhrase": "seizures", "CUI": "C0036572"}}, {"entity": "Diagnosis", "start_index": "631", "end_index": "639", "text": "epilepsy", "attributes": {"DiagCategory": "Epilepsy", "Certainty": "5", "Negation": "Affirmed", "CUIPhrase": "epilepsy", "CUI": "C0014544"}}, {"entity": "SeizureFrequency", "start_index": "694", "end_index": "702", "text": "seizure-", "attributes": {"NumberOfSeizures": "1", "MonthDate": "12", "TimeSince_or_TimeOfEvent": "During", "CUIPhrase": "seizure", "CUI": "C0036572"}}, {"entity": "PatientHistory", "start_index": "694", "end_index": "702", "text": "seizure-", "attributes": {"Certainty": "5", "Negation": "Affirmed", "CUIPhrase": "seizure", "CUI": "C0036572"}}, {"entity": "SeizureFrequency", "start_index": "736", "end_index": "745", "text": "seizures-", "attributes": {"LowerNumberOfSeizures": "2", "UpperNumberOfSeizures": "3", "TimePeriod": "Month", "NumberOfTimePeriods": "1", "CUIPhrase": "seizures", "CUI": "C0036572"}}, {"entity": "PatientHistory", "start_index": "736", "end_index": "745", "text": "seizures-", "attributes": {"Certainty": "5", "Negation": "Affirmed", "CUIPhrase": "seizures", "CUI": "C0036572"}}, {"entity": "Diagnosis", "start_index": "881", "end_index": "905", "text": "tonic-clonic-convulsion.", "attributes": {"DiagCategory": "SingleSeizure", "Certainty": "5", "Negation": "Affirmed", "CUIPhrase": "tonic-clonic-convulsion", "CUI": "C0494475"}}, {"entity": "PatientHistory", "start_index": "1076", "end_index": "1083", "text": "seizure", "attributes": {"Certainty": "5", "Negation": "Affirmed", "CUIPhrase": "seizure", "CUI": "C0036572"}}, {"entity": "Diagnosis", "start_index": "1215", "end_index": "1223", "text": "epilepsy", "attributes": {"DiagCategory": "Epilepsy", "Certainty": "5", "Negation": "Affirmed", "CUIPhrase": "epilepsy", "CUI": "C0014544"}}, {"entity": "SeizureFrequency", "start_index": "1322", "end_index": "1330", "text": "seizures", "attributes": {"FrequencyChange": "Increased", "CUIPhrase": "seizures", "CUI": "C0036572"}}, {"entity": "PatientHistory", "start_index": "1322", "end_index": "1330", "text": "seizures", "attributes": {"Certainty": "5", "Negation": "Affirmed", "CUIPhrase": "seizures", "CUI": "C0036572"}}]