[{"entity": "Investigations", "start_index": "594", "end_index": "598", "text": "MRI-", "attributes": {"MRI_Performed": "Yes", "CUIPhrase": "mri-abnormal", "MRI_Results": "Abnormal", "CUI": "C1319851"}}, {"entity": "PatientHistory", "start_index": "616", "end_index": "629", "text": "brain-atrophy", "attributes": {"Certainty": "5", "Negation": "Affirmed", "CUIPhrase": "brain-atrophy", "CUI": "C0235946"}}, {"entity": "PatientHistory", "start_index": "646", "end_index": "653", "text": "gliosis", "attributes": {"Certainty": "5", "Negation": "Affirmed", "CUIPhrase": "gliosis", "CUI": "C0017639"}}, {"entity": "EpilepsyCause", "start_index": "860", "end_index": "869", "text": "meningiti", "attributes": {"CUIPhrase": "meningitis", "CUI": "C0025289", "Certainty": "4", "Negation": "Affirmed"}}, {"entity": "Diagnosis", "start_index": "114", "end_index": "136", "text": "temporal-lobe-epilepsy", "attributes": {"CUI": "C0014556", "DiagCategory": "Epilepsy", "Certainty": "5", "CUIPhrase": "temporal-lobe-epilepsy", "Negation": "Affirmed"}}, {"entity": "Prescription", "start_index": "251", "end_index": "280", "text": "Lamotrigine-200mg-twice-a-day", "attributes": {"DrugName": "lamotrigine", "CUI": "C0064636", "Frequency": "2", "DoseUnit": "mg", "DrugDose": "200", "CUIPhrase": "lamotrigine"}}, {"entity": "Diagnosis", "start_index": "1000", "end_index": "1008", "text": "epilepsy", "attributes": {"Certainty": "5", "DiagCategory": "Epilepsy", "CUIPhrase": "epilepsy", "CUI": "C0014544", "Negation": "Affirmed"}}, {"entity": "PatientHistory", "start_index": "860", "end_index": "871", "text": "meningitis-", "attributes": {"Negation": "Affirmed", "Certainty": "5", "Age": "6", "AgeUnit": "Month", "CUI": "C0025289", "CUIPhrase": "meningitis"}}, {"entity": "PatientHistory", "start_index": "187", "end_index": "189", "text": "MI", "attributes": {"CUI": "C0027051", "YearDate": "2011", "CUIPhrase": "myocardial", "Negation": "Affirmed", "Certainty": "5"}}, {"entity": "PatientHistory", "start_index": "1032", "end_index": "1048", "text": "febrile-seizures", "attributes": {"Certainty": "5", "CUI": "C0009952", "CUIPhrase": "febrile-seizures", "Negation": "Affirmed"}}, {"entity": "Diagnosis", "start_index": "418", "end_index": "454", "text": "Focal-seizures-with-altered-awarenss", "attributes": {"CUI": "C0270834", "CUIPhrase": "focal-seizures-with-altered-awareness", "Certainty": "5", "Negation": "Affirmed", "DiagCategory": "MultipleSeizures"}}, {"entity": "Investigations", "start_index": "562", "end_index": "566", "text": "EEG-", "attributes": {"CUI": "C0151611", "EEG_Performed": "Yes", "EEG_Results": "Abnormal", "CUIPhrase": "eeg-abnormal"}}, {"entity": "Diagnosis", "start_index": "479", "end_index": "517", "text": "Focal-to-bilateral-convulsive-seizures", "attributes": {"CUIPhrase": "focal-to-bilateral-convulsive-seizures", "DiagCategory": "MultipleSeizures", "Negation": "Affirmed", "CUI": "C0877017", "Certainty": "5"}}, {"entity": "Prescription", "start_index": "284", "end_index": "312", "text": "Zonisamide-100mg-twice-a-day", "attributes": {"CUIPhrase": "zonisamide", "DoseUnit": "mg", "CUI": "C0078844", "Frequency": "2", "DrugDose": "100", "DrugName": "zonisamide"}}, {"entity": "SeizureFrequency", "start_index": "479", "end_index": "516", "text": "Focal-to-bilateral-convulsive-seizure", "attributes": {"YearDate": "2013", "TimeSince_or_TimeOfEvent": "Since", "CUIPhrase": "focal-to-bilateral-convulsive-seizures", "NumberOfSeizures": "0", "CUI": "C0877017"}}, {"entity": "Diagnosis", "start_index": "91", "end_index": "136", "text": "Symptomatic-structural-temporal-lobe-epilepsy", "attributes": {"CUI": "C0472349", "CUIPhrase": "symptomatic-focal-epilepsy", "DiagCategory": "epilepsy", "Certainty": "5", "Negation": "Affirmed"}}, {"entity": "PatientHistory", "start_index": "150", "end_index": "160", "text": "meningitis", "attributes": {"Negation": "Affirmed", "Certainty": "5", "CUIPhrase": "meningitis", "CUI": "C0025289"}}, {"entity": "SeizureFrequency", "start_index": "418", "end_index": "453", "text": "Focal-seizures-with-altered-awarens", "attributes": {"NumberOfTimePeriods": "1", "TimePeriod": "Month", "CUI": "C0270834", "NumberOfSeizures": "2", "CUIPhrase": "focal-seizures-with-altered-awareness"}}]