[{"entity": "PatientHistory", "start_index": "65", "end_index": "74", "text": "myoclonus", "attributes": {"Negation": "Affirmed", "CUIPhrase": "myoclonus", "CUI": "C0027066", "Certainty": "5"}}, {"entity": "PatientHistory", "start_index": "279", "end_index": "286", "text": "seizure", "attributes": {"Certainty": "5", "Negation": "Affirmed", "CUIPhrase": "seizure", "CUI": "C0036572"}}, {"entity": "PatientHistory", "start_index": "434", "end_index": "441", "text": "anxiety", "attributes": {"Certainty": "5", "CUI": "C0003467", "Negation": "Affirmed", "CUIPhrase": "anxiety"}}, {"entity": "PatientHistory", "start_index": "55", "end_index": "63", "text": "absences", "attributes": {"CUIPhrase": "absences", "Negation": "Affirmed", "CUI": "C0563606", "Certainty": "5"}}, {"entity": "SeizureFrequency", "start_index": "546", "end_index": "554", "text": "seizures", "attributes": {"CUIPhrase": "seizure", "CUI": "C0036572", "TimeSince_or_TimeOfEvent": "Since", "NumberOfSeizures": "0", "PointInTime": "LastClinic"}}, {"entity": "Diagnosis", "start_index": "20", "end_index": "47", "text": "Juvenile-Myoclonic-Epilepsy", "attributes": {"CUI": "C0270853", "Certainty": "4", "DiagCategory": "Epilepsy", "CUIPhrase": "juvenile-myoclonic-epilepsy"}}, {"entity": "PatientHistory", "start_index": "126", "end_index": "136", "text": "depression", "attributes": {"Negation": "Affirmed", "CUIPhrase": "depression", "Certainty": "5", "CUI": "C0011570"}}, {"entity": "SeizureFrequency", "start_index": "237", "end_index": "249", "text": "seizrue-free", "attributes": {"PointInTime": "LastClinic", "TimeSince_or_TimeOfEvent": "Since", "CUI": "C1299590", "CUIPhrase": "seizure-free", "NumberOfSeizures": "0"}}, {"entity": "Diagnosis", "start_index": "79", "end_index": "112", "text": "generalised-tonic-clonic-seizures", "attributes": {"CUI": "C0494475", "CUIPhrase": "generalised-tonic-clonic-seizures", "DiagCategory": "MultipleSeizures", "Certainty": "5", "Negation": "Affirmed"}}, {"entity": "PatientHistory", "start_index": "114", "end_index": "121", "text": "Anxiety", "attributes": {"Certainty": "5", "CUIPhrase": "anxiety", "CUI": "C0003467", "Negation": "Affirmed"}}, {"entity": "PatientHistory", "start_index": "446", "end_index": "456", "text": "depression", "attributes": {"CUI": "C0011570", "CUIPhrase": "depression", "Negation": "Affirmed", "Certainty": "5"}}, {"entity": "SeizureFrequency", "start_index": "279", "end_index": "286", "text": "seizure", "attributes": {"YearDate": "2015", "NumberOfSeizures": "0", "CUI": "C0036572", "MonthDate": "11", "CUIPhrase": "seizure"}}, {"entity": "Prescription", "start_index": "166", "end_index": "183", "text": "Sodium-valproate)", "attributes": {"DoseUnit": "mg", "DrugName": "SodiumValproate", "DrugDose": "400", "CUIPhrase": "sodium-valproate", "Frequency": "2", "CUI": "C0037567"}}]