[{"entity": "SeizureFrequency", "start_index": "504", "end_index": "525", "text": "cluster-of-5-seizures", "attributes": {"NumberOfSeizures": "5", "PointInTime": "Last_Month", "TimeSince_or_TimeOfEvent": "During", "CUIPhrase": "seizures", "CUI": "C0036572"}}, {"entity": "PatientHistory", "start_index": "578", "end_index": "587", "text": "seizures-", "attributes": {"CUI": "C0036572", "CUIPhrase": "seizures", "Certainty": "5", "Negation": "Affirmed"}}, {"entity": "Diagnosis", "start_index": "1039", "end_index": "1047", "text": "epilepsy", "attributes": {"Negation": "Affirmed", "CUI": "C0014544", "DiagCategory": "Epilepsy", "CUIPhrase": "epilepsy", "Certainty": "5"}}, {"entity": "Diagnosis", "start_index": "79", "end_index": "99", "text": "Focal-onset-epilepsy", "attributes": {"CUI": "C0014547", "Negation": "Affirmed", "Certainty": "5", "DiagCategory": "Epilepsy", "CUIPhrase": "focal-onset-epilepsy"}}, {"entity": "PatientHistory", "start_index": "727", "end_index": "735", "text": "seizures", "attributes": {"CUI": "C0036572", "Certainty": "5", "CUIPhrase": "seizures", "Negation": "Affirmed"}}, {"entity": "PatientHistory", "start_index": "504", "end_index": "525", "text": "cluster-of-5-seizures", "attributes": {"CUIPhrase": "cluster", "Negation": "Affirmed", "CUI": "C3203523", "Certainty": "5"}}, {"entity": "Prescription", "start_index": "146", "end_index": "178", "text": "Medication:-Lamotrigine-125mg-bd", "attributes": {"DoseUnit": "mg", "CUI": "C0064636", "Frequency": "2", "DrugName": "lamotrigine", "CUIPhrase": "lamotrigine", "DrugDose": "125"}}, {"entity": "PatientHistory", "start_index": "372", "end_index": "380", "text": "seizures", "attributes": {"CUI": "C0036572", "Negation": "Affirmed", "Certainty": "5", "CUIPhrase": "seizures"}}]