[{"entity": "SeizureFrequency", "start_index": "270", "end_index": "279", "text": "seizures-", "attributes": {"CUI": "C0036572", "LowerNumberOfSeizures": "3", "TimePeriod": "Week", "NumberOfTimePeriods": "1", "UpperNumberOfSeizures": "5", "CUIPhrase": "seizures"}}, {"entity": "Prescription", "start_index": "32", "end_index": "73", "text": "Medication:-------Levetiracetam-1250mg-bd", "attributes": {"Frequency": "2", "DrugName": "levetiracetam", "DrugDose": "1250", "CUI": "C0377265", "CUIPhrase": "levetiracetam", "DoseUnit": "mg"}}, {"entity": "SeizureFrequency", "start_index": "232", "end_index": "239", "text": "seizure", "attributes": {"CUIPhrase": "seizure", "FrequencyChange": "Same", "PointInTime": "DrugChange", "CUI": "C0036572"}}, {"entity": "Diagnosis", "start_index": "11", "end_index": "29", "text": "Refactory-epilepsy", "attributes": {"Certainty": "5", "CUIPhrase": "drug-refractory-epilepsy", "Negation": "Affirmed", "CUI": "C1096063", "DiagCategory": "Epilepsy"}}, {"entity": "Prescription", "start_index": "103", "end_index": "123", "text": "Lamotrigine-100mg-bd", "attributes": {"DrugName": "lamotrigine", "Frequency": "2", "CUIPhrase": "lamotrigine", "CUI": "C0064636", "DrugDose": "100", "DoseUnit": "mg"}}, {"entity": "PatientHistory", "start_index": "270", "end_index": "278", "text": "seizures", "attributes": {"CUIPhrase": "seizures", "Negation": "Affirmed", "Certainty": "5", "CUI": "C0036572"}}]