[{"entity": "Diagnosis", "start_index": "95", "end_index": "103", "text": "Epilepsy", "attributes": {"DiagCategory": "Epilepsy", "Certainty": "5", "Negation": "Affirmed", "CUIPhrase": "epilepsy", "CUI": "C0014544"}}, {"entity": "Prescription", "start_index": "117", "end_index": "129", "text": "Eplim-chrono", "attributes": {"DrugName": "SodiumValproate", "DrugDose": "400", "DoseUnit": "mg", "Frequency": "2", "CUIPhrase": "epilim-chrono", "CUI": "C0591452"}}, {"entity": "SeizureFrequency", "start_index": "141", "end_index": "153", "text": "Seizure-free", "attributes": {"NumberOfSeizures": "0", "TimePeriod": "Year", "NumberOfTimePeriods": "2", "CUIPhrase": "seizure-free", "CUI": "C1299590"}}, {"entity": "Diagnosis", "start_index": "1112", "end_index": "1121", "text": "epilepsy-", "attributes": {"DiagCategory": "Epilepsy", "Certainty": "5", "Negation": "Affirmed", "CUIPhrase": "epilepsy", "CUI": "C0014544"}}]