[{"entity": "PatientHistory", "start_index": "1009", "end_index": "1030", "text": "learning-disabilities", "attributes": {"Negation": "Affirmed", "CUI": "C0751265", "CUIPhrase": "learning-disabilities", "Certainty": "5"}}, {"entity": "PatientHistory", "start_index": "893", "end_index": "926", "text": "episodes-of-loss-of-consciousness", "attributes": {"CUIPhrase": "episodes", "Certainty": "5", "Negation": "Affirmed", "CUI": "C0041657"}}, {"entity": "PatientHistory", "start_index": "159", "end_index": "185", "text": "mild-learning-disabilities", "attributes": {"Negation": "Affirmed", "CUI": "C0751265", "CUIPhrase": "learning-disabilities", "Certainty": "5"}}, {"entity": "PatientHistory", "start_index": "383", "end_index": "416", "text": "episodes-of-loss-of-consciousness", "attributes": {"Negation": "Affirmed", "CUIPhrase": "episodes", "Certainty": "5", "CUI": "C0041657"}}, {"entity": "Diagnosis", "start_index": "63", "end_index": "89", "text": "?-complex-partial-seizures", "attributes": {"Negation": "Affirmed", "Certainty": "3", "CUI": "C0149958", "DiagCategory": "MultipleSeizures", "CUIPhrase": "complex-partial-seizures"}}, {"entity": "Investigations", "start_index": "717", "end_index": "721", "text": "EEG-", "attributes": {"CUI": "C0013819", "EEG_Results": "Unknown", "CUIPhrase": "EEG", "EEG_Performed": "Yes"}}, {"entity": "PatientHistory", "start_index": "1054", "end_index": "1062", "text": "seizures", "attributes": {"Certainty": "5", "Negation": "Affirmed", "CUIPhrase": "seizures", "CUI": "C0036572"}}, {"entity": "Investigations", "start_index": "595", "end_index": "598", "text": "MRI", "attributes": {"CUI": "C0436481", "MRI_Performed": "Yes", "MRI_Results": "Normal", "CUIPhrase": "mri-normal"}}, {"entity": "Diagnosis", "start_index": "1070", "end_index": "1078", "text": "epilepsy", "attributes": {"CUIPhrase": "epilepsy", "CUI": "C0014544", "Negation": "Affirmed", "Certainty": "3", "DiagCategory": "Epilepsy"}}, {"entity": "Prescription", "start_index": "1137", "end_index": "1153", "text": "sodium-valproate", "attributes": {"CUIPhrase": "sodium-valproate", "DoseUnit": "mg", "DrugDose": "300", "Frequency": "2", "CUI": "C0037567", "DrugName": "SodiumValproate"}}, {"entity": "PatientHistory", "start_index": "54", "end_index": "62", "text": "?syncope", "attributes": {"Negation": "Affirmed", "Certainty": "3", "CUI": "C0039070", "CUIPhrase": "syncope"}}, {"entity": "PatientHistory", "start_index": "980", "end_index": "987", "text": "syncope", "attributes": {"CUIPhrase": "syncope", "CUI": "C0039070", "Certainty": "4", "Negation": "Affirmed"}}, {"entity": "PatientHistory", "start_index": "205", "end_index": "213", "text": "seizures", "attributes": {"CUI": "C0036572", "Certainty": "5", "AgeUpper": "12", "CUIPhrase": "seizures", "Negation": "Affirmed", "TimePeriod": "Year", "AgeLower": "2"}}, {"entity": "PatientHistory", "start_index": "19", "end_index": "53", "text": "-Episodes-of-loss-of-consciousness", "attributes": {"CUI": "C0041657", "CUIPhrase": "episodes-of-loss-of-consciousness", "Certainty": "5", "Negation": "Affirmed"}}, {"entity": "PatientHistory", "start_index": "277", "end_index": "296", "text": "febrile-convulsions", "attributes": {"Certainty": "5", "CUI": "C0009952", "Negation": "Affirmed", "AgeUnit": "Year", "Age": "3", "CUIPhrase": "febrile-convulsions"}}]