[{"entity": "PatientHistory", "start_index": "723", "end_index": "744", "text": "sub-dural-haemorrhage", "attributes": {"Certainty": "5", "Negation": "Affirmed", "CUIPhrase": "subdural-haemorrhage", "CUI": "C0018946"}}, {"entity": "PatientHistory", "start_index": "1017", "end_index": "1039", "text": "chronic-daily-headache", "attributes": {"CUIPhrase": "chronic-headache", "Negation": "Affirmed", "CUI": "C0151293", "Certainty": "5"}}, {"entity": "EpilepsyCause", "start_index": "154", "end_index": "176", "text": "Traumatic-brain-injury", "attributes": {"Negation": "Affirmed", "CUIPhrase": "traumatic", "Certainty": "5", "CUI": "C0876926"}}, {"entity": "Prescription", "start_index": "975", "end_index": "988", "text": "levetiraetam-", "attributes": {"CUIPhrase": "levetiracetam", "DrugDose": "1250", "CUI": "C0377265", "DrugName": "Levetiracetam", "Frequency": "2", "DoseUnit": "mg"}}, {"entity": "Diagnosis", "start_index": "581", "end_index": "590", "text": "epilepsy-", "attributes": {"CUIPhrase": "epilepsy", "CUI": "C0014544", "DiagCategory": "Epilepsy", "Certainty": "5", "Negation": "Affirmed"}}, {"entity": "PatientHistory", "start_index": "209", "end_index": "231", "text": "Chronic-daily-headache", "attributes": {"CUI": "C0151293", "Negation": "Affirmed", "CUIPhrase": "chronic-headache", "Certainty": "5"}}, {"entity": "Diagnosis", "start_index": "925", "end_index": "949", "text": "complex-partial-seizures", "attributes": {"CUI": "C0149958", "DiagCategory": "MultipleSeizures", "CUIPhrase": "complex-partial-seizures", "Negation": "Affirmed", "Certainty": "4"}}, {"entity": "Diagnosis", "start_index": "94", "end_index": "108", "text": "Focal-epilepsy", "attributes": {"CUI": "C0014547", "CUIPhrase": "focal-epilepsy", "Certainty": "5", "DiagCategory": "Epilepsy", "Negation": "Affirmed"}}, {"entity": "PatientHistory", "start_index": "610", "end_index": "639", "text": "severe-traumatic-brain-injury", "attributes": {"Certainty": "5", "CUI": "C3508474", "Negation": "Affirmed", "CUIPhrase": "severe"}}, {"entity": "Diagnosis", "start_index": "774", "end_index": "807", "text": "generalised-tonic-clonic-seizures", "attributes": {"CUI": "C0494475", "Certainty": "5", "CUIPhrase": "generalised-tonic-clonic-seizures", "Negation": "Affirmed", "DiagCategory": "MultipleSeizures"}}, {"entity": "PatientHistory", "start_index": "154", "end_index": "175", "text": "Traumatic-brain-injur", "attributes": {"CUI": "C0876926", "CUIPhrase": "traumatic", "Negation": "Affirmed", "Certainty": "5"}}, {"entity": "WhenDiagnosed", "start_index": "581", "end_index": "588", "text": "epileps", "attributes": {"CUIPhrase": "epilepsy", "CUI": "C0014544", "Negation": "Affirmed", "Certainty": "5", "YearDate": "2012"}}, {"entity": "SeizureFrequency", "start_index": "774", "end_index": "806", "text": "generalised-tonic-clonic-seizure", "attributes": {"CUI": "C0494475", "TimeSince_or_TimeOfEvent": "During", "NumberOfSeizures": "15", "CUIPhrase": "generalised-tonic-clonic-seizure", "PointInTime": "Last_Year"}}]