[{"entity": "PatientHistory", "start_index": "98", "end_index": "106", "text": "Migraine", "attributes": {"CUI": "C0149931", "Certainty": "5", "Negation": "Affirmed", "CUIPhrase": "migraine"}}, {"entity": "SeizureFrequency", "start_index": "282", "end_index": "289", "text": "seizure", "attributes": {"NumberOfTimePeriods": "1", "TimePeriod": "Week", "CUI": "C0036572", "LowerNumberOfSeizures": "3", "UpperNumberOfSeizures": "4", "CUIPhrase": "seizures"}}, {"entity": "Diagnosis", "start_index": "489", "end_index": "521", "text": "generalised-tonic-clonc-seizure.", "attributes": {"DiagCategory": "SingleSeizure", "CUIPhrase": "generalised-tonic-clonic-seizure", "CUI": "C0494475", "Certainty": "5", "Negation": "Affirmed"}}, {"entity": "Diagnosis", "start_index": "1251", "end_index": "1265", "text": "focal-epilepsy", "attributes": {"CUI": "C0014547", "CUIPhrase": "focal-epilepsy", "DiagCategory": "Epilepsy", "Negation": "Affirmed", "Certainty": "5"}}, {"entity": "Diagnosis", "start_index": "79", "end_index": "93", "text": "focal-epilepsy", "attributes": {"Certainty": "4", "DiagCategory": "Epilepsy", "Negation": "Affirmed", "CUI": "C0014547", "CUIPhrase": "focal-epilepsy"}}, {"entity": "PatientHistory", "start_index": "282", "end_index": "291", "text": "seizures-", "attributes": {"Certainty": "5", "Age": "5", "CUI": "C0036572", "Negation": "Affirmed", "AgeUnit": "Year", "CUIPhrase": "seizures"}}, {"entity": "Diagnosis", "start_index": "1284", "end_index": "1299", "text": "complex-partial", "attributes": {"CUI": "C0149958", "CUIPhrase": "complex-partial-seizure", "DiagCategory": "MultipleSeizures", "Negation": "Affirmed", "Certainty": "5"}}, {"entity": "Diagnosis", "start_index": "1304", "end_index": "1334", "text": "secondary-generalised-seizures", "attributes": {"CUIPhrase": "secondary-generalised-seizures", "Negation": "Affirmed", "DiagCategory": "MultipleSeizures", "Certainty": "5", "CUI": "C0270838"}}]