[{"entity": "Diagnosis", "start_index": "153", "end_index": "211", "text": "epilepsy-with-generalised-tonic-clonic-seizures-from-sleep", "attributes": {"DiagCategory": "Epilepsy", "Certainty": "5", "Negation": "Affirmed", "CUIPhrase": "epilepsy-with-generalised-tonic-clonic-seizures-on-awakening", "CUI": "C0393697"}}, {"entity": "PatientHistory", "start_index": "214", "end_index": "229", "text": "Type-1-diabetes", "attributes": {"Certainty": "5", "Negation": "Affirmed", "CUIPhrase": "type-1-diabetes", "CUI": "C0011854"}}, {"entity": "Prescription", "start_index": "255", "end_index": "286", "text": "Levetiracetam-250mgs-once-a-day", "attributes": {"DrugName": "levetiracetam", "DrugDose": "250", "DoseUnit": "mg", "Frequency": "1", "CUIPhrase": "levetiracetam", "CUI": "C0377265"}}, {"entity": "PatientHistory", "start_index": "1104", "end_index": "1119", "text": "type-1-diabetes", "attributes": {"Certainty": "5", "Negation": "Affirmed", "CUIPhrase": "type-1-diabetes", "CUI": "C0011854"}}, {"entity": "Diagnosis", "start_index": "1462", "end_index": "1495", "text": "generalised-tonic-clonic-seizures", "attributes": {"DiagCategory": "MultipleSeizures", "Certainty": "4", "Negation": "Affirmed", "CUIPhrase": "generalised-tonic-clonic-seizures", "CUI": "C0494475"}}, {"entity": "Diagnosis", "start_index": "1550", "end_index": "1555", "text": "focal", "attributes": {"DiagCategory": "MultipleSeizures", "Certainty": "3", "Negation": "Affirmed", "CUIPhrase": "focal-seizures", "CUI": "C0751495"}}, {"entity": "Diagnosis", "start_index": "1557", "end_index": "1575", "text": "frontal-lobe-onset", "attributes": {"DiagCategory": "MultipleSeizures", "Certainty": "3", "Negation": "Affirmed", "CUIPhrase": "frontal-lobe-onset-seizure", "CUI": "C0085541"}}]