[{"entity": "PatientHistory", "start_index": "92", "end_index": "126", "text": "non-epileptic-psychogenic-seizures", "attributes": {"Certainty": "5", "Negation": "Affirmed", "CUIPhrase": "non-epileptic-psychogenic-seizures", "CUI": "C1142430"}}, {"entity": "PatientHistory", "start_index": "129", "end_index": "136", "text": "anxiety", "attributes": {"Certainty": "5", "Negation": "Affirmed", "CUIPhrase": "anxiety", "CUI": "C0003467"}}, {"entity": "Prescription", "start_index": "150", "end_index": "155", "text": "Eplim", "attributes": {"DrugName": "SodiumValproate", "DrugDose": "200", "DoseUnit": "mg", "Frequency": "2", "CUIPhrase": "epilim", "CUI": "C0591451"}}, {"entity": "PatientHistory", "start_index": "255", "end_index": "290", "text": "-non-epileptic-psychogenic-seizures", "attributes": {"Certainty": "5", "Negation": "Affirmed", "CUIPhrase": "non-epileptic-psychogenic-seizures", "CUI": "C1142430"}}, {"entity": "Investigations", "start_index": "313", "end_index": "316", "text": "EEG", "attributes": {"EEG_Performed": "Yes", "EEG_Results": "Normal", "CUIPhrase": "eeg-normal", "CUI": "C0560017"}}, {"entity": "Investigations", "start_index": "343", "end_index": "353", "text": "normal-MRI", "attributes": {"MRI_Performed": "Yes", "MRI_Results": "Normal", "CUIPhrase": "normal-mri", "CUI": "C0436481"}}, {"entity": "PatientHistory", "start_index": "381", "end_index": "388", "text": "anxiety", "attributes": {"Certainty": "5", "Negation": "Affirmed", "CUIPhrase": "anxiety", "CUI": "C0003467"}}, {"entity": "SeizureFrequency", "start_index": "405", "end_index": "417", "text": "seizure-free", "attributes": {"NumberOfSeizures": "0", "TimePeriod": "Year", "NumberOfTimePeriods": "5", "CUIPhrase": "seizure-free", "CUI": "C1299590"}}, {"entity": "Prescription", "start_index": "555", "end_index": "571", "text": "sodium-valproate", "attributes": {"DrugName": "SodiumValproate", "DrugDose": "200", "DoseUnit": "mg", "Frequency": "2", "CUIPhrase": "sodium-valproate", "CUI": "C0037567"}}, {"entity": "PatientHistory", "start_index": "837", "end_index": "844", "text": "anxiety", "attributes": {"Certainty": "5", "Negation": "Affirmed", "CUIPhrase": "anxiety", "CUI": "C0003467"}}, {"entity": "PatientHistory", "start_index": "907", "end_index": "929", "text": "non-epileptic-seizures", "attributes": {"Certainty": "5", "Negation": "Affirmed", "CUIPhrase": "non-epileptic-seizures", "CUI": "C3495874"}}]