[{"entity": "Diagnosis", "start_index": "520", "end_index": "540", "text": "generalised-seizures", "attributes": {"DiagCategory": "MultipleSeizures", "CUIPhrase": "generalised-seizures", "Certainty": "5", "Negation": "Affirmed", "CUI": "C0234533"}}, {"entity": "Diagnosis", "start_index": "592", "end_index": "629", "text": "focal-seizures-with-altered-awareness", "attributes": {"CUIPhrase": "focal-seizures-with-altered-awareness", "Negation": "Affirmed", "CUI": "C0270834", "DiagCategory": "MultipleSeizures", "Certainty": "5"}}, {"entity": "Diagnosis", "start_index": "76", "end_index": "107", "text": "Symptomatic-structural-epilepsy", "attributes": {"CUIPhrase": "symptomatic-structural-focal-epilepsy", "Negation": "Affirmed", "CUI": "C0472349", "DiagCategory": "Epilepsy", "Certainty": "5"}}, {"entity": "Prescription", "start_index": "323", "end_index": "332", "text": "midazolam", "attributes": {"Frequency": "As_Required", "CUIPhrase": "Midazolam", "DrugName": "Midazolam", "CUI": "C0026056"}}, {"entity": "SeizureFrequency", "start_index": "592", "end_index": "628", "text": "focal-seizures-with-altered-awarenes", "attributes": {"NumberOfSeizures": "2", "NumberOfTimePeriods": "1", "TimePeriod": "Week", "CUI": "C0270834", "CUIPhrase": "focal-seizures-with-altered-awareness"}}, {"entity": "PatientHistory", "start_index": "125", "end_index": "143", "text": "Tuberous-sclerosis", "attributes": {"CUIPhrase": "tuberous", "Negation": "Affirmed", "CUI": "C0041341", "Certainty": "5"}}, {"entity": "EpilepsyCause", "start_index": "125", "end_index": "143", "text": "Tuberous-sclerosis", "attributes": {"CUIPhrase": "tuberous", "Negation": "Affirmed", "CUI": "C0041341", "Certainty": "5"}}, {"entity": "PatientHistory", "start_index": "152", "end_index": "171", "text": "learning-difficulty", "attributes": {"CUI": "C0424939", "CUIPhrase": "learning-difficulty", "Negation": "Affirmed", "Certainty": "5"}}, {"entity": "Prescription", "start_index": "192", "end_index": "218", "text": "Sodium-valproate-1000mg-bd", "attributes": {"DoseUnit": "mg", "DrugDose": "1000", "CUIPhrase": "sodium-valproate", "CUI": "C0037567", "Frequency": "2", "DrugName": "sodium-valproate"}}, {"entity": "SeizureFrequency", "start_index": "520", "end_index": "539", "text": "generalised-seizure", "attributes": {"UpperNumberOfSeizures": "4", "TimePeriod": "Month", "LowerNumberOfSeizures": "3", "CUI": "C0234533", "NumberOfTimePeriods": "1", "CUIPhrase": "generalised-seizure"}}, {"entity": "Prescription", "start_index": "284", "end_index": "312", "text": "Clobazam-10mg-bd-as-required", "attributes": {"CUI": "C0055891", "DoseUnit": "mg", "Frequency": "As_Required", "DrugDose": "10", "DrugName": "clobazam", "CUIPhrase": "clobazam"}}, {"entity": "Prescription", "start_index": "246", "end_index": "257", "text": "Perampanel-", "attributes": {"DrugDose": "8", "CUI": "C2698764", "CUIPhrase": "perampanel", "DrugName": "Perampanel", "DoseUnit": "mg", "Frequency": "1"}}, {"entity": "Diagnosis", "start_index": "741", "end_index": "761", "text": "focal-motor-seizures", "attributes": {"Negation": "Affirmed", "DiagCategory": "MultipleSeizures", "CUIPhrase": "focal-motor-seizures", "CUI": "C0016399", "Certainty": "5"}}, {"entity": "PatientHistory", "start_index": "429", "end_index": "438", "text": "seizures-", "attributes": {"Certainty": "5", "AgeUnit": "Year", "Age": "2", "CUI": "C0036572", "Negation": "Affirmed", "CUIPhrase": "seizures"}}, {"entity": "Prescription", "start_index": "222", "end_index": "242", "text": "Lamotrigine-100mg-bd", "attributes": {"CUI": "C0064636", "DrugDose": "100", "CUIPhrase": "lamotrigine", "DrugName": "lamotrigine", "DoseUnit": "mg", "Frequency": "2"}}]