[{"entity": "BirthHistory", "start_index": "267", "end_index": "280", "text": "born-normally", "attributes": {"Certainty": "5", "Negation": "Affirmed", "CUIPhrase": "born-normally", "CUI": "C3665337"}}, {"entity": "PatientHistory", "start_index": "584", "end_index": "592", "text": "collapse", "attributes": {"AgeUnit": "Year", "Age": "32", "Certainty": "5", "Negation": "Affirmed", "CUIPhrase": "collapse", "CUI": "C0344329"}}, {"entity": "WhenDiagnosed", "start_index": "1056", "end_index": "1063", "text": "epileps", "attributes": {"Age": "36", "CUIPhrase": "epilepsy", "CUI": "C0014544", "AgeUnit": "Year", "Certainty": "5", "Negation": "Affirmed"}}, {"entity": "Diagnosis", "start_index": "1056", "end_index": "1065", "text": "epilepsy-", "attributes": {"DiagCategory": "Epilepsy", "CUIPhrase": "epilepsy", "CUI": "C0014544", "Negation": "Affirmed", "Certainty": "5"}}, {"entity": "Prescription", "start_index": "1225", "end_index": "1239", "text": "levetiracetam-", "attributes": {"CUIPhrase": "levetiracetam", "CUI": "C0377265", "DoseUnit": "mg", "DrugName": "Levetiracetam", "Frequency": "2", "DrugDose": "750"}}, {"entity": "PatientHistory", "start_index": "861", "end_index": "887", "text": "acute-symptomatic-seizures", "attributes": {"Certainty": "4", "Negation": "Affirmed", "CUIPhrase": "symptomatic", "CUI": "C4023516"}}, {"entity": "PatientHistory", "start_index": "1252", "end_index": "1259", "text": "seizure", "attributes": {"Certainty": "5", "Negation": "Affirmed", "CUIPhrase": "seizure", "CUI": "C0036572"}}, {"entity": "PatientHistory", "start_index": "1252", "end_index": "1259", "text": "seizure", "attributes": {"Certainty": "5", "Negation": "Affirmed", "CUIPhrase": "seizure", "CUI": "C0036572"}}, {"entity": "PatientHistory", "start_index": "2068", "end_index": "2075", "text": "gliosis", "attributes": {"Certainty": "5", "Negation": "Affirmed", "CUIPhrase": "gliosis", "CUI": "C0017639"}}, {"entity": "Investigations", "start_index": "2106", "end_index": "2110", "text": "EEG-", "attributes": {"EEG_Results": "Abnormal", "CUI": "C0151611", "CUIPhrase": "eeg-abnormal", "EEG_Performed": "Yes"}}, {"entity": "PatientHistory", "start_index": "767", "end_index": "791", "text": "subarachnoid-haemorrhage", "attributes": {"Negation": "Affirmed", "CUI": "C0038525", "Certainty": "5", "CUIPhrase": "subarachnoid"}}, {"entity": "EpilepsyCause", "start_index": "2268", "end_index": "2292", "text": "sub-arachnoid-haemorrhag", "attributes": {"CUIPhrase": "subarachnoid-haemorrhage", "Certainty": "5", "CUI": "C0038525", "Negation": "Affirmed"}}, {"entity": "PatientHistory", "start_index": "1596", "end_index": "1609", "text": "hypertension-", "attributes": {"Certainty": "5", "Negation": "Affirmed", "CUI": "C0020538", "CUIPhrase": "hypertension"}}, {"entity": "PatientHistory", "start_index": "348", "end_index": "364", "text": "viral-meningitis", "attributes": {"CUI": "C0025289", "CUIPhrase": "meningitis", "Age": "18", "Negation": "Affirmed", "Certainty": "5", "AgeUnit": "Year"}}, {"entity": "PatientHistory", "start_index": "2268", "end_index": "2293", "text": "sub-arachnoid-haemorrhage", "attributes": {"Negation": "Affirmed", "CUI": "C0038525", "CUIPhrase": "subarachnoid-haemorrhage", "Certainty": "5"}}, {"entity": "Diagnosis", "start_index": "2209", "end_index": "2240", "text": "symptomatic-structural-epilepsy", "attributes": {"Negation": "Affirmed", "DiagCategory": "Epilepsy", "Certainty": "5", "CUI": "C0472349", "CUIPhrase": "symptomatic-structural-focal-epilepsy"}}, {"entity": "PatientHistory", "start_index": "652", "end_index": "673", "text": "ruptured-ACA-aneurysm", "attributes": {"CUI": "C0242084", "CUIPhrase": "ruptured", "Negation": "Affirmed", "Certainty": "5", "AgeUnit": "Year", "Age": "32"}}, {"entity": "PatientHistory", "start_index": "617", "end_index": "642", "text": "sub-arachnoid-haemorrhage", "attributes": {"CUI": "C0038525", "Age": "32", "Certainty": "5", "CUIPhrase": "subarachnoid-haemorrhage", "AgeUnit": "Year", "Negation": "Affirmed"}}, {"entity": "Investigations", "start_index": "1980", "end_index": "1983", "text": "CT-", "attributes": {"CT_Performed": "Yes", "CUIPhrase": "ct-abnormal", "CT_Results": "Abnormal", "CUI": "C0436539"}}, {"entity": "PatientHistory", "start_index": "950", "end_index": "981", "text": "transient-loss-of-consciousness", "attributes": {"Age": "35", "Certainty": "5", "CUI": "C4087400", "Negation": "Affirmed", "AgeUnit": "Year", "CUIPhrase": "Transient"}}, {"entity": "SeizureFrequency", "start_index": "1252", "end_index": "1260", "text": "seizure-", "attributes": {"NumberOfSeizures": "0", "CUI": "C0036572", "TimePeriod": "Year", "NumberOfTimePeriods": "2", "CUIPhrase": "seizure"}}, {"entity": "PatientHistory", "start_index": "294", "end_index": "309", "text": "febrile-seizure", "attributes": {"CUI": "C0009952", "CUIPhrase": "febrile-seizure", "Age": "3", "Certainty": "5", "AgeUnit": "Year", "Negation": "Affirmed"}}, {"entity": "Diagnosis", "start_index": "199", "end_index": "208", "text": "epilepsy-", "attributes": {"DiagCategory": "Epilepsy", "Certainty": "5", "Negation": "Affirmed", "CUI": "C0014544", "CUIPhrase": "epilepsy"}}, {"entity": "PatientHistory", "start_index": "740", "end_index": "748", "text": "seizure-", "attributes": {"CUIPhrase": "seizure", "CUI": "C0036572", "Certainty": "3", "Negation": "Affirmed"}}, {"entity": "Diagnosis", "start_index": "1007", "end_index": "1028", "text": "tonic-clonic-seizures", "attributes": {"Certainty": "4", "CUIPhrase": "tonic-clonic-seizures", "Negation": "Affirmed", "CUI": "C0494475"}}]