[{"entity": "PatientHistory", "start_index": "82", "end_index": "89", "text": "Anxiety", "attributes": {"Negation": "Affirmed", "CUIPhrase": "anxiety", "CUI": "C0003467", "Certainty": "5"}}, {"entity": "PatientHistory", "start_index": "653", "end_index": "674", "text": "non-epileptic-attacks", "attributes": {"Certainty": "5", "CUIPhrase": "non-epileptic", "Negation": "Affirmed", "CUI": "C3495874"}}, {"entity": "Prescription", "start_index": "170", "end_index": "191", "text": "Pregabalin-75-mgms-bd", "attributes": {"DrugName": "pregabalin", "DrugDose": "75", "CUI": "C0657912", "Frequency": "2", "DoseUnit": "mg", "CUIPhrase": "pregabalin"}}, {"entity": "PatientHistory", "start_index": "337", "end_index": "345", "text": "anxiety-", "attributes": {"CUIPhrase": "anxiety", "Certainty": "5", "CUI": "C0003467", "Negation": "Affirmed"}}, {"entity": "Prescription", "start_index": "143", "end_index": "166", "text": "Lamotrigine-100-mgms-bd", "attributes": {"DrugDose": "100", "CUI": "C0064636", "Frequency": "2", "DrugName": "lamotrigine", "CUIPhrase": "lamotrigine", "DoseUnit": "mg"}}, {"entity": "PatientHistory", "start_index": "436", "end_index": "444", "text": "anxiety-", "attributes": {"Negation": "Affirmed", "CUI": "C0003467", "CUIPhrase": "anxiety", "Certainty": "5"}}, {"entity": "Diagnosis", "start_index": "56", "end_index": "78", "text": "Temporal-lobe-epilepsy", "attributes": {"DiagCategory": "Epilepsy", "CUIPhrase": "temporal-lobe-epilepsy", "Negation": "Affirmed", "CUI": "C0014556", "Certainty": "5"}}, {"entity": "PatientHistory", "start_index": "468", "end_index": "476", "text": "absences", "attributes": {"CUIPhrase": "absences", "Negation": "Affirmed", "Certainty": "5", "CUI": "C0563606"}}, {"entity": "PatientHistory", "start_index": "93", "end_index": "122", "text": "Non-epileptic-attack-disorder", "attributes": {"Negation": "Affirmed", "CUI": "C3495874", "CUIPhrase": "non-epileptic-attacks", "Certainty": "5"}}, {"entity": "PatientHistory", "start_index": "800", "end_index": "807", "text": "anxiety", "attributes": {"Certainty": "5", "Negation": "Affirmed", "CUIPhrase": "anxiety", "CUI": "C0003467"}}, {"entity": "PatientHistory", "start_index": "1024", "end_index": "1031", "text": "anxiety", "attributes": {"Certainty": "5", "Negation": "Affirmed", "CUIPhrase": "anxiety", "CUI": "C0003467"}}]