[{"entity": "Diagnosis", "start_index": "108", "end_index": "141", "text": "generalised-tonic-clonic-seizures", "attributes": {"DiagCategory": "MultipleSeizures", "Certainty": "5", "Negation": "Affirmed", "CUIPhrase": "generalised-tonic-clonic-seizures", "CUI": "C0494475"}}, {"entity": "PatientHistory", "start_index": "334", "end_index": "355", "text": "loss-of-consciousness", "attributes": {"Certainty": "5", "Negation": "Affirmed", "CUIPhrase": "loss-of-consciousness", "CUI": "C0041657"}}, {"entity": "Diagnosis", "start_index": "1112", "end_index": "1144", "text": "generalised-tonic-clonic-seizure", "attributes": {"DiagCategory": "SingleSeizure", "Certainty": "4", "Negation": "Affirmed", "CUIPhrase": "generalised-tonic-clonic-seizure", "CUI": "C0494475"}}]