[{"entity": "Diagnosis", "start_index": "73", "end_index": "104", "text": "symptomatic-structural-epilepsy", "attributes": {"DiagCategory": "Epilepsy", "Certainty": "5", "Negation": "Affirmed", "CUIPhrase": "symptomatic-structural-focal-epilepsy", "CUI": "C0472349"}}, {"entity": "PatientHistory", "start_index": "175", "end_index": "186", "text": "meningioma-", "attributes": {"Certainty": "5", "Negation": "Affirmed", "CUIPhrase": "meningioma", "CUI": "C0349604"}}, {"entity": "EpilepsyCause", "start_index": "175", "end_index": "186", "text": "meningioma-", "attributes": {"Certainty": "5", "Negation": "Affirmed", "CUIPhrase": "cranial-meningioma", "CUI": "C0349604"}}, {"entity": "PatientHistory", "start_index": "187", "end_index": "196", "text": "resected-", "attributes": {"DayDate": "1", "MonthDate": "3", "YearDate": "2015", "Certainty": "5", "Negation": "Affirmed", "CUIPhrase": "meningioma-surgery", "CUI": "C1096493"}}, {"entity": "PatientHistory", "start_index": "250", "end_index": "257", "text": "anxiety", "attributes": {"Certainty": "5", "Negation": "Affirmed", "CUIPhrase": "anxiety", "CUI": "C0003467"}}, {"entity": "Prescription", "start_index": "276", "end_index": "315", "text": "Current-medication-Lamotrigine-150mg-bd", "attributes": {"DrugName": "lamotrigine", "DrugDose": "150", "DoseUnit": "mg", "Frequency": "2", "CUIPhrase": "lamotrigine", "CUI": "C0064636"}}, {"entity": "Diagnosis", "start_index": "376", "end_index": "396", "text": "focal-motor-seizures", "attributes": {"DiagCategory": "MultipleSeizures", "Certainty": "5", "Negation": "Affirmed", "CUIPhrase": "focal-motor-seizures", "CUI": "C0016399"}}, {"entity": "SeizureFrequency", "start_index": "376", "end_index": "396", "text": "focal-motor-seizures", "attributes": {"NumberOfSeizures": "1", "TimePeriod": "Week", "NumberOfTimePeriods": "2", "CUIPhrase": "focal-motor-seizures", "CUI": "C0016399"}}, {"entity": "SeizureFrequency", "start_index": "464", "end_index": "502", "text": "Focal-to-bilateral-convulsive-seizures", "attributes": {"NumberOfSeizures": "0", "TimePeriod": "Year", "NumberOfTimePeriods": "2", "CUIPhrase": "focal-to-bilateral-convulsive-seizures", "CUI": "C0877017"}}, {"entity": "Diagnosis", "start_index": "464", "end_index": "502", "text": "Focal-to-bilateral-convulsive-seizures", "attributes": {"DiagCategory": "MultipleSeizures", "Certainty": "5", "Negation": "Affirmed", "CUIPhrase": "focal-to-bilateral-convulsive-seizures", "CUI": "C0877017"}}, {"entity": "Investigations", "start_index": "544", "end_index": "548", "text": "MRI-", "attributes": {"MRI_Performed": "Yes", "MRI_Results": "Abnormal", "CUIPhrase": "mri-abnormal", "CUI": "C1319851"}}, {"entity": "PatientHistory", "start_index": "594", "end_index": "605", "text": "meningioma-", "attributes": {"Certainty": "5", "Negation": "Affirmed", "CUIPhrase": "meningioma", "CUI": "C0349604"}}, {"entity": "PatientHistory", "start_index": "615", "end_index": "623", "text": "surgery-", "attributes": {"Certainty": "5", "Negation": "Affirmed", "CUIPhrase": "meningioma-surgery", "CUI": "C1096493"}}, {"entity": "SeizureFrequency", "start_index": "999", "end_index": "1016", "text": "frequent-seizures", "attributes": {"FrequencyChange": "Frequent", "CUIPhrase": "seizures", "CUI": "C0036572"}}, {"entity": "PatientHistory", "start_index": "1007", "end_index": "1016", "text": "-seizures", "attributes": {"Certainty": "5", "Negation": "Affirmed", "CUIPhrase": "seizures", "CUI": "C0036572"}}, {"entity": "Diagnosis", "start_index": "1283", "end_index": "1291", "text": "epilepsy", "attributes": {"DiagCategory": "Epilepsy", "Certainty": "5", "Negation": "Affirmed", "CUIPhrase": "epilepsy", "CUI": "C0014544"}}]