[{"entity": "PatientHistory", "start_index": "252", "end_index": "261", "text": "seizures-", "attributes": {"CUIPhrase": "seizures", "CUI": "C0036572", "Certainty": "5", "Negation": "Affirmed"}}, {"entity": "Prescription", "start_index": "72", "end_index": "86", "text": "phenobarbitone", "attributes": {"CUIPhrase": "phenobarbitone", "CUI": "C0031412", "DrugName": "Phenobarbital", "DoseUnit": "mg", "Frequency": "2", "DrugDose": "100"}}, {"entity": "PatientHistory", "start_index": "164", "end_index": "172", "text": "seizures", "attributes": {"Negation": "Affirmed", "Certainty": "5", "CUIPhrase": "seizures", "CUI": "C0036572"}}, {"entity": "SeizureFrequency", "start_index": "164", "end_index": "172", "text": "seizures", "attributes": {"NumberOfTimePeriods": "1", "CUI": "C0036572", "NumberOfSeizures": "2", "TimePeriod": "Month", "CUIPhrase": "seizures"}}, {"entity": "Diagnosis", "start_index": "35", "end_index": "43", "text": "epilepsy", "attributes": {"Certainty": "5", "Negation": "Affirmed", "DiagCategory": "Epilepsy", "CUIPhrase": "epilepsy", "CUI": "C0014544"}}, {"entity": "Prescription", "start_index": "116", "end_index": "121", "text": "EPlim", "attributes": {"DrugName": "SodiumValproate", "CUIPhrase": "epilim", "DrugDose": "300", "DoseUnit": "mg", "CUI": "C0591451", "Frequency": "2"}}]