[{"entity": "Diagnosis", "start_index": "20", "end_index": "44", "text": "Complex-partial-seizures", "attributes": {"DiagCategory": "MultipleSeizures", "Certainty": "5", "Negation": "Affirmed", "CUIPhrase": "complex-partial-seizures", "CUI": "C0149958"}}, {"entity": "Diagnosis", "start_index": "49", "end_index": "93", "text": "-secondary-generalised-tonic-clonic-seizures", "attributes": {"DiagCategory": "MultipleSeizures", "Certainty": "5", "CUIPhrase": "secondary-generalised-tonic-clonic-seizures", "CUI": "C0877017"}}, {"entity": "Investigations", "start_index": "114", "end_index": "118", "text": "-MRI", "attributes": {"MRI_Performed": "Yes", "MRI_Results": "Normal", "CUIPhrase": "normal-mri", "CUI": "C0436481"}}, {"entity": "Investigations", "start_index": "155", "end_index": "159", "text": "-EEG", "attributes": {"EEG_Performed": "Yes", "EEG_Results": "Abnormal", "CUIPhrase": "eeg-abnormal", "CUI": "C0151611"}}, {"entity": "Prescription", "start_index": "233", "end_index": "255", "text": "Sodium-valproate-400mg", "attributes": {"DrugName": "SodiumValproate", "DrugDose": "400", "DoseUnit": "mg", "Frequency": "2", "CUIPhrase": "sodium-valproate", "CUI": "C0037567"}}, {"entity": "Prescription", "start_index": "292", "end_index": "309", "text": "Lamotrigine-100mg", "attributes": {"DrugName": "Lamotrigine", "DrugDose": "100", "DoseUnit": "mg", "Frequency": "2", "CUIPhrase": "lamotrigine", "CUI": "C0064636"}}, {"entity": "SeizureFrequency", "start_index": "412", "end_index": "426", "text": "seizures-free.", "attributes": {"NumberOfSeizures": "0", "PointInTime": "LastClinic", "CUIPhrase": "seizure-free", "CUI": "C1299590"}}, {"entity": "SeizureFrequency", "start_index": "436", "end_index": "443", "text": "seizure", "attributes": {"NumberOfSeizures": "0", "MonthDate": "2", "YearDate": "2005", "TimeSince_or_TimeOfEvent": "Since", "CUIPhrase": "seizure", "CUI": "C0036572"}}, {"entity": "PatientHistory", "start_index": "436", "end_index": "443", "text": "seizure", "attributes": {"Certainty": "5", "Negation": "Affirmed", "CUIPhrase": "seizure", "CUI": "C0036572"}}]