[{"entity": "EpilepsyCause", "start_index": "123", "end_index": "142", "text": "Herpes-encephalitis", "attributes": {"Certainty": "5", "Negation": "Affirmed", "CUIPhrase": "herpes-encephalitis", "CUI": "C0276226"}}, {"entity": "PatientHistory", "start_index": "123", "end_index": "142", "text": "Herpes-encephalitis", "attributes": {"AgeUnit": "Year", "Age": "20", "Certainty": "5", "Negation": "Affirmed", "CUIPhrase": "herpes-encephalitis", "CUI": "C0276226"}}, {"entity": "PatientHistory", "start_index": "487", "end_index": "499", "text": "encephalitis", "attributes": {"CUIPhrase": "encephalitis", "Negation": "Affirmed", "CUI": "C0014038", "Certainty": "5"}}, {"entity": "Diagnosis", "start_index": "335", "end_index": "373", "text": "Focal-to-bilateral-convulsive-seizures", "attributes": {"Negation": "Affirmed", "Certainty": "5", "CUIPhrase": "focal-to-bilateral-convulsive-seizures", "DiagCategory": "MultipleSeizures", "CUI": "C0877017"}}, {"entity": "SeizureFrequency", "start_index": "335", "end_index": "372", "text": "Focal-to-bilateral-convulsive-seizure", "attributes": {"TimePeriod": "Month", "NumberOfSeizures": "1", "CUI": "C0877017", "CUIPhrase": "focal-to-bilateral-convulsive-seizure", "NumberOfTimePeriods": "2"}}, {"entity": "SeizureFrequency", "start_index": "573", "end_index": "581", "text": "seizure-", "attributes": {"FrequencyChange": "Same", "CUIPhrase": "seizure", "CUI": "C0036572"}}, {"entity": "Investigations", "start_index": "419", "end_index": "422", "text": "MRI", "attributes": {"CUIPhrase": "mri-abnormal", "MRI_Results": "Abnormal", "MRI_Performed": "Yes", "CUI": "C1319851"}}, {"entity": "Prescription", "start_index": "189", "end_index": "245", "text": "eslicarbazepine-800mg-od-(to-increase-as-detailed-below)", "attributes": {"CUI": "C2725260", "Frequency": "1", "DrugDose": "800", "DrugName": "eslicarbazepine", "CUIPhrase": "eslicarbazepine", "DoseUnit": "mg"}}, {"entity": "Diagnosis", "start_index": "86", "end_index": "108", "text": "Temporal-lobe-epilepsy", "attributes": {"CUI": "C0014556", "Certainty": "5", "CUIPhrase": "temporal-lobe-epilepsy", "DiagCategory": "Epilepsy", "Negation": "Affirmed"}}, {"entity": "PatientHistory", "start_index": "632", "end_index": "650", "text": "convulsive-seizure", "attributes": {"Certainty": "5", "Negation": "Affirmed", "CUIPhrase": "convulsive-seizure", "CUI": "C0751494"}}, {"entity": "Diagnosis", "start_index": "817", "end_index": "825", "text": "epilepsy", "attributes": {"CUIPhrase": "epilepsy", "Negation": "Affirmed", "Certainty": "5", "CUI": "C0014544", "DiagCategory": "Epilepsy"}}, {"entity": "SeizureFrequency", "start_index": "632", "end_index": "650", "text": "convulsive-seizure", "attributes": {"NumberOfTimePeriods": "2", "CUIPhrase": "convulsive-seizure", "NumberOfSeizures": "1", "CUI": "C0751494", "TimePeriod": "Month"}}, {"entity": "EpilepsyCause", "start_index": "870", "end_index": "889", "text": "herpes-encephalitis", "attributes": {"Certainty": "5", "Negation": "Affirmed", "CUIPhrase": "herpes-encephalitis", "CUI": "C0276226"}}, {"entity": "PatientHistory", "start_index": "870", "end_index": "889", "text": "herpes-encephalitis", "attributes": {"Certainty": "5", "Negation": "Affirmed", "CUIPhrase": "herpes-encephalitis", "CUI": "C0276226"}}, {"entity": "Diagnosis", "start_index": "898", "end_index": "907", "text": "epilepsy-", "attributes": {"CUI": "C0014544", "DiagCategory": "Epilepsy", "Certainty": "5", "CUIPhrase": "epilepsy", "Negation": "Affirmed"}}, {"entity": "WhenDiagnosed", "start_index": "817", "end_index": "824", "text": "epileps", "attributes": {"Certainty": "5", "CUI": "C0014544", "YearDate": "2012", "Negation": "Affirmed", "CUIPhrase": "epilepsy"}}]