[{"entity": "Diagnosis", "start_index": "83", "end_index": "97", "text": "Focal-epilepsy", "attributes": {"DiagCategory": "Epilepsy", "Certainty": "5", "Negation": "Affirmed", "CUIPhrase": "focal-epilepsy", "CUI": "C0014547"}}, {"entity": "Diagnosis", "start_index": "106", "end_index": "125", "text": "temporal-lobe-onset", "attributes": {"DiagCategory": "Epilepsy", "Certainty": "3", "Negation": "Affirmed", "CUIPhrase": "temporal-lobe-onset-seizure", "CUI": "C0014556"}}, {"entity": "Prescription", "start_index": "140", "end_index": "163", "text": "Levetiracetam-750mgs-bd", "attributes": {"DrugName": "levetiracetam", "DrugDose": "750", "DoseUnit": "mg", "Frequency": "2", "CUIPhrase": "levetiracetam", "CUI": "C0377265"}}, {"entity": "Prescription", "start_index": "166", "end_index": "231", "text": "Carbamazepine-Controlled-Release-400mgs-bd-to-reduce-to-200mgs-am", "attributes": {"DrugName": "carbamazepine", "DrugDose": "400", "DoseUnit": "mg", "Frequency": "2", "CUIPhrase": "carbamazepine", "CUI": "C0006949"}}, {"entity": "Diagnosis", "start_index": "428", "end_index": "461", "text": "focal-impaired-awareness-seizures", "attributes": {"DiagCategory": "MultipleSeizures", "Certainty": "5", "Negation": "Affirmed", "CUIPhrase": "focal-impaired-awareness-seizures", "CUI": "C0270834"}}, {"entity": "Investigations", "start_index": "578", "end_index": "582", "text": "EEG-", "attributes": {"EEG_Performed": "Yes", "EEG_Results": "Abnormal", "CUIPhrase": "eeg-abnormal", "CUI": "C0151611"}}, {"entity": "PatientHistory", "start_index": "776", "end_index": "784", "text": "seizures", "attributes": {"Certainty": "5", "Negation": "Affirmed", "CUIPhrase": "seizures", "CUI": "C0036572"}}]