[{"entity": "Diagnosis", "start_index": "126", "end_index": "140", "text": "Focal-epilepsy", "attributes": {"DiagCategory": "Epilepsy", "Certainty": "5", "Negation": "Affirmed", "CUIPhrase": "focal-epilepsy", "CUI": "C0014547"}}, {"entity": "Prescription", "start_index": "156", "end_index": "178", "text": "Brivaracetam-75-mgs-bd", "attributes": {"DrugName": "brivaracetam", "DrugDose": "75", "DoseUnit": "mg", "Frequency": "2", "CUIPhrase": "brivaracetam", "CUI": "C1699861"}}, {"entity": "SeizureFrequency", "start_index": "255", "end_index": "267", "text": "seizure-free", "attributes": {"NumberOfSeizures": "0", "PointInTime": "DrugChange", "TimeSince_or_TimeOfEvent": "Since", "CUIPhrase": "seizure-free", "CUI": "C1299590"}}, {"entity": "PatientHistory", "start_index": "921", "end_index": "930", "text": "seizures-", "attributes": {"Certainty": "5", "Negation": "Affirmed", "CUIPhrase": "seizures", "CUI": "C0036572"}}]