[{"entity": "PatientHistory", "start_index": "129", "end_index": "139", "text": "Depression", "attributes": {"Negation": "Affirmed", "CUI": "C0011570", "CUIPhrase": "depression", "Certainty": "5"}}, {"entity": "Investigations", "start_index": "670", "end_index": "673", "text": "MRI", "attributes": {"CUI": "C0436481", "MRI_Performed": "Yes", "MRI_Results": "Normal", "CUIPhrase": "mri-normal"}}, {"entity": "Investigations", "start_index": "724", "end_index": "727", "text": "EEG", "attributes": {"CUI": "C0151611", "EEG_Performed": "Yes", "CUIPhrase": "eeg-abnormal", "EEG_Results": "Abnormal"}}, {"entity": "SeizureFrequency", "start_index": "256", "end_index": "269", "text": "-seizure-free", "attributes": {"CUI": "C1299590", "CUIPhrase": "seizure", "NumberOfSeizures": "0", "FrequencyChange": "Same"}}, {"entity": "PatientHistory", "start_index": "119", "end_index": "127", "text": "Diabetes", "attributes": {"Certainty": "5", "CUI": "C0011847", "CUIPhrase": "diabetes", "Negation": "Affirmed"}}, {"entity": "Prescription", "start_index": "174", "end_index": "187", "text": "levetiracetam", "attributes": {"DrugDose": "500", "DoseUnit": "mg", "DrugName": "Levetiracetam", "Frequency": "2", "CUI": "C0377265", "CUIPhrase": "levetiracetam"}}, {"entity": "Diagnosis", "start_index": "110", "end_index": "118", "text": "Epilepsy", "attributes": {"Negation": "Affirmed", "CUI": "C0014544", "CUIPhrase": "epilepsy", "DiagCategory": "Epilepsy", "Certainty": "5"}}]