[{"entity": "Prescription", "start_index": "57", "end_index": "90", "text": "Carbamazepine-400mg-twice-per-day", "attributes": {"CUIPhrase": "carbamazepine", "Frequency": "2", "DoseUnit": "mg", "DrugName": "carbamazepine", "DrugDose": "400", "CUI": "C0006949"}}, {"entity": "SeizureFrequency", "start_index": "420", "end_index": "428", "text": "seizures", "attributes": {"CUIPhrase": "seizures", "FrequencyChange": "Decreased", "CUI": "C0036572"}}, {"entity": "PatientHistory", "start_index": "420", "end_index": "427", "text": "seizure", "attributes": {"Negation": "Affirmed", "CUIPhrase": "seizure", "CUI": "C0036572", "Certainty": "5"}}, {"entity": "PatientHistory", "start_index": "145", "end_index": "152", "text": "seizure", "attributes": {"Negation": "Affirmed", "Certainty": "5", "CUIPhrase": "seizures", "CUI": "C0036572"}}, {"entity": "Diagnosis", "start_index": "11", "end_index": "35", "text": "Complex-partial-seizures", "attributes": {"CUI": "C0149958", "CUIPhrase": "complex-partial-seizures", "Certainty": "5", "Negation": "Affirmed", "DiagCategory": "MultipleSeizures"}}, {"entity": "Investigations", "start_index": "549", "end_index": "552", "text": "MRI", "attributes": {"MRI_Performed": "Yes", "CUIPhrase": "mri-normal", "MRI_Results": "Normal", "CUI": "C0436481"}}, {"entity": "SeizureFrequency", "start_index": "145", "end_index": "153", "text": "seizure-", "attributes": {"TimeSince_or_TimeOfEvent": "Since", "PointInTime": "DrugChange", "CUIPhrase": "seizure", "NumberOfSeizures": "1", "CUI": "C0036572"}}, {"entity": "Investigations", "start_index": "436", "end_index": "439", "text": "EEG", "attributes": {"EEG_Performed": "Yes", "CUIPhrase": "eeg-abnormal", "EEG_Results": "Abnormal", "CUI": "C0151611"}}]