[{"entity": "Investigations", "start_index": "442", "end_index": "457", "text": "EEG-is-abnormal", "attributes": {"CUI": "C0151611", "CUIPhrase": "eeg-abnormal", "EEG_Results": "Abnormal", "EEG_Performed": "Yes"}}, {"entity": "Investigations", "start_index": "211", "end_index": "215", "text": "MRI-", "attributes": {"CUI": "C0436481", "MRI_Performed": "Yes", "CUIPhrase": "mri-normal", "MRI_Results": "Normal"}}, {"entity": "PatientHistory", "start_index": "592", "end_index": "610", "text": "altered-awareness-", "attributes": {"Certainty": "5", "Negation": "Affirmed", "CUIPhrase": "altered-awareness-and-consciousness", "CUI": "C0234428"}}, {"entity": "PatientHistory", "start_index": "767", "end_index": "799", "text": "episode-of-loss-of-consciousness", "attributes": {"Certainty": "5", "Negation": "Affirmed", "CUIPhrase": "loss-of-consciousness", "CUI": "C0041657"}}, {"entity": "Diagnosis", "start_index": "834", "end_index": "871", "text": "focal-to-bilateral-convulsive-seizure", "attributes": {"CUI": "C0877017", "Negation": "Affirmed", "CUIPhrase": "focal-to-bilateral-convulsive-seizure", "Certainty": "4", "DiagCategory": "SingleSeizure"}}, {"entity": "Diagnosis", "start_index": "923", "end_index": "937", "text": "focal-seizures", "attributes": {"CUI": "C0751495", "DiagCategory": "MultipleSeizures", "CUIPhrase": "focal-seizures", "Certainty": "4", "Negation": "Affirmed"}}, {"entity": "Diagnosis", "start_index": "969", "end_index": "978", "text": "epilepsy-", "attributes": {"DiagCategory": "Epilepsy", "CUI": "C0014544", "Certainty": "4", "CUIPhrase": "epilepsy", "Negation": "Affirmed"}}, {"entity": "Diagnosis", "start_index": "137", "end_index": "174", "text": "Focal-seizures-with-altered-awareness", "attributes": {"Certainty": "5", "CUIPhrase": "focal-seizures-with-altered-awareness", "DiagCategory": "MultipleSeizures", "Negation": "Affirmed", "CUI": "C0270834"}}, {"entity": "Investigations", "start_index": "235", "end_index": "239", "text": "EEG-", "attributes": {"EEG_Results": "Abnormal", "CUI": "C0151611", "CUIPhrase": "eeg-abnormal", "EEG_Performed": "Yes"}}, {"entity": "Diagnosis", "start_index": "93", "end_index": "107", "text": "focal-epilepsy", "attributes": {"CUIPhrase": "focal-epilepsy", "Negation": "Affirmed", "CUI": "C0014547", "DiagCategory": "Epilepsy", "Certainty": "4"}}, {"entity": "SeizureFrequency", "start_index": "137", "end_index": "173", "text": "Focal-seizures-with-altered-awarenes", "attributes": {"TimePeriod": "Month", "NumberOfTimePeriods": "1", "CUIPhrase": "focal-seizures-with-altered-awareness", "CUI": "C0270834", "NumberOfSeizures": "3"}}, {"entity": "Investigations", "start_index": "986", "end_index": "990", "text": "EEG-", "attributes": {"EEG_Performed": "Yes", "EEG_Results": "Abnormal", "CUIPhrase": "EEG", "CUI": "C0151611"}}, {"entity": "Diagnosis", "start_index": "1054", "end_index": "1063", "text": "epilepsy-", "attributes": {"DiagCategory": "Epilepsy", "Certainty": "5", "Negation": "Affirmed", "CUIPhrase": "epilepsy", "CUI": "C0014544"}}]