[{"entity": "PatientHistory", "start_index": "248", "end_index": "256", "text": "seizures", "attributes": {"TimePeriod": "Month", "NumberOfTimePeriods": "6", "Certainty": "3", "Negation": "Affirmed", "CUIPhrase": "seizures", "CUI": "C0036572"}}, {"entity": "SeizureFrequency", "start_index": "574", "end_index": "583", "text": "seizures-", "attributes": {"LowerNumberOfSeizures": "1", "UpperNumberOfSeizures": "2", "TimePeriod": "Month", "NumberOfTimePeriods": "1", "CUIPhrase": "seizures", "CUI": "C0036572"}}, {"entity": "SeizureFrequency", "start_index": "636", "end_index": "643", "text": "cluster", "attributes": {"NumberOfSeizures": "1", "PointInTime": "Last_Month", "TimeSince_or_TimeOfEvent": "During", "CUIPhrase": "seizure-cluster", "CUI": "C3203523"}}, {"entity": "PatientHistory", "start_index": "978", "end_index": "994", "text": "febrile-seizures", "attributes": {"Certainty": "1", "Negation": "Negated", "CUIPhrase": "febrile-seizures", "CUI": "C0009952"}}, {"entity": "Diagnosis", "start_index": "1512", "end_index": "1545", "text": "generalised-tonic-clonic-seizures", "attributes": {"DiagCategory": "MultipleSeizures", "Certainty": "4", "Negation": "Affirmed", "CUIPhrase": "generalised-tonic-clonic-seizures", "CUI": "C0494475"}}, {"entity": "Diagnosis", "start_index": "1562", "end_index": "1573", "text": "focal-onset", "attributes": {"DiagCategory": "MultipleSeizures", "Certainty": "4", "Negation": "Affirmed", "CUIPhrase": "focal-seizures", "CUI": "C0751495"}}, {"entity": "Diagnosis", "start_index": "1611", "end_index": "1635", "text": "complex-partial-seizures", "attributes": {"DiagCategory": "MultipleSeizures", "Certainty": "3", "Negation": "Affirmed", "CUIPhrase": "complex-partial-seizures", "CUI": "C0149958"}}, {"entity": "Prescription", "start_index": "1660", "end_index": "1676", "text": "Sodium-Valproate", "attributes": {"DrugName": "SodiumValproate", "DrugDose": "400", "DoseUnit": "mg", "Frequency": "2", "CUIPhrase": "sodium-valproate", "CUI": "C0037567"}}, {"entity": "PatientHistory", "start_index": "1691", "end_index": "1706", "text": "seizure-cluster", "attributes": {"Certainty": "5", "Negation": "Affirmed", "CUIPhrase": "seizure-cluster", "CUI": "C3203523"}}, {"entity": "PatientHistory", "start_index": "2034", "end_index": "2043", "text": "seizures-", "attributes": {"Certainty": "5", "Negation": "Affirmed", "CUIPhrase": "seizures", "CUI": "C0036572"}}, {"entity": "PatientHistory", "start_index": "2289", "end_index": "2297", "text": "seizures", "attributes": {"Certainty": "5", "Negation": "Affirmed", "CUIPhrase": "seizures", "CUI": "C0036572"}}]