[{"entity": "Diagnosis", "start_index": "16", "end_index": "40", "text": "refactory-focal-epilepsy", "attributes": {"Certainty": "5", "DiagCategory": "Epilepsy", "CUIPhrase": "drug-refractory-epilepsy", "CUI": "C1096063", "Negation": "Affirmed"}}, {"entity": "Prescription", "start_index": "99", "end_index": "110", "text": "Lamotrigine", "attributes": {"Frequency": "2", "DoseUnit": "mg", "CUIPhrase": "lamotrigine", "DrugName": "Lamotrigine", "DrugDose": "200", "CUI": "C0064636"}}, {"entity": "PatientHistory", "start_index": "43", "end_index": "61", "text": "Nocturnal-seizures-", "attributes": {"CUIPhrase": "nocturnal-seizures", "CUI": "C0748605", "Negation": "Affirmed", "Certainty": "5"}}, {"entity": "PatientHistory", "start_index": "236", "end_index": "244", "text": "seizures", "attributes": {"CUIPhrase": "seizures", "Negation": "Affirmed", "CUI": "C0036572", "Certainty": "5"}}, {"entity": "Diagnosis", "start_index": "26", "end_index": "40", "text": "focal-epilepsy", "attributes": {"DiagCategory": "Epilepsy", "Negation": "Affirmed", "CUIPhrase": "focal-epilepsy", "CUI": "C0014547", "Certainty": "5"}}, {"entity": "Prescription", "start_index": "122", "end_index": "132", "text": "Perampanel", "attributes": {"DrugName": "Perampanel", "CUI": "C2698764", "CUIPhrase": "perampanel", "Frequency": "1", "DoseUnit": "mg", "DrugDose": "4"}}, {"entity": "Prescription", "start_index": "75", "end_index": "87", "text": "Brivaracetam", "attributes": {"DrugName": "brivaracetam", "Frequency": "2", "CUI": "C1699861", "CUIPhrase": "brivaracetam", "DrugDose": "100", "DoseUnit": "mg"}}]