[{"entity": "PatientHistory", "start_index": "62", "end_index": "83", "text": "right-hippocampectomy", "attributes": {"YearDate": "2018", "Certainty": "5", "Negation": "Affirmed", "CUIPhrase": "hippocampectomy", "CUI": "C2921031"}}, {"entity": "PatientHistory", "start_index": "67", "end_index": "83", "text": "-hippocampectomy", "attributes": {"YearDate": "2018", "Certainty": "5", "Negation": "Affirmed", "CUIPhrase": "hippocampectomy", "CUI": "C2921031"}}, {"entity": "PatientHistory", "start_index": "346", "end_index": "367", "text": "hippocampal-sclerosis", "attributes": {"Certainty": "5", "Negation": "Affirmed", "CUIPhrase": "hippocampal-sclerosis", "CUI": "C1504404"}}, {"entity": "PatientHistory", "start_index": "387", "end_index": "396", "text": "seizures-", "attributes": {"CUIPhrase": "seizures", "Certainty": "5", "Negation": "Affirmed", "CUI": "C0036572"}}, {"entity": "SeizureFrequency", "start_index": "175", "end_index": "212", "text": "focal-seizures-with-altered-awareness", "attributes": {"Negation": "Affirmed", "TimeSince_or_TimeOfEvent": "Since", "CUI": "C0270834", "NumberOfSeizures": "0", "YearDate": "2018", "Certainty": "5", "CUIPhrase": "focal-seizures-with-altered-awareness"}}, {"entity": "Investigations", "start_index": "368", "end_index": "377", "text": "Video-EEG", "attributes": {"CUI": "C0151611", "EEG_Performed": "Yes", "CUIPhrase": "eeg-abnormal", "EEG_Results": "Abnormal", "EEG_Type": "VideoTelemetry"}}, {"entity": "Diagnosis", "start_index": "175", "end_index": "212", "text": "focal-seizures-with-altered-awareness", "attributes": {"Negation": "Affirmed", "CUI": "C0270834", "CUIPhrase": "focal-seizures-with-altered-awareness", "DiagCategory": "MultipleSeizures", "Certainty": "5"}}, {"entity": "SeizureFrequency", "start_index": "240", "end_index": "278", "text": "focal-to-bilateral-convulsive-seizures", "attributes": {"YearDate": "2018", "NumberOfSeizures": "0", "CUIPhrase": "focal", "TimeSince_or_TimeOfEvent": "Since", "CUI": "C0877017"}}, {"entity": "PatientHistory", "start_index": "549", "end_index": "565", "text": "febrile-seizures", "attributes": {"AgeUpper": "5", "CUI": "C0009952", "Negation": "Affirmed", "Certainty": "5", "AgeLower": "3", "AgeUnit": "Year", "CUIPhrase": "febrile-seizures"}}, {"entity": "BirthHistory", "start_index": "1061", "end_index": "1074", "text": "born-normally", "attributes": {"CUI": "C3665337", "Negation": "Affirmed", "Certainty": "5", "CUIPhrase": "born-normally", "PrematureBirth": "37+_TermBirth"}}, {"entity": "Diagnosis", "start_index": "623", "end_index": "641", "text": "focal-onset-seizur", "attributes": {"Negation": "Affirmed", "CUI": "C0751495", "Certainty": "5", "DiagCategory": "MultipleSeizures", "CUIPhrase": "focal"}}, {"entity": "Prescription", "start_index": "91", "end_index": "144", "text": "Current-anti-seizure-medication:-lamotrigine-200mg-bd", "attributes": {"Frequency": "2", "DoseUnit": "mg", "DrugDose": "200", "CUIPhrase": "lamotrigine", "DrugName": "lamotrigine", "CUI": "C0064636"}}, {"entity": "Onset", "start_index": "622", "end_index": "642", "text": "focal-onset-seizures", "attributes": {"AgeUnit": "Year", "CUI": "C0751495", "CUIPhrase": "focal-seizures", "Age": "6", "Certainty": "5", "Negation": "Affirmed"}}, {"entity": "Investigations", "start_index": "331", "end_index": "335", "text": "MRI-", "attributes": {"MRI_Results": "Abnormal", "CUIPhrase": "MRI", "CUI": "C1319851", "MRI_Performed": "Yes"}}, {"entity": "Diagnosis", "start_index": "240", "end_index": "278", "text": "focal-to-bilateral-convulsive-seizures", "attributes": {"Negation": "Affirmed", "DiagCategory": "MultipleSeizures", "Certainty": "5", "CUIPhrase": "focal-to-bilateral-convulsive-seizures", "CUI": "C0877017"}}, {"entity": "SeizureFrequency", "start_index": "756", "end_index": "768", "text": "seizure-free", "attributes": {"NumberOfSeizures": "0", "TimeSince_or_TimeOfEvent": "Since", "PointInTime": "Surgery", "CUIPhrase": "seizure", "CUI": "C1299590"}}, {"entity": "PatientHistory", "start_index": "821", "end_index": "830", "text": "seizures-", "attributes": {"Negation": "Affirmed", "CUI": "C0036572", "Certainty": "5", "CUIPhrase": "seizures"}}, {"entity": "Diagnosis", "start_index": "11", "end_index": "33", "text": "temporal-lobe-epilepsy", "attributes": {"Negation": "Affirmed", "DiagCategory": "Epilepsy", "CUI": "C0014556", "CUIPhrase": "temporal-lobe-epilepsy", "Certainty": "5"}}]