[{"entity": "EpilepsyCause", "start_index": "193", "end_index": "212", "text": "herpes-encephalitis", "attributes": {"Certainty": "5", "Negation": "Affirmed", "CUIPhrase": "herpes-encephalitis", "CUI": "C0276226"}}, {"entity": "EpilepsyCause", "start_index": "974", "end_index": "986", "text": "encephalitis", "attributes": {"Certainty": "5", "CUI": "C0014038", "Negation": "Affirmed", "CUIPhrase": "encephalitis"}}, {"entity": "Prescription", "start_index": "214", "end_index": "332", "text": "He-is-currently-taking-carbamazepine-(Tegretol-retard)-400mg-twice-a-day-as-well-as-sodium-valproate-400mg-twice-a-day", "attributes": {"DrugName": "carbamazepine", "CUIPhrase": "carbamazepine", "DoseUnit": "mg", "Frequency": "2", "CUI": "C0006949", "DrugDose": "400"}}, {"entity": "Diagnosis", "start_index": "929", "end_index": "938", "text": "epilepsy-", "attributes": {"Certainty": "5", "CUI": "C0014544", "Negation": "Affirmed", "DiagCategory": "Epilepsy", "CUIPhrase": "epilepsy"}}, {"entity": "PatientHistory", "start_index": "974", "end_index": "986", "text": "encephalitis", "attributes": {"Negation": "Affirmed", "CUIPhrase": "encephalitis", "Certainty": "5", "CUI": "C0014038"}}, {"entity": "PatientHistory", "start_index": "376", "end_index": "384", "text": "anxiety-", "attributes": {"Certainty": "5", "Negation": "Affirmed", "CUI": "C0003467", "CUIPhrase": "anxiety"}}, {"entity": "Diagnosis", "start_index": "679", "end_index": "717", "text": "focal-seizures-with-altered-awareness-", "attributes": {"Certainty": "5", "Negation": "Affirmed", "CUIPhrase": "focal-seizures-with-altered-awareness", "CUI": "C0270834", "DiagCategory": "MultipleSeizures"}}, {"entity": "Diagnosis", "start_index": "503", "end_index": "511", "text": "epilepsy", "attributes": {"CUI": "C0014544", "Certainty": "5", "CUIPhrase": "epilepsy", "Negation": "Affirmed", "DiagCategory": "Epilepsy"}}, {"entity": "Prescription", "start_index": "298", "end_index": "332", "text": "sodium-valproate-400mg-twice-a-day", "attributes": {"DrugDose": "400", "DrugName": "SodiumValproate", "Frequency": "2", "DoseUnit": "mg", "CUI": "C0037567", "CUIPhrase": "sodium-valproate"}}, {"entity": "PatientHistory", "start_index": "193", "end_index": "212", "text": "herpes-encephalitis", "attributes": {"CUI": "C0014038", "Negation": "Affirmed", "Certainty": "5", "CUIPhrase": "encephalitis"}}, {"entity": "SeizureFrequency", "start_index": "619", "end_index": "628", "text": "seizures-", "attributes": {"PointInTime": "Last_Year", "TimeSince_or_TimeOfEvent": "During", "CUIPhrase": "seizures", "CUI": "C0036572", "NumberOfSeizures": "5"}}, {"entity": "Diagnosis", "start_index": "124", "end_index": "169", "text": "symptomatic-structural-temporal-lobe-epilepsy", "attributes": {"Negation": "Affirmed", "DiagCategory": "Epilepsy", "CUI": "C0472349", "Certainty": "5", "CUIPhrase": "symptomatic-structural-focal-epilepsy"}}, {"entity": "Diagnosis", "start_index": "146", "end_index": "169", "text": "-temporal-lobe-epilepsy", "attributes": {"DiagCategory": "Epilepsy", "CUI": "C0014556", "Negation": "Affirmed", "Certainty": "5", "CUIPhrase": "temporal-lobe-epilepsy"}}]