[{"entity": "Diagnosis", "start_index": "89", "end_index": "120", "text": "Symptomatic-structural-epilepsy", "attributes": {"DiagCategory": "Epilepsy", "CUI": "C0472349", "CUIPhrase": "symptomatic-structural-focal-epilepsy", "Certainty": "5", "Negation": "Affirmed"}}, {"entity": "SeizureFrequency", "start_index": "1074", "end_index": "1105", "text": "(secondary-generalised-seizures", "attributes": {"DiagCategory": "MultipleSeizures", "Certainty": "4", "Negation": "Affirmed", "NumberOfSeizures": "0", "PointInTime": "Surgery", "TimeSince_or_TimeOfEvent": "Since", "CUIPhrase": "secondary-generalised-seizures", "CUI": "C0270838"}}, {"entity": "PatientHistory", "start_index": "1192", "end_index": "1199", "text": "anxiety", "attributes": {"CUI": "C0003467", "CUIPhrase": "anxiety", "Negation": "Affirmed", "Certainty": "5"}}, {"entity": "Diagnosis", "start_index": "702", "end_index": "711", "text": "epilepsy-", "attributes": {"DiagCategory": "Epilepsy", "CUIPhrase": "epilepsy", "Certainty": "5", "CUI": "C0014544", "Negation": "Affirmed"}}, {"entity": "PatientHistory", "start_index": "143", "end_index": "154", "text": "meningioma-", "attributes": {"Certainty": "5", "CUI": "C0349604", "Negation": "Affirmed", "CUIPhrase": "meningioma"}}, {"entity": "Prescription", "start_index": "378", "end_index": "392", "text": "Levetiracetam-", "attributes": {"DoseUnit": "mg", "Frequency": "2", "CUI": "C0377265", "CUIPhrase": "levetiracetam", "DrugName": "Levetiracetam", "DrugDose": "1500"}}, {"entity": "SeizureFrequency", "start_index": "252", "end_index": "275", "text": "Complex-partial-seizure", "attributes": {"TimePeriod": "Month", "CUI": "C0149958", "CUIPhrase": "complex-partial-seizure", "NumberOfTimePeriods": "1", "NumberOfSeizures": "3"}}, {"entity": "PatientHistory", "start_index": "1479", "end_index": "1495", "text": "febrile-seizures", "attributes": {"Certainty": "5", "Age": "8", "CUI": "C0009952", "AgeUnit": "Month", "CUIPhrase": "febrile-seizures", "Negation": "Affirmed"}}, {"entity": "PatientHistory", "start_index": "1673", "end_index": "1682", "text": "seizures-", "attributes": {"CUI": "C0036572", "CUIPhrase": "seizures", "Negation": "Affirmed", "Certainty": "5"}}, {"entity": "Diagnosis", "start_index": "252", "end_index": "275", "text": "Complex-partial-seizure", "attributes": {"CUIPhrase": "complex", "DiagCategory": "MultipleSeizures", "Certainty": "5", "CUI": "C0149958", "Negation": "Affirmed"}}, {"entity": "WhenDiagnosed", "start_index": "702", "end_index": "709", "text": "epileps", "attributes": {"Certainty": "5", "CUIPhrase": "epilepsy", "YearDate": "2012", "Negation": "Affirmed", "CUI": "C0014544"}}, {"entity": "PatientHistory", "start_index": "769", "end_index": "780", "text": "meningioma-", "attributes": {"CUIPhrase": "meningioma", "CUI": "C0349604", "Negation": "Affirmed", "Certainty": "5"}}, {"entity": "Investigations", "start_index": "1532", "end_index": "1536", "text": "MRI-", "attributes": {"CUI": "C1319851", "CUIPhrase": "mri-abnormal", "MRI_Performed": "Yes", "MRI_Results": "Abnormal"}}, {"entity": "Diagnosis", "start_index": "300", "end_index": "330", "text": "Secondary-generalised-seizures", "attributes": {"CUIPhrase": "secondary-generalised-seizures", "DiagCategory": "MultipleSeizures", "CUI": "C0270838", "Certainty": "5", "Negation": "Affirmed"}}, {"entity": "PatientHistory", "start_index": "663", "end_index": "671", "text": "seizure-", "attributes": {"Certainty": "5", "CUI": "C0036572", "YearDate": "2012", "Negation": "Affirmed", "CUIPhrase": "seizure"}}, {"entity": "PatientHistory", "start_index": "541", "end_index": "551", "text": "meningioma", "attributes": {"CUIPhrase": "meningioma", "Negation": "Affirmed", "Certainty": "5", "CUI": "C0349604"}}, {"entity": "PatientHistory", "start_index": "1177", "end_index": "1188", "text": "depression-", "attributes": {"CUIPhrase": "depression", "Negation": "Affirmed", "CUI": "C0011570", "Certainty": "5"}}, {"entity": "Investigations", "start_index": "481", "end_index": "485", "text": "MRI-", "attributes": {"MRI_Performed": "Yes", "CUI": "C1319851", "MRI_Results": "Abnormal", "CUIPhrase": "mri-abnormal"}}, {"entity": "Diagnosis", "start_index": "857", "end_index": "871", "text": "focal-seizures", "attributes": {"Negation": "Affirmed", "Certainty": "5", "CUIPhrase": "focal-seizures", "DiagCategory": "MultipleSeizures", "CUI": "C0751495"}}, {"entity": "Diagnosis", "start_index": "206", "end_index": "228", "text": "Partial-motor-seizures", "attributes": {"CUI": "C0016399", "DiagCategory": "MultipleSeizures", "CUIPhrase": "partial-motor-seizures", "Certainty": "5", "Negation": "Affirmed"}}, {"entity": "SeizureFrequency", "start_index": "300", "end_index": "329", "text": "Secondary-generalised-seizure", "attributes": {"MonthDate": "10", "CUI": "C0270838", "NumberOfSeizures": "0", "CUIPhrase": "secondary-generalised-seizure", "TimeSince_or_TimeOfEvent": "Since", "YearDate": "2012"}}]