[{"entity": "Prescription", "start_index": "199", "end_index": "213", "text": "Levetiracetam-", "attributes": {"CUI": "C0377265", "CUIPhrase": "levetiracetam", "Frequency": "2", "DrugName": "Levetiracetam", "DrugDose": "1750", "DoseUnit": "mg"}}, {"entity": "SeizureFrequency", "start_index": "416", "end_index": "435", "text": "cluster-of-seizures", "attributes": {"NumberOfSeizures": "1", "TimePeriod": "Month", "NumberOfTimePeriods": "6", "TimeSince_or_TimeOfEvent": "During", "CUIPhrase": "cluster-of-seizures", "CUI": "C3203523"}}, {"entity": "Diagnosis", "start_index": "735", "end_index": "744", "text": "epileptic", "attributes": {"DiagCategory": "MultipleSeizures", "Certainty": "3", "Negation": "Affirmed", "CUIPhrase": "epileptic-seizures", "CUI": "C4317109"}}, {"entity": "PatientHistory", "start_index": "748", "end_index": "786", "text": "dissociative-(non-epileptic)-seizures-", "attributes": {"Certainty": "3", "Negation": "Affirmed", "CUIPhrase": "dissociative-seizures", "CUI": "C0349245"}}, {"entity": "Diagnosis", "start_index": "829", "end_index": "847", "text": "epileptic-seizures", "attributes": {"Negation": "Affirmed", "CUI": "C4317109", "Certainty": "4", "DiagCategory": "MultipleSeizures", "CUIPhrase": "epileptic-seizures"}}, {"entity": "Prescription", "start_index": "171", "end_index": "195", "text": "Eslicarbazepine-800mg-od", "attributes": {"DoseUnit": "mg", "DrugName": "eslicarbazepine", "CUI": "C2725260", "Frequency": "1", "DrugDose": "800", "CUIPhrase": "eslicarbazepine"}}, {"entity": "PatientHistory", "start_index": "139", "end_index": "149", "text": "Depression", "attributes": {"CUI": "C0011570", "CUIPhrase": "depression", "Certainty": "5", "Negation": "Affirmed"}}, {"entity": "Prescription", "start_index": "226", "end_index": "242", "text": "Clobazam-10mg-od", "attributes": {"DoseUnit": "mg", "CUIPhrase": "clobazam", "DrugDose": "10", "DrugName": "clobazam", "Frequency": "1", "CUI": "C0055891"}}, {"entity": "PatientHistory", "start_index": "81", "end_index": "103", "text": "Dissociative-\u200bseizures", "attributes": {"Certainty": "5", "CUI": "C0349245", "CUIPhrase": "dissociative-seizures", "Negation": "Affirmed"}}, {"entity": "Diagnosis", "start_index": "105", "end_index": "125", "text": "Focal-onset-epilepsy", "attributes": {"CUIPhrase": "focal-onset-epilepsy", "DiagCategory": "Epilepsy", "Negation": "Affirmed", "CUI": "C0014547", "Certainty": "5"}}, {"entity": "PatientHistory", "start_index": "128", "end_index": "136", "text": "Migraine", "attributes": {"CUI": "C0149931", "Certainty": "5", "CUIPhrase": "migraine", "Negation": "Affirmed"}}, {"entity": "PatientHistory", "start_index": "416", "end_index": "435", "text": "cluster-of-seizures", "attributes": {"Certainty": "5", "CUI": "C3203523", "Negation": "Affirmed", "CUIPhrase": "cluster-of-seizures"}}]