[{"entity": "Diagnosis", "start_index": "101", "end_index": "134", "text": "generalised-tonic-clonic-seizures", "attributes": {"Negation": "Affirmed", "Certainty": "5", "CUI": "C0494475", "DiagCategory": "MultipleSeizures", "CUIPhrase": "generalised-tonic-clonic-seizures"}}, {"entity": "SeizureFrequency", "start_index": "694", "end_index": "709", "text": "yoclonic-jerks.", "attributes": {"FrequencyChange": "Same", "CUIPhrase": "myoclonic-jerks", "CUI": "C0027066"}}, {"entity": "BirthHistory", "start_index": "938", "end_index": "955", "text": "perinatal-hypoxia", "attributes": {"Certainty": "4", "Negation": "Affirmed", "CUIPhrase": "perinatal-hypoxia", "CUI": "C0559478"}}, {"entity": "Onset", "start_index": "303", "end_index": "312", "text": "-eepileps", "attributes": {"CUI": "C0014544", "AgeUnit": "Year", "CUIPhrase": "epilepsy", "Age": "14"}}, {"entity": "Diagnosis", "start_index": "144", "end_index": "147", "text": "JME", "attributes": {"Certainty": "4", "CUIPhrase": "jme", "CUI": "C0270853", "Negation": "Affirmed", "DiagCategory": "Epilepsy"}}, {"entity": "PatientHistory", "start_index": "975", "end_index": "996", "text": "learning-disabilities", "attributes": {"Certainty": "5", "Negation": "Affirmed", "CUIPhrase": "learning-disabilities", "CUI": "C0751265"}}, {"entity": "Diagnosis", "start_index": "1282", "end_index": "1309", "text": "juvenile-myoclonic-epilepsy", "attributes": {"Certainty": "4", "Negation": "Affirmed", "CUI": "C0270853", "CUIPhrase": "juvenile-myoclonic-epilepsy", "DiagCategory": "Epilepsy"}}, {"entity": "PatientHistory", "start_index": "385", "end_index": "400", "text": "myoclonic-jerks", "attributes": {"Age": "14", "Negation": "Affirmed", "CUI": "C0027066", "CUIPhrase": "myoclonic-jerks", "AgeUnit": "Year", "Certainty": "5"}}, {"entity": "PatientHistory", "start_index": "1087", "end_index": "1103", "text": "febrile-seizures", "attributes": {"Certainty": "1", "CUIPhrase": "febrile-seizures", "CUI": "C0009952", "Negation": "Negated"}}, {"entity": "Diagnosis", "start_index": "1486", "end_index": "1494", "text": "epilepsy", "attributes": {"DiagCategory": "Epilepsy", "CUI": "C0014544", "CUIPhrase": "epilepsy", "Negation": "Affirmed", "Certainty": "5"}}, {"entity": "PatientHistory", "start_index": "81", "end_index": "96", "text": "myoclonic-jerks", "attributes": {"Certainty": "5", "CUI": "C0027066", "Negation": "Affirmed", "CUIPhrase": "myoclonic-jerks"}}, {"entity": "Diagnosis", "start_index": "347", "end_index": "380", "text": "generalised-tonic-clonic-seizures", "attributes": {"Negation": "Affirmed", "DiagCategory": "MultipleSeizures", "CUIPhrase": "generalised-tonic-clonic-seizures", "CUI": "C0494475", "Certainty": "5"}}, {"entity": "Prescription", "start_index": "222", "end_index": "259", "text": "Medication:-epilim-800-mg-twice-a-day", "attributes": {"CUI": "C0591451", "Frequency": "2", "DoseUnit": "mg", "DrugName": "epilim", "CUIPhrase": "epilim", "DrugDose": "800"}}, {"entity": "Diagnosis", "start_index": "71", "end_index": "79", "text": "epilepsy", "attributes": {"CUI": "C0014544", "DiagCategory": "Epilepsy", "Certainty": "5", "CUIPhrase": "epilepsy", "Negation": "Affirmed"}}, {"entity": "Diagnosis", "start_index": "305", "end_index": "314", "text": "epilepsy-", "attributes": {"CUIPhrase": "epilepsy", "DiagCategory": "Epilepsy", "Certainty": "5", "CUI": "C0014544", "Negation": "Affirmed"}}, {"entity": "SeizureFrequency", "start_index": "580", "end_index": "613", "text": "generalised-tonic-clonic-seizures", "attributes": {"CUI": "C0494475", "TimePeriod": "Year", "NumberOfSeizures": "0", "NumberOfTimePeriods": "7", "CUIPhrase": "generalized-tonic-clonic-seizures"}}, {"entity": "PatientHistory", "start_index": "164", "end_index": "185", "text": "learning-disabilities", "attributes": {"Negation": "Affirmed", "CUIPhrase": "learning-disabilities", "Certainty": "5", "CUI": "C0751265"}}, {"entity": "Onset", "start_index": "347", "end_index": "379", "text": "generalised-tonic-clonic-seizure", "attributes": {"Negation": "Affirmed", "AgeUnit": "Year", "CUIPhrase": "generalised-tonic-clonic-seizure", "Age": "14", "CUI": "C0494475", "Certainty": "5"}}, {"entity": "PatientHistory", "start_index": "694", "end_index": "709", "text": "myoclonic-jerks", "attributes": {"Certainty": "5", "Negation": "Affirmed", "CUIPhrase": "myoclonic", "CUI": "C0027066"}}, {"entity": "Diagnosis", "start_index": "581", "end_index": "613", "text": "generalised-tonic-clonic-seizure", "attributes": {"DiagCategory": "MultipleSeizures", "Certainty": "5", "Negation": "Affirmed", "CUIPhrase": "generalised", "CUI": "C0494475"}}]