[{"entity": "PatientHistory", "start_index": "122", "end_index": "133", "text": "MCA-infarct", "attributes": {"YearDate": "2003", "Certainty": "5", "Negation": "Affirmed", "CUIPhrase": "mca-infarct", "CUI": "C0740392"}}, {"entity": "PatientHistory", "start_index": "348", "end_index": "369", "text": "MCA-terrority-infarct", "attributes": {"Certainty": "5", "Negation": "Affirmed", "CUIPhrase": "mca-infarct", "CUI": "C0740392"}}, {"entity": "Diagnosis", "start_index": "683", "end_index": "697", "text": "focal-seizures", "attributes": {"CUIPhrase": "focal-seizures", "Negation": "Affirmed", "Certainty": "5", "CUI": "C0751495", "DiagCategory": "MultipleSeizures"}}, {"entity": "Diagnosis", "start_index": "763", "end_index": "778", "text": "-focal-seizures", "attributes": {"DiagCategory": "MultipleSeizures", "Certainty": "5", "Negation": "Affirmed", "CUIPhrase": "focal-seizures", "CUI": "C0751495"}}, {"entity": "PatientHistory", "start_index": "1076", "end_index": "1084", "text": "migraine", "attributes": {"CUIPhrase": "migraine", "Negation": "Affirmed", "Certainty": "5", "CUI": "C0149931"}}, {"entity": "PatientHistory", "start_index": "1314", "end_index": "1331", "text": "febrile-seizures-", "attributes": {"AgeUnit": "Month", "Age": "8", "Certainty": "5", "Negation": "Affirmed", "CUIPhrase": "febrile-seizures", "CUI": "C0009952"}}, {"entity": "PatientHistory", "start_index": "1314", "end_index": "1330", "text": "febrile-seizures", "attributes": {"AgeUnit": "Month", "Age": "18", "Certainty": "5", "Negation": "Affirmed", "CUIPhrase": "febrile-seizures", "CUI": "C0009952"}}, {"entity": "PatientHistory", "start_index": "1579", "end_index": "1586", "text": "stroke-", "attributes": {"CUIPhrase": "stroke", "Certainty": "5", "Negation": "Affirmed", "CUI": "C0038454"}}, {"entity": "Diagnosis", "start_index": "1850", "end_index": "1864", "text": "focal-seizures", "attributes": {"CUI": "C0751495", "Negation": "Affirmed", "CUIPhrase": "focal-seizures", "DiagCategory": "MultipleSeizures", "Certainty": "5"}}, {"entity": "SeizureFrequency", "start_index": "168", "end_index": "187", "text": "Focal-motor-seizure", "attributes": {"CUI": "C0016399", "UpperNumberOfSeizures": "3", "LowerNumberOfSeizures": "2", "TimePeriod": "Month", "NumberOfTimePeriods": "1", "CUIPhrase": "focal-motor-seizures"}}, {"entity": "Diagnosis", "start_index": "223", "end_index": "261", "text": "Focal-to-bilateral-convulsive-seizures", "attributes": {"Certainty": "5", "CUIPhrase": "focal-to-bilateral-convulsive-seizures", "DiagCategory": "MultipleSeizures", "Negation": "Affirmed", "CUI": "C0877017"}}, {"entity": "Diagnosis", "start_index": "1835", "end_index": "1844", "text": "epilepsy-", "attributes": {"Negation": "Affirmed", "CUI": "C0014544", "CUIPhrase": "epilepsy", "DiagCategory": "Epilepsy", "Certainty": "5"}}, {"entity": "Diagnosis", "start_index": "554", "end_index": "563", "text": "epilepsy-", "attributes": {"CUIPhrase": "epilepsy", "CUI": "C0014544", "Certainty": "5", "Negation": "Affirmed", "DiagCategory": "Epilepsy"}}, {"entity": "Prescription", "start_index": "408", "end_index": "433", "text": "Sodium-Valproate-500mg-bd", "attributes": {"Frequency": "2", "DrugName": "sodium-valproate", "CUIPhrase": "sodium-valproate", "CUI": "C0037567", "DoseUnit": "mg", "DrugDose": "500"}}, {"entity": "WhenDiagnosed", "start_index": "554", "end_index": "562", "text": "epilepsy", "attributes": {"Certainty": "5", "CUI": "C0014544", "YearDate": "2015", "Negation": "Affirmed", "CUIPhrase": "epilepsy"}}, {"entity": "Prescription", "start_index": "383", "end_index": "405", "text": "Carbamazepine-400mg-bd", "attributes": {"Frequency": "2", "CUIPhrase": "carbamazepine", "DoseUnit": "mg", "DrugName": "carbamazepine", "DrugDose": "400", "CUI": "C0006949"}}, {"entity": "Diagnosis", "start_index": "611", "end_index": "628", "text": "epileptic-seizure", "attributes": {"CUIPhrase": "epileptic-seizure", "CUI": "C4317109", "Certainty": "5", "DiagCategory": "SingleSeizure", "Negation": "Affirmed"}}, {"entity": "Diagnosis", "start_index": "168", "end_index": "188", "text": "Focal-motor-seizures", "attributes": {"DiagCategory": "MultipleSeizures", "Certainty": "5", "CUI": "C0016399", "CUIPhrase": "focal-motor-seizures", "Negation": "Affirmed"}}, {"entity": "Investigations", "start_index": "296", "end_index": "303", "text": "CT-Head", "attributes": {"CUI": "C0436539", "CT_Results": "Abnormal", "CUIPhrase": "ct-abnormal", "CT_Performed": "Yes"}}, {"entity": "BirthHistory", "start_index": "1230", "end_index": "1242", "text": "prematurely-", "attributes": {"Negation": "Affirmed", "Certainty": "5", "PrematureBirth": "32to<37_ModerateToLatePreterm", "CUIPhrase": "moderate-to-late-preterm-birth", "CUI": "C4054482"}}, {"entity": "PatientHistory", "start_index": "1421", "end_index": "1444", "text": "significant-head-injury", "attributes": {"Negation": "Affirmed", "CUI": "C0497301", "CUIPhrase": "head-injury", "Certainty": "5"}}, {"entity": "Diagnosis", "start_index": "82", "end_index": "113", "text": "Symptomatic-structural-epilepsy", "attributes": {"CUI": "C0472349", "DiagCategory": "Epilepsy", "CUIPhrase": "symptomatic-structural-focal-epilepsy", "Certainty": "5", "Negation": "Affirmed"}}, {"entity": "SeizureFrequency", "start_index": "223", "end_index": "260", "text": "Focal-to-bilateral-convulsive-seizure", "attributes": {"CUI": "C0877017", "CUIPhrase": "focal-to-bilateral-convulsive-seizures", "NumberOfSeizures": "0", "TimeSince_or_TimeOfEvent": "Since", "YearDate": "2015"}}, {"entity": "PatientHistory", "start_index": "313", "end_index": "321", "text": "gliosis-", "attributes": {"Certainty": "5", "Negation": "Affirmed", "CUIPhrase": "gliosis", "CUI": "C0017639"}}, {"entity": "PatientHistory", "start_index": "999", "end_index": "1022", "text": "cerebrovascular-disease", "attributes": {"Certainty": "5", "Negation": "Affirmed", "CUIPhrase": "cerebrovascular", "CUI": "C0007820"}}]