[{"entity": "Diagnosis", "start_index": "36", "end_index": "50", "text": "Focal-Seizures", "attributes": {"DiagCategory": "MultipleSeizures", "Certainty": "5", "Negation": "Affirmed", "CUIPhrase": "focal-seizures", "CUI": "C0751495"}}, {"entity": "Diagnosis", "start_index": "61", "end_index": "74", "text": "temporal-lobe", "attributes": {"DiagCategory": "MultipleSeizures", "Certainty": "4", "Negation": "Affirmed", "CUIPhrase": "temporal-lobe-seizure", "CUI": "C0014556"}}, {"entity": "PatientHistory", "start_index": "320", "end_index": "327", "text": "d\u00e9j\u00e0-vu", "attributes": {"Certainty": "3", "Negation": "Affirmed", "CUIPhrase": "d\u00e9j\u00e0-vu", "CUI": "C0011194"}}, {"entity": "PatientHistory", "start_index": "673", "end_index": "696", "text": "ischaemic-heart-disease", "attributes": {"TimePeriod": "Year", "NumberOfTimePeriods": "10", "Certainty": "5", "Negation": "Affirmed", "CUIPhrase": "ischaemic-heart-disease", "CUI": "C0151744"}}, {"entity": "Diagnosis", "start_index": "1109", "end_index": "1131", "text": "temporal-lobe-seizures", "attributes": {"DiagCategory": "MultipleSeizures", "Certainty": "4", "Negation": "Affirmed", "CUIPhrase": "temporal-lobe-seizures", "CUI": "C0014556"}}]