[{"entity": "BirthHistory", "start_index": "128", "end_index": "145", "text": "-perinatal-trauma", "attributes": {"Certainty": "5", "Negation": "Affirmed", "CUIPhrase": "perinatal-injury", "CUI": "C0456798"}}, {"entity": "EpilepsyCause", "start_index": "129", "end_index": "145", "text": "perinatal-trauma", "attributes": {"Certainty": "5", "Negation": "Affirmed", "CUIPhrase": "perinatal-trauma", "CUI": "C0456798"}}, {"entity": "Diagnosis", "start_index": "220", "end_index": "228", "text": "epilepsy", "attributes": {"Negation": "Affirmed", "CUI": "C0014544", "CUIPhrase": "epilepsy", "Certainty": "5", "DiagCategory": "Epilepsy"}}, {"entity": "BirthHistory", "start_index": "295", "end_index": "328", "text": "hypoxia-during-a-difficult-birth.", "attributes": {"Certainty": "5", "Negation": "Affirmed", "CUIPhrase": "hypoxia-during-birth", "CUI": "C0559478"}}, {"entity": "EpilepsyCause", "start_index": "295", "end_index": "328", "text": "hypoxia-during-a-difficult-birth.", "attributes": {"Certainty": "5", "Negation": "Affirmed", "CUIPhrase": "hypoxia-during-birth", "CUI": "C0559478"}}, {"entity": "Diagnosis", "start_index": "361", "end_index": "391", "text": "secondary-generalised-seizures", "attributes": {"Certainty": "5", "Negation": "Affirmed", "DiagCategory": "MultipleSeizures", "CUIPhrase": "secondary-generalised-seizures", "CUI": "C0270838"}}, {"entity": "SeizureFrequency", "start_index": "406", "end_index": "412", "text": "seizur", "attributes": {"TimePeriod": "Month", "CUI": "C0036572", "NumberOfSeizures": "0", "NumberOfTimePeriods": "2", "CUIPhrase": "seizure"}}, {"entity": "WhenDiagnosed", "start_index": "220", "end_index": "227", "text": "epileps", "attributes": {"CUI": "C0014544", "Negation": "Affirmed", "Certainty": "5", "AgeUnit": "Year", "Age": "4", "CUIPhrase": "epilepsy"}}, {"entity": "Investigations", "start_index": "927", "end_index": "931", "text": "MRI-", "attributes": {"MRI_Performed": "Yes", "CUI": "C1319851", "CUIPhrase": "mri-abnormal", "MRI_Results": "Abnormal"}}, {"entity": "Prescription", "start_index": "579", "end_index": "595", "text": "sodium-valproate", "attributes": {"DoseUnit": "g", "DrugDose": "1", "CUIPhrase": "sodium-valproate", "CUI": "C0037567", "Frequency": "2", "DrugName": "SodiumValproate"}}, {"entity": "SeizureFrequency", "start_index": "361", "end_index": "390", "text": "secondary-generalised-seizure", "attributes": {"CUIPhrase": "secondary-generalised-seizures", "NumberOfTimePeriods": "1", "CUI": "C0270838", "NumberOfSeizures": "2", "TimePeriod": "Year"}}, {"entity": "Prescription", "start_index": "695", "end_index": "706", "text": "lamotrigine", "attributes": {"CUIPhrase": "lamotrigine", "DoseUnit": "mg", "DrugDose": "50", "CUI": "C0064636", "Frequency": "2", "DrugName": "Lamotrigine"}}, {"entity": "Diagnosis", "start_index": "265", "end_index": "274", "text": "epilepsy-", "attributes": {"Negation": "Affirmed", "DiagCategory": "Epilepsy", "CUI": "C0014544", "CUIPhrase": "epilepsy", "Certainty": "5"}}, {"entity": "PatientHistory", "start_index": "406", "end_index": "414", "text": "seizure-", "attributes": {"Certainty": "5", "CUI": "C0036572", "CUIPhrase": "seizure", "Negation": "Affirmed"}}, {"entity": "PatientHistory", "start_index": "946", "end_index": "954", "text": "gliosis-", "attributes": {"CUIPhrase": "gliosis", "Negation": "Affirmed", "CUI": "C0017639", "Certainty": "5"}}, {"entity": "PatientHistory", "start_index": "898", "end_index": "906", "text": "anxiety-", "attributes": {"CUI": "C0003467", "CUIPhrase": "anxiety", "Negation": "Affirmed", "Certainty": "5"}}, {"entity": "PatientHistory", "start_index": "785", "end_index": "794", "text": "seizures-", "attributes": {"CUI": "C0036572", "Negation": "Affirmed", "Certainty": "5", "CUIPhrase": "seizures"}}, {"entity": "Diagnosis", "start_index": "85", "end_index": "115", "text": "Secondary-generalised-seizures", "attributes": {"CUI": "C0270838", "CUIPhrase": "secondary-generalised-seizures", "Certainty": "5", "DiagCategory": "MultipleSeizures", "Negation": "Affirmed"}}, {"entity": "BirthHistory", "start_index": "1019", "end_index": "1035", "text": "perinatal-injury", "attributes": {"Certainty": "5", "Negation": "Affirmed", "CUIPhrase": "perinatal-injury", "CUI": "C0005604"}}, {"entity": "Investigations", "start_index": "1043", "end_index": "1047", "text": "EEG-", "attributes": {"EEG_Results": "Abnormal", "CUIPhrase": "eeg-abnormal", "CUI": "C0151611", "EEG_Performed": "Yes"}}, {"entity": "PatientHistory", "start_index": "910", "end_index": "920", "text": "depression", "attributes": {"CUIPhrase": "depression", "CUI": "C0011570", "Certainty": "5", "Negation": "Affirmed"}}]