[{"entity": "PatientHistory", "start_index": "460", "end_index": "468", "text": "seizures", "attributes": {"Certainty": "5", "Negation": "Affirmed", "CUIPhrase": "seizures", "CUI": "C0036572"}}, {"entity": "SeizureFrequency", "start_index": "365", "end_index": "373", "text": "seizures", "attributes": {"CUI": "C0036572", "TimePeriod": "Month", "NumberOfTimePeriods": "5", "NumberOfSeizures": "2", "CUIPhrase": "seizures"}}, {"entity": "Diagnosis", "start_index": "11", "end_index": "25", "text": "Focal-epilepsy", "attributes": {"DiagCategory": "Epilepsy", "Certainty": "5", "CUI": "C0014547", "CUIPhrase": "focal-epilepsy", "Negation": "Affirmed"}}, {"entity": "SeizureFrequency", "start_index": "322", "end_index": "330", "text": "seizures", "attributes": {"PointInTime": "DrugChange", "CUIPhrase": "seizures", "TimeSince_or_TimeOfEvent": "Since", "FrequencyChange": "Decreased", "CUI": "C0036572"}}, {"entity": "PatientHistory", "start_index": "322", "end_index": "330", "text": "seizures", "attributes": {"Certainty": "5", "CUIPhrase": "seizures", "Negation": "Affirmed", "CUI": "C0036572"}}, {"entity": "Diagnosis", "start_index": "31", "end_index": "74", "text": "secondary-generalised-tonic-clonic-seizures", "attributes": {"CUIPhrase": "secondary-generalised-tonic-clonic-seizures", "DiagCategory": "MultipleSeizures", "CUI": "C0877017", "Negation": "Affirmed", "Certainty": "5"}}, {"entity": "Diagnosis", "start_index": "682", "end_index": "692", "text": "eplilepsy-", "attributes": {"CUI": "C0014544", "CUIPhrase": "epilepsy", "DiagCategory": "Epilepsy", "Negation": "Affirmed", "Certainty": "5"}}, {"entity": "Prescription", "start_index": "151", "end_index": "160", "text": "Tegretaol", "attributes": {"DrugDose": "300", "CUIPhrase": "tegretol", "Frequency": "1", "DrugName": "Carbamazepine", "DoseUnit": "mg", "CUI": "C0700087"}}, {"entity": "Prescription", "start_index": "151", "end_index": "160", "text": "Tegretaol", "attributes": {"CUI": "C0700087", "DrugDose": "200", "Frequency": "1", "DrugName": "Carbamazepine", "CUIPhrase": "tegretol", "DoseUnit": "mg"}}, {"entity": "PatientHistory", "start_index": "365", "end_index": "373", "text": "seizures", "attributes": {"Certainty": "5", "Negation": "Affirmed", "CUIPhrase": "seizures", "CUI": "C0036572"}}, {"entity": "Prescription", "start_index": "77", "end_index": "121", "text": "Medicaiton:-Levetiracetam-1000mg-twice-a-day", "attributes": {"DrugName": "levetiracetam", "CUIPhrase": "levetiracetam", "Frequency": "2", "DrugDose": "1000", "CUI": "C0377265", "DoseUnit": "mg"}}]