[{"entity": "Diagnosis", "start_index": "57", "end_index": "71", "text": "Focal-epilepsy", "attributes": {"CUIPhrase": "focal-epilepsy", "Negation": "Affirmed", "DiagCategory": "Epilepsy", "Certainty": "5", "CUI": "C0014547"}}, {"entity": "EpilepsyCause", "start_index": "85", "end_index": "103", "text": "Tuberous-sclerosis", "attributes": {"Certainty": "5", "Negation": "Affirmed", "CUIPhrase": "Tuberous-sclerosis", "CUI": "C0041341"}}, {"entity": "PatientHistory", "start_index": "356", "end_index": "374", "text": "tuberous-sclerosis", "attributes": {"Certainty": "5", "Negation": "Affirmed", "CUIPhrase": "tuberous-sclerosis", "CUI": "C0041341"}}, {"entity": "PatientHistory", "start_index": "1453", "end_index": "1471", "text": "tuberous-sclerosis", "attributes": {"Certainty": "5", "Negation": "Affirmed", "CUIPhrase": "tuberous-sclerosis", "CUI": "C0041341"}}, {"entity": "PatientHistory", "start_index": "1454", "end_index": "1472", "text": "tuberous-sclerosis", "attributes": {"Negation": "Affirmed", "Certainty": "5", "CUI": "C0041341", "CUIPhrase": "Tuberous-sclerosis"}}, {"entity": "Investigations", "start_index": "494", "end_index": "502", "text": "MRI-scan", "attributes": {"CUI": "C1319851", "MRI_Performed": "Yes", "CUIPhrase": "mri-abnormal", "MRI_Results": "Abnormal"}}, {"entity": "PatientHistory", "start_index": "633", "end_index": "641", "text": "seizures", "attributes": {"CUIPhrase": "C0036572", "Certainty": "5", "CUI": "C0036572", "Negation": "Affirmed"}}, {"entity": "Prescription", "start_index": "143", "end_index": "167", "text": "Eslicarbazepine-800mg-od", "attributes": {"CUIPhrase": "eslicarbazepine", "DrugDose": "800", "DrugName": "eslicarbazepine", "CUI": "C2725260", "Frequency": "1", "DoseUnit": "mg"}}, {"entity": "WhenDiagnosed", "start_index": "385", "end_index": "392", "text": "epileps", "attributes": {"Age": "6", "CUI": "C0014544", "Certainty": "5", "AgeUnit": "Year", "Negation": "Affirmed", "CUIPhrase": "epilepsy"}}, {"entity": "Diagnosis", "start_index": "643", "end_index": "670", "text": "Focal-frontal-lobe-seizures", "attributes": {"CUIPhrase": "frontal-lobe-seizures", "DiagCategory": "MultipleSeizures", "Certainty": "5", "Negation": "Affirmed", "CUI": "C0085541"}}, {"entity": "Diagnosis", "start_index": "385", "end_index": "394", "text": "epilepsy-", "attributes": {"CUIPhrase": "epilepsy", "Negation": "Affirmed", "CUI": "C0014544", "DiagCategory": "Epilepsy", "Certainty": "5"}}, {"entity": "Diagnosis", "start_index": "643", "end_index": "648", "text": "Focal", "attributes": {"CUI": "C0751495", "DiagCategory": "MultipleSeizures", "Certainty": "5", "CUIPhrase": "focal-seizures", "Negation": "Affirmed"}}, {"entity": "Prescription", "start_index": "105", "end_index": "142", "text": "Medication:-Sodium-valproate-500mg-bd", "attributes": {"DrugName": "sodium-valproate", "CUIPhrase": "sodium-valproate", "CUI": "C0037567", "Frequency": "2", "DrugDose": "500", "DoseUnit": "mg"}}, {"entity": "Diagnosis", "start_index": "804", "end_index": "842", "text": "focal-to-bilateral-convulsive-seizures", "attributes": {"Certainty": "5", "CUIPhrase": "focal-to-bilateral-convulsive-seizures", "DiagCategory": "MultipleSeizures", "CUI": "C0877017", "Negation": "Affirmed"}}, {"entity": "Diagnosis", "start_index": "1425", "end_index": "1434", "text": "epilepsy-", "attributes": {"CUI": "C0014544", "Certainty": "5", "DiagCategory": "Epilepsy", "CUIPhrase": "epilepsy", "Negation": "Affirmed"}}, {"entity": "SeizureFrequency", "start_index": "643", "end_index": "669", "text": "Focal-frontal-lobe-seizure", "attributes": {"TimePeriod": "Month", "CUIPhrase": "frontal-lobe-seizure", "UpperNumberOfSeizures": "5", "NumberOfTimePeriods": "1", "LowerNumberOfSeizures": "4", "CUI": "C0085541"}}, {"entity": "SeizureFrequency", "start_index": "804", "end_index": "841", "text": "focal-to-bilateral-convulsive-seizure", "attributes": {"NumberOfSeizures": "0", "TimePeriod": "Year", "NumberOfTimePeriods": "2", "CUI": "C0877017", "CUIPhrase": "focal-to-bilateral-convulsive-seizure"}}, {"entity": "EpilepsyCause", "start_index": "1454", "end_index": "1472", "text": "tuberous-sclerosis", "attributes": {"Certainty": "5", "Negation": "Affirmed", "CUIPhrase": "Tuberous-sclerosis", "CUI": "C0041341"}}]