[{"entity": "SeizureFrequency", "start_index": "179", "end_index": "188", "text": "seizures-", "attributes": {"NumberOfSeizures": "0", "NumberOfTimePeriods": "3", "TimePeriod": "Week", "CUIPhrase": "seizures", "CUI": "C0036572"}}, {"entity": "Prescription", "start_index": "74", "end_index": "105", "text": "Medication:-Lamotrigine-50mg-bd", "attributes": {"DoseUnit": "mg", "DrugName": "lamotrigine", "DrugDose": "50", "Frequency": "2", "CUIPhrase": "lamotrigine", "CUI": "C0064636"}}, {"entity": "Diagnosis", "start_index": "51", "end_index": "73", "text": "Temporal-lobe-epilepsy", "attributes": {"Certainty": "5", "DiagCategory": "Epilepsy", "Negation": "Affirmed", "CUIPhrase": "temporal-lobe-epilepsy", "CUI": "C0014556"}}]