[{"entity": "Diagnosis", "start_index": "124", "end_index": "151", "text": "Juvenile-Myoclonic-Epilepsy", "attributes": {"CUIPhrase": "juvenile-myoclonic-epilepsy", "Negation": "Affirmed", "CUI": "C0270853", "Certainty": "5", "DiagCategory": "Epilepsy"}}, {"entity": "PatientHistory", "start_index": "466", "end_index": "472", "text": "jerks-", "attributes": {"Negation": "Affirmed", "CUI": "C0231530", "Certainty": "5", "CUIPhrase": "jerks"}}, {"entity": "Prescription", "start_index": "165", "end_index": "236", "text": "Lamotrigine-125mg-twice-daily-(please-increase-with-immediate-effect-in", "attributes": {"DrugName": "lamotrigine", "CUIPhrase": "lamotrigine", "CUI": "C0064636", "DrugDose": "125", "DoseUnit": "mg", "Frequency": "2"}}]