[{"entity": "PatientHistory", "start_index": "137", "end_index": "180", "text": "ischaemic-damage-left-inferior-frontal-lobe", "attributes": {"Certainty": "5", "Negation": "Affirmed", "CUIPhrase": "ischaemic-damage-left-inferior-frontal-lobe", "CUI": "C0007786"}}, {"entity": "Investigations", "start_index": "1319", "end_index": "1323", "text": "EEG-", "attributes": {"CUI": "C0151611", "EEG_Performed": "Yes", "EEG_Results": "Abnormal", "CUIPhrase": "eeg-abnormal"}}, {"entity": "WhenDiagnosed", "start_index": "1130", "end_index": "1137", "text": "epileps", "attributes": {"Certainty": "5", "CUIPhrase": "epilepsy", "YearDate": "2017", "CUI": "C0014544", "Negation": "Affirmed", "MonthDate": "5"}}, {"entity": "Diagnosis", "start_index": "89", "end_index": "126", "text": "Symptomatic-structural-focal-epilepsy", "attributes": {"DiagCategory": "Epilepsy", "CUI": "C0472349", "Certainty": "5", "Negation": "Affirmed", "CUIPhrase": "symptomatic-structural-focal-epilepsy"}}, {"entity": "PatientHistory", "start_index": "195", "end_index": "203", "text": "anxiety-", "attributes": {"Negation": "Affirmed", "Certainty": "5", "CUI": "C0003467", "CUIPhrase": "anxiety"}}, {"entity": "Diagnosis", "start_index": "780", "end_index": "818", "text": "focal-to-bilateral-convulsive-seizures", "attributes": {"Certainty": "4", "CUI": "C0877017", "Negation": "Affirmed", "CUIPhrase": "focal-to-bilateral-convulsive-seizures", "DiagCategory": "MultipleSeizures"}}, {"entity": "PatientHistory", "start_index": "352", "end_index": "360", "text": "seizure-", "attributes": {"Certainty": "5", "CUIPhrase": "seizure", "Negation": "Affirmed", "CUI": "C0036572"}}, {"entity": "PatientHistory", "start_index": "207", "end_index": "217", "text": "depression", "attributes": {"CUI": "C0011570", "CUIPhrase": "depression", "Certainty": "5", "Negation": "Affirmed"}}, {"entity": "PatientHistory", "start_index": "1444", "end_index": "1452", "text": "seizure-", "attributes": {"CUI": "C0036572", "Certainty": "5", "CUIPhrase": "seizure", "Negation": "Affirmed"}}, {"entity": "Diagnosis", "start_index": "1130", "end_index": "1139", "text": "epilepsy-", "attributes": {"Certainty": "5", "CUIPhrase": "epilepsy", "CUI": "C0014544", "DiagCategory": "Epilepsy", "Negation": "Affirmed"}}, {"entity": "Diagnosis", "start_index": "314", "end_index": "323", "text": "epilepsy-", "attributes": {"CUIPhrase": "epilepsy", "DiagCategory": "Epilepsy", "Negation": "Affirmed", "CUI": "C0014544", "Certainty": "5"}}, {"entity": "SeizureFrequency", "start_index": "1060", "end_index": "1096", "text": "focal-to-bilateral-convulsive-seizur", "attributes": {"YearDate": "2017", "NumberOfSeizures": "1", "TimeSince_or_TimeOfEvent": "During", "CUIPhrase": "focal-to-bilateral-convulsive-seizure", "MonthDate": "5", "CUI": "C0877017"}}, {"entity": "EpilepsyCause", "start_index": "1220", "end_index": "1236", "text": "ischaemic-damage", "attributes": {"Negation": "Affirmed", "Certainty": "4", "CUI": "C1456496", "CUIPhrase": "brain"}}, {"entity": "SeizureFrequency", "start_index": "352", "end_index": "358", "text": "seizur", "attributes": {"CUI": "C0036572", "CUIPhrase": "seizure", "TimeSince_or_TimeOfEvent": "During", "NumberOfSeizures": "1", "PointInTime": "Last_Month"}}, {"entity": "Prescription", "start_index": "1370", "end_index": "1421", "text": "He-is-currently-taking-lamotrigine-75mg-twice-a-day", "attributes": {"CUIPhrase": "lamotrigine", "DoseUnit": "mg", "CUI": "C0064636", "Frequency": "2", "DrugDose": "75", "DrugName": "lamotrigine"}}, {"entity": "Diagnosis", "start_index": "1060", "end_index": "1097", "text": "focal-to-bilateral-convulsive-seizure", "attributes": {"CUIPhrase": "focal-to-bilateral-convulsive-seizure", "Negation": "Affirmed", "Certainty": "5", "DiagCategory": "SingleSeizure", "CUI": "C0877017"}}, {"entity": "Investigations", "start_index": "1175", "end_index": "1179", "text": "MRI-", "attributes": {"CUIPhrase": "mri-abnormal", "CUI": "C1319851", "MRI_Performed": "Yes", "MRI_Results": "Abnormal"}}, {"entity": "PatientHistory", "start_index": "1220", "end_index": "1236", "text": "ischaemic-damage", "attributes": {"CUIPhrase": "brain-ischaemia", "Negation": "Affirmed", "Certainty": "5", "CUI": "C0007786"}}, {"entity": "SeizureFrequency", "start_index": "851", "end_index": "871", "text": "focal-motor-seizures", "attributes": {"NumberOfSeizures": "0", "NumberOfTimePeriods": "10", "TimePeriod": "Month", "CUIPhrase": "focal", "CUI": "C0016399"}}, {"entity": "Diagnosis", "start_index": "1306", "end_index": "1314", "text": "epilepsy", "attributes": {"CUIPhrase": "epilepsy", "DiagCategory": "Epilepsy", "Certainty": "5", "Negation": "Affirmed", "CUI": "C0014544"}}, {"entity": "Diagnosis", "start_index": "851", "end_index": "871", "text": "focal-motor-seizures", "attributes": {"Negation": "Affirmed", "DiagCategory": "MultipleSeizures", "CUIPhrase": "focal-motor-seizures", "Certainty": "5", "CUI": "C0016399"}}]