[{"entity": "PatientHistory", "start_index": "186", "end_index": "219", "text": "episodes-of-loss-of-consciousness", "attributes": {"CUI": "C0041657", "CUIPhrase": "episodes-of-loss-of-consciousness", "Negation": "Affirmed", "Certainty": "5"}}, {"entity": "PatientHistory", "start_index": "874", "end_index": "889", "text": "febrile-seizure", "attributes": {"Negation": "Affirmed", "CUI": "C0009952", "CUIPhrase": "febrile-seizure", "Certainty": "5", "Age": "2", "AgeUnit": "Year"}}, {"entity": "PatientHistory", "start_index": "1205", "end_index": "1236", "text": "transient-loss-of-consciousness", "attributes": {"CUI": "C4087400", "Negation": "Affirmed", "Certainty": "4", "CUIPhrase": "Transient"}}, {"entity": "PatientHistory", "start_index": "965", "end_index": "976", "text": "depression-", "attributes": {"Certainty": "5", "CUI": "C0011570", "Negation": "Affirmed", "CUIPhrase": "depression"}}, {"entity": "Diagnosis", "start_index": "1241", "end_index": "1259", "text": "epileptic-seizures", "attributes": {"CUI": "C4317109", "Certainty": "4", "DiagCategory": "MultipleSeizures", "Negation": "Affirmed", "CUIPhrase": "epileptic-seizures"}}, {"entity": "PatientHistory", "start_index": "786", "end_index": "796", "text": "depression", "attributes": {"Negation": "Affirmed", "CUIPhrase": "depression", "CUI": "C0011570", "Certainty": "5"}}, {"entity": "PatientHistory", "start_index": "641", "end_index": "652", "text": "depression-", "attributes": {"CUI": "C0011570", "CUIPhrase": "depression", "Certainty": "5", "Negation": "Affirmed"}}, {"entity": "Diagnosis", "start_index": "85", "end_index": "93", "text": "epilepsy", "attributes": {"CUIPhrase": "epilepsy", "CUI": "C0014544", "DiagCategory": "Epilepsy", "Negation": "Affirmed", "Certainty": "5"}}, {"entity": "Diagnosis", "start_index": "1302", "end_index": "1310", "text": "epilepsy", "attributes": {"CUIPhrase": "epilepsy", "Certainty": "4", "Negation": "Affirmed", "DiagCategory": "Epilepsy", "CUI": "C0014544"}}, {"entity": "PatientHistory", "start_index": "42", "end_index": "73", "text": "transient-loss-of-consciousness", "attributes": {"CUI": "C4087400", "Negation": "Affirmed", "Certainty": "5", "CUIPhrase": "Transient"}}, {"entity": "Investigations", "start_index": "1132", "end_index": "1141", "text": "MRI-brain", "attributes": {"CUIPhrase": "mri-normal", "MRI_Results": "Normal", "CUI": "C0436481", "MRI_Performed": "Yes"}}, {"entity": "Investigations", "start_index": "1120", "end_index": "1127", "text": "CT-head", "attributes": {"CUIPhrase": "ct-normal", "CUI": "C0744602", "CT_Results": "Normal", "CT_Performed": "Yes"}}, {"entity": "BirthHistory", "start_index": "805", "end_index": "828", "text": "born-slightly-premature", "attributes": {"Certainty": "5", "Negation": "Affirmed", "PrematureBirth": "34to<37_LatePretermBirth", "CUIPhrase": "late-preterm-birth", "CUI": "C3829315"}}]