[{"entity": "Diagnosis", "start_index": "130", "end_index": "139", "text": "epilepsy-", "attributes": {"DiagCategory": "Epilepsy", "Certainty": "5", "Negation": "Affirmed", "CUIPhrase": "epilepsy", "CUI": "C0014544"}}, {"entity": "PatientHistory", "start_index": "159", "end_index": "169", "text": "cavernoma-", "attributes": {"Certainty": "5", "Negation": "Affirmed", "CUIPhrase": "cavernoma", "CUI": "C0018920"}}, {"entity": "EpilepsyCause", "start_index": "159", "end_index": "194", "text": "cavernoma-in-the-right-temporal-lob", "attributes": {"Certainty": "5", "Negation": "Affirmed", "CUIPhrase": "cavernoma", "CUI": "C0018920"}}, {"entity": "Diagnosis", "start_index": "235", "end_index": "252", "text": "-partial-seizures", "attributes": {"DiagCategory": "MultipleSeizures", "Certainty": "5", "Negation": "Affirmed", "CUIPhrase": "partial-seizures", "CUI": "C0751495"}}, {"entity": "Prescription", "start_index": "327", "end_index": "335", "text": "Lamictal", "attributes": {"DrugName": "Lamotrigine", "DrugDose": "150", "DoseUnit": "mg", "Frequency": "2", "CUIPhrase": "lamictal", "CUI": "C0678180"}}, {"entity": "Prescription", "start_index": "349", "end_index": "362", "text": "levitiracetam", "attributes": {"DrugName": "Levetiracetam", "DrugDose": "1250", "DoseUnit": "mg", "Frequency": "2", "CUIPhrase": "levetiracetam", "CUI": "C0377265"}}, {"entity": "SeizureFrequency", "start_index": "426", "end_index": "445", "text": "helped-her-seizures", "attributes": {"FrequencyChange": "Same", "PointInTime": "DrugChange", "TimeSince_or_TimeOfEvent": "Since", "CUIPhrase": "seizures", "CUI": "C0036572"}}, {"entity": "PatientHistory", "start_index": "437", "end_index": "446", "text": "seizures-", "attributes": {"Certainty": "5", "Negation": "Affirmed", "CUIPhrase": "seizures", "CUI": "C0036572"}}, {"entity": "PatientHistory", "start_index": "533", "end_index": "543", "text": "depression", "attributes": {"Certainty": "5", "Negation": "Affirmed", "CUIPhrase": "depression", "CUI": "C0011570"}}]