[{"entity": "PatientHistory", "start_index": "115", "end_index": "124", "text": "absences-", "attributes": {"Certainty": "5", "Negation": "Affirmed", "CUI": "C0563606", "CUIPhrase": "absences"}}, {"entity": "PatientHistory", "start_index": "128", "end_index": "143", "text": "myoclonic-jerks", "attributes": {"Negation": "Affirmed", "CUIPhrase": "myoclonic-jerks", "CUI": "C0027066", "Certainty": "5"}}, {"entity": "Diagnosis", "start_index": "87", "end_index": "113", "text": "generalised-tonic-seizures", "attributes": {"Certainty": "5", "CUI": "C0270844", "DiagCategory": "MultipleSeizures", "Negation": "Affirmed", "CUIPhrase": "generalised-tonic-seizures"}}, {"entity": "Prescription", "start_index": "194", "end_index": "241", "text": "Medication:-epilim-400-milligrammes-twice-a-day", "attributes": {"CUIPhrase": "epilim", "DoseUnit": "mg", "DrugDose": "400", "CUI": "C0591451", "Frequency": "2", "DrugName": "epilim"}}, {"entity": "Diagnosis", "start_index": "391", "end_index": "400", "text": "epilepsy-", "attributes": {"CUI": "C0014544", "DiagCategory": "Epilepsy", "Certainty": "5", "CUIPhrase": "epilepsy", "Negation": "Affirmed"}}, {"entity": "PatientHistory", "start_index": "334", "end_index": "342", "text": "seizures", "attributes": {"Age": "16", "CUIPhrase": "seizures", "Negation": "Affirmed", "Certainty": "5", "AgeUnit": "Year", "CUI": "C0036572"}}, {"entity": "PatientHistory", "start_index": "682", "end_index": "697", "text": "febrile-seizure", "attributes": {"CUI": "C0009952", "Negation": "Affirmed", "AgeUnit": "Year", "CUIPhrase": "febrile-seizure", "Age": "4", "Certainty": "5"}}, {"entity": "Diagnosis", "start_index": "67", "end_index": "71", "text": "JME-", "attributes": {"Certainty": "4", "DiagCategory": "Epilepsy", "CUI": "C0270853", "Negation": "Affirmed", "CUIPhrase": "jme"}}, {"entity": "Diagnosis", "start_index": "864", "end_index": "891", "text": "juvenile-myoclonic-epilepsy", "attributes": {"CUI": "C0270853", "CUIPhrase": "juvenile-myoclonic-epilepsy", "Negation": "Affirmed", "Certainty": "5", "DiagCategory": "Epilepsy"}}, {"entity": "PatientHistory", "start_index": "308", "end_index": "316", "text": "seizures", "attributes": {"Negation": "Affirmed", "CUI": "C0036572", "Certainty": "5", "CUIPhrase": "seizures"}}, {"entity": "SeizureFrequency", "start_index": "296", "end_index": "316", "text": "iincreasing-seizures", "attributes": {"CUIPhrase": "seizure", "CUI": "C0036572", "FrequencyChange": "Increased"}}]