[{"entity": "PatientHistory", "start_index": "823", "end_index": "836", "text": "hypoglycaemia", "attributes": {"Certainty": "5", "Negation": "Affirmed", "CUIPhrase": "hypoglycaemia", "CUI": "C0020615"}}, {"entity": "Prescription", "start_index": "1127", "end_index": "1138", "text": "lamotrigine", "attributes": {"CUI": "C0064636", "Frequency": "2", "DoseUnit": "mg", "DrugName": "Lamotrigine", "DrugDose": "75", "CUIPhrase": "lamotrigine"}}, {"entity": "PatientHistory", "start_index": "474", "end_index": "482", "text": "seizures", "attributes": {"CUIPhrase": "seizures", "Negation": "Affirmed", "Certainty": "5", "CUI": "C0036572"}}, {"entity": "Investigations", "start_index": "346", "end_index": "350", "text": "MRI-", "attributes": {"CUIPhrase": "MRI", "MRI_Performed": "Yes", "CUI": "C0436481", "MRI_Results": "Normal"}}, {"entity": "WhenDiagnosed", "start_index": "231", "end_index": "239", "text": "epilepsy", "attributes": {"CUI": "C0014544", "TimePeriod": "Year", "Negation": "Affirmed", "CUIPhrase": "epilepsy", "Certainty": "5", "NumberOfTimePeriods": "10"}}, {"entity": "PatientHistory", "start_index": "135", "end_index": "147", "text": "hypertension", "attributes": {"Negation": "Affirmed", "CUIPhrase": "hypertension", "Certainty": "5", "CUI": "C0020538"}}, {"entity": "Diagnosis", "start_index": "231", "end_index": "239", "text": "epilepsy", "attributes": {"CUIPhrase": "epilepsy", "Certainty": "5", "DiagCategory": "Epilepsy", "Negation": "Affirmed", "CUI": "C0014544"}}, {"entity": "Investigations", "start_index": "354", "end_index": "358", "text": "EEG-", "attributes": {"EEG_Results": "Normal", "CUI": "C0560017", "EEG_Performed": "Yes", "CUIPhrase": "EEG"}}, {"entity": "PatientHistory", "start_index": "262", "end_index": "271", "text": "seizures-", "attributes": {"CUI": "C0036572", "Certainty": "5", "Negation": "Affirmed", "CUIPhrase": "seizures"}}, {"entity": "PatientHistory", "start_index": "152", "end_index": "160", "text": "diabetes", "attributes": {"CUI": "C0011847", "CUIPhrase": "diabetes", "Certainty": "5", "Negation": "Affirmed"}}, {"entity": "PatientHistory", "start_index": "589", "end_index": "597", "text": "seizures", "attributes": {"CUIPhrase": "seizures", "CUI": "C0036572", "Certainty": "5", "Negation": "Affirmed"}}]