[{"entity": "Diagnosis", "start_index": "121", "end_index": "148", "text": "Juvenile-myoclonic-epilepsy", "attributes": {"DiagCategory": "Epilepsy", "Certainty": "5", "Negation": "Affirmed", "CUIPhrase": "juvenile-myoclonic-epilepsy", "CUI": "C0270853"}}, {"entity": "PatientHistory", "start_index": "477", "end_index": "485", "text": "seizure-", "attributes": {"AgeUnit": "Year", "Age": "11", "Certainty": "5", "Negation": "Affirmed", "CUIPhrase": "seizure", "CUI": "C0036572"}}, {"entity": "SeizureFrequency", "start_index": "566", "end_index": "573", "text": "seizure", "attributes": {"NumberOfSeizures": "1", "TimePeriod": "Year", "NumberOfTimePeriods": "1", "CUIPhrase": "seizure", "CUI": "C0036572"}}, {"entity": "SeizureFrequency", "start_index": "566", "end_index": "573", "text": "seizure", "attributes": {"NumberOfSeizures": "3", "YearDate": "2018", "TimeSince_or_TimeOfEvent": "During", "CUIPhrase": "seizures", "CUI": "C0036572"}}, {"entity": "PatientHistory", "start_index": "566", "end_index": "574", "text": "seizure-", "attributes": {"Certainty": "5", "Negation": "Affirmed", "CUIPhrase": "seizure", "CUI": "C0036572"}}, {"entity": "PatientHistory", "start_index": "922", "end_index": "937", "text": "myoclonic-jerks", "attributes": {"Certainty": "4", "Negation": "Affirmed", "CUIPhrase": "myoclonic-jerks", "CUI": "C0027066"}}, {"entity": "PatientHistory", "start_index": "1144", "end_index": "1163", "text": "febrile-convulsions", "attributes": {"Certainty": "1", "Negation": "Negated", "CUIPhrase": "febrile-convulsions", "CUI": "C0009952"}}, {"entity": "Diagnosis", "start_index": "1330", "end_index": "1357", "text": "Juvenile-Myoclonic-Epilepsy", "attributes": {"DiagCategory": "Epilepsy", "Certainty": "4", "Negation": "Affirmed", "CUIPhrase": "juvenile-myoclonic-epilepsy", "CUI": "C0270853"}}]