[{"entity": "Prescription", "start_index": "35", "end_index": "79", "text": "Medication:-carbamazepine-400mgs-twice-a-day", "attributes": {"Frequency": "2", "CUIPhrase": "carbamazepine", "DrugDose": "400", "CUI": "C0006949", "DoseUnit": "mg", "DrugName": "carbamazepine"}}, {"entity": "SeizureFrequency", "start_index": "181", "end_index": "193", "text": "seizure-free", "attributes": {"NumberOfSeizures": "0", "PointInTime": "LastClinic", "TimeSince_or_TimeOfEvent": "Since", "CUIPhrase": "seizure-free", "CUI": "C1299590"}}, {"entity": "PatientHistory", "start_index": "261", "end_index": "269", "text": "seizurs-", "attributes": {"CUI": "C0036572", "Negation": "Affirmed", "CUIPhrase": "seizures", "Certainty": "5"}}, {"entity": "Diagnosis", "start_index": "11", "end_index": "19", "text": "epilepsy", "attributes": {"Negation": "Affirmed", "CUIPhrase": "epilepsy", "Certainty": "5", "DiagCategory": "Epilepsy", "CUI": "C0014544"}}]