[{"entity": "Diagnosis", "start_index": "1103", "end_index": "1121", "text": "epileptic-seizures", "attributes": {"Negation": "Affirmed", "Certainty": "4", "DiagCategory": "SingleSeizure", "CUI": "C4317109", "CUIPhrase": "epileptic"}}, {"entity": "PatientHistory", "start_index": "20", "end_index": "51", "text": "transient-loss-of-consciousness", "attributes": {"CUIPhrase": "Transient", "Negation": "Affirmed", "CUI": "C4087400", "Certainty": "5"}}, {"entity": "BirthHistory", "start_index": "752", "end_index": "765", "text": "born-normally", "attributes": {"CUI": "C3665337", "PrematureBirth": "37+_TermBirth", "Negation": "Affirmed", "CUIPhrase": "born-normally", "Certainty": "5"}}, {"entity": "Investigations", "start_index": "980", "end_index": "982", "text": "CT", "attributes": {"CUI": "C0744602", "CT_Results": "Normal", "CT_Performed": "Yes", "CUIPhrase": "ct-normal"}}, {"entity": "PatientHistory", "start_index": "72", "end_index": "79", "text": "seizure", "attributes": {"Negation": "Affirmed", "CUI": "C0036572", "CUIPhrase": "seizure", "Certainty": "5"}}, {"entity": "PatientHistory", "start_index": "97", "end_index": "102", "text": "jerks", "attributes": {"Negation": "Affirmed", "CUIPhrase": "jerks", "CUI": "C0231530", "Certainty": "5"}}, {"entity": "PatientHistory", "start_index": "778", "end_index": "793", "text": "febrile-seizure", "attributes": {"Certainty": "5", "CUI": "C0009952", "Negation": "Affirmed", "CUIPhrase": "febrile-seizure"}}, {"entity": "PatientHistory", "start_index": "1592", "end_index": "1599", "text": "seizure", "attributes": {"Certainty": "5", "Negation": "Affirmed", "CUIPhrase": "seizure", "CUI": "C0036572"}}]