[{"entity": "Prescription", "start_index": "857", "end_index": "871", "text": "levetiracetam-", "attributes": {"CUI": "C0377265", "DrugDose": "1500", "CUIPhrase": "levetiracetam", "Frequency": "2", "DrugName": "Levetiracetam", "DoseUnit": "mg"}}, {"entity": "Investigations", "start_index": "1367", "end_index": "1371", "text": "MRI-", "attributes": {"CUI": "C1319851", "MRI_Performed": "Yes", "CUIPhrase": "mri-abnormal", "MRI_Results": "Abnormal"}}, {"entity": "PatientHistory", "start_index": "438", "end_index": "452", "text": "skull-fracture", "attributes": {"Negation": "Affirmed", "Certainty": "5", "CUI": "C0037304", "CUIPhrase": "skull-fracture"}}, {"entity": "WhenDiagnosed", "start_index": "589", "end_index": "596", "text": "epileps", "attributes": {"CUI": "C0014544", "Certainty": "5", "Negation": "Affirmed", "CUIPhrase": "epilepsy", "YearDate": "2009"}}, {"entity": "Diagnosis", "start_index": "122", "end_index": "153", "text": "symptomatic-structural-epilepsy", "attributes": {"Negation": "Affirmed", "DiagCategory": "Epilepsy", "CUIPhrase": "symptomatic-structural-focal-epilepsy", "Certainty": "5", "CUI": "C0472349"}}, {"entity": "Diagnosis", "start_index": "615", "end_index": "639", "text": "complex-partial-seizures", "attributes": {"CUIPhrase": "complex-partial-seizures", "DiagCategory": "MultipleSeizures", "Certainty": "5", "CUI": "C0149958", "Negation": "Affirmed"}}, {"entity": "PatientHistory", "start_index": "930", "end_index": "946", "text": "seizure-clusters", "attributes": {"Negation": "Affirmed", "CUI": "C3203523", "CUIPhrase": "seizure-cluster", "Certainty": "5"}}, {"entity": "Diagnosis", "start_index": "589", "end_index": "598", "text": "epilepsy-", "attributes": {"Negation": "Affirmed", "CUIPhrase": "epilepsy", "CUI": "C0014544", "DiagCategory": "Epilepsy", "Certainty": "5"}}, {"entity": "Investigations", "start_index": "1556", "end_index": "1560", "text": "EEG-", "attributes": {"CUIPhrase": "eeg-abnormal", "CUI": "C0151611", "EEG_Performed": "Yes", "EEG_Results": "Abnormal"}}, {"entity": "PatientHistory", "start_index": "549", "end_index": "558", "text": "seizures-", "attributes": {"Certainty": "5", "CUI": "C0036572", "CUIPhrase": "seizures", "YearDate": "2008", "Negation": "Affirmed"}}, {"entity": "Diagnosis", "start_index": "188", "end_index": "197", "text": "epilepsy-", "attributes": {"CUIPhrase": "epilepsy", "Certainty": "5", "CUI": "C0014544", "Negation": "Affirmed", "DiagCategory": "Epilepsy"}}, {"entity": "Diagnosis", "start_index": "688", "end_index": "718", "text": "secondary-generalised-seizures", "attributes": {"CUI": "C0270838", "DiagCategory": "MultipleSeizures", "Negation": "Affirmed", "Certainty": "5", "CUIPhrase": "secondary-generalised-seizures"}}, {"entity": "Prescription", "start_index": "917", "end_index": "925", "text": "clobazam", "attributes": {"CUI": "C0055891", "Frequency": "As_Required", "CUIPhrase": "clobazam", "DrugName": "Clobazam"}}, {"entity": "PatientHistory", "start_index": "215", "end_index": "237", "text": "traumatic-brain-injury", "attributes": {"CUIPhrase": "traumatic", "YearDate": "2006", "CUI": "C0876926", "Certainty": "5", "Negation": "Affirmed"}}, {"entity": "SeizureFrequency", "start_index": "803", "end_index": "833", "text": "secondary-generalised-seizures", "attributes": {"UpperNumberOfSeizures": "2", "CUI": "C0270838", "CUIPhrase": "secondary-generalised-seizures", "NumberOfTimePeriods": "1", "LowerNumberOfSeizures": "1", "TimePeriod": "Year"}}, {"entity": "PatientHistory", "start_index": "1493", "end_index": "1505", "text": "brain-injury", "attributes": {"CUIPhrase": "brain-injury", "Certainty": "5", "Negation": "Affirmed", "CUI": "C0270611"}}, {"entity": "EpilepsyCause", "start_index": "215", "end_index": "237", "text": "traumatic-brain-injury", "attributes": {"Certainty": "5", "CUI": "C0876926", "Negation": "Affirmed", "CUIPhrase": "traumatic"}}, {"entity": "Prescription", "start_index": "892", "end_index": "904", "text": "lamotrigine-", "attributes": {"CUIPhrase": "lamotrigine", "CUI": "C0064636", "DrugName": "Lamotrigine", "DoseUnit": "mg", "Frequency": "2", "DrugDose": "200"}}, {"entity": "PatientHistory", "start_index": "459", "end_index": "494", "text": "traumatic-sub-arachnoid-heamorrahge", "attributes": {"Negation": "Affirmed", "CUIPhrase": "subarachnoid-hemorrhage", "Certainty": "5", "CUI": "C0038525"}}, {"entity": "Diagnosis", "start_index": "803", "end_index": "833", "text": "secondary-generalised-seizures", "attributes": {"CUI": "C0270838", "Negation": "Affirmed", "DiagCategory": "MultipleSeizures", "Certainty": "5", "CUIPhrase": "secondary"}}, {"entity": "SeizureFrequency", "start_index": "724", "end_index": "748", "text": "complex-partial-seizures", "attributes": {"CUIPhrase": "complex-partial-seizures", "CUI": "C0149958", "NumberOfTimePeriods": "1", "NumberOfSeizures": "1", "TimePeriod": "Month"}}]