[{"entity": "SeizureFrequency", "start_index": "632", "end_index": "653", "text": "tonic-clonic-seizures", "attributes": {"NumberOfTimePeriods": "2", "CUIPhrase": "tonic-clonic-seizures", "CUI": "C0494475", "FrequencyChange": "Frequent", "TimePeriod": "Year"}}, {"entity": "Diagnosis", "start_index": "64", "end_index": "84", "text": "Generalised-epilepsy", "attributes": {"CUI": "C0014548", "Negation": "Affirmed", "CUIPhrase": "generalised-epilepsy", "DiagCategory": "Epilepsy", "Certainty": "5"}}, {"entity": "Onset", "start_index": "375", "end_index": "390", "text": "absence-seizure", "attributes": {"AgeUnit": "Year", "CUI": "C4316903", "CUIPhrase": "absence-seizures", "Negation": "Affirmed", "Age": "8", "Certainty": "5"}}, {"entity": "Diagnosis", "start_index": "375", "end_index": "391", "text": "absence-seizures", "attributes": {"Negation": "Affirmed", "Certainty": "5", "CUIPhrase": "absence-seizures", "DiagCategory": "MultipleSeizures", "CUI": "C4316903"}}, {"entity": "Diagnosis", "start_index": "103", "end_index": "107", "text": "GTCS", "attributes": {"Negation": "Affirmed", "CUIPhrase": "generalised-tonic-clonic-seizures", "DiagCategory": "MultipleSeizures", "Certainty": "5", "CUI": "C0494475"}}, {"entity": "PatientHistory", "start_index": "90", "end_index": "99", "text": "absences-", "attributes": {"CUI": "C0563606", "CUIPhrase": "absences", "Negation": "Affirmed", "Certainty": "5"}}, {"entity": "SeizureFrequency", "start_index": "833", "end_index": "842", "text": "absences-", "attributes": {"CUI": "C0563606", "NumberOfSeizures": "1", "NumberOfTimePeriods": "1", "TimePeriod": "Week", "CUIPhrase": "absences"}}, {"entity": "PatientHistory", "start_index": "833", "end_index": "841", "text": "absences", "attributes": {"Certainty": "5", "Negation": "Affirmed", "CUIPhrase": "absences", "CUI": "C0563606"}}, {"entity": "Investigations", "start_index": "935", "end_index": "939", "text": "EEG-", "attributes": {"CUIPhrase": "eeg-abnormal", "CUI": "C0151611", "EEG_Performed": "Yes", "EEG_Results": "Abnormal"}}, {"entity": "Investigations", "start_index": "1053", "end_index": "1063", "text": "normal-MRI", "attributes": {"CUIPhrase": "normal-mri", "MRI_Results": "Normal", "MRI_Performed": "Yes", "CUI": "C0436481"}}, {"entity": "Onset", "start_index": "502", "end_index": "533", "text": "generalised-tonic-clonic-seizur", "attributes": {"CUI": "C0494475", "Age": "12", "Certainty": "5", "CUIPhrase": "generalised-tonic-clonic-seizure", "Negation": "Affirmed", "AgeUnit": "Year"}}, {"entity": "Prescription", "start_index": "158", "end_index": "172", "text": "Levetiracetam-", "attributes": {"DrugDose": "250", "CUIPhrase": "levetiracetam", "Frequency": "2", "DrugName": "Levetiracetam", "DoseUnit": "mg", "CUI": "C0377265"}}, {"entity": "SeizureFrequency", "start_index": "764", "end_index": "772", "text": "seizure-", "attributes": {"TimeSince_or_TimeOfEvent": "Since", "PointInTime": "DrugChange", "FrequencyChange": "Decreased", "CUIPhrase": "seizure", "CUI": "C0036572"}}, {"entity": "Diagnosis", "start_index": "632", "end_index": "652", "text": "tonic-clonic-seizure", "attributes": {"DiagCategory": "MultipleSeizures", "Certainty": "5", "CUIPhrase": "tonic-clonic-seizures", "Negation": "Affirmed", "CUI": "C0494475"}}, {"entity": "Diagnosis", "start_index": "502", "end_index": "534", "text": "generalised-tonic-clonic-seizure", "attributes": {"Certainty": "5", "CUI": "C0494475", "Negation": "Affirmed", "CUIPhrase": "generalised-tonic-clonic-seizure", "DiagCategory": "SingleSeizure"}}, {"entity": "Prescription", "start_index": "120", "end_index": "131", "text": "Lamotrigine", "attributes": {"CUI": "C0064636", "DrugName": "Lamotrigine", "CUIPhrase": "lamotrigine", "DoseUnit": "mg", "Frequency": "1", "DrugDose": "100"}}, {"entity": "SeizureFrequency", "start_index": "633", "end_index": "651", "text": "onic-clonic-seizur", "attributes": {"NumberOfSeizures": "1", "TimePeriod": "Month", "NumberOfTimePeriods": "2", "CUIPhrase": "tonic-clonic-seizure", "CUI": "C0494475"}}]