[{"entity": "Prescription", "start_index": "284", "end_index": "330", "text": "At-present-he-is-taking-Carbamazepine-400mg-bd", "attributes": {"Frequency": "2", "DoseUnit": "mg", "DrugName": "carbamazepine", "CUIPhrase": "carbamazepine", "CUI": "C0006949", "DrugDose": "400"}}, {"entity": "PatientHistory", "start_index": "270", "end_index": "281", "text": "head-injury", "attributes": {"Negation": "Affirmed", "CUI": "C0497301", "CUIPhrase": "head", "Certainty": "5", "MonthDate": "9"}}, {"entity": "Diagnosis", "start_index": "153", "end_index": "186", "text": "generalised-tonic-clonic-seizures", "attributes": {"Certainty": "5", "CUI": "C0494475", "Negation": "Affirmed", "DiagCategory": "MultipleSeizures", "CUIPhrase": "generalised-tonic-clonic-seizures"}}, {"entity": "SeizureFrequency", "start_index": "153", "end_index": "185", "text": "generalised-tonic-clonic-seizure", "attributes": {"NumberOfSeizures": "2", "CUI": "C0494475", "TimeSince_or_TimeOfEvent": "Since", "CUIPhrase": "generalised", "PointInTime": "LastClinic"}}]