[{"entity": "Diagnosis", "start_index": "95", "end_index": "104", "text": "epilepsy-", "attributes": {"Certainty": "5", "Negation": "Affirmed", "CUI": "C0014544", "CUIPhrase": "epilepsy", "DiagCategory": "Epilepsy"}}, {"entity": "PatientHistory", "start_index": "433", "end_index": "441", "text": "seizures", "attributes": {"CUI": "C0036572", "Certainty": "5", "CUIPhrase": "seizures", "Negation": "Affirmed"}}, {"entity": "Diagnosis", "start_index": "1427", "end_index": "1435", "text": "epilepsy", "attributes": {"Negation": "Affirmed", "CUI": "C0014544", "Certainty": "5", "CUIPhrase": "epilepsy", "DiagCategory": "Epilepsy"}}, {"entity": "PatientHistory", "start_index": "993", "end_index": "1006", "text": "head-injuries", "attributes": {"Certainty": "5", "CUIPhrase": "head-injuries", "CUI": "C0497301", "Negation": "Affirmed"}}, {"entity": "PatientHistory", "start_index": "1050", "end_index": "1065", "text": "febrile-seizure", "attributes": {"Age": "6", "Certainty": "3", "CUI": "C0009952", "Negation": "Affirmed", "AgeUnit": "Month", "CUIPhrase": "febrile-seizure"}}]