[{"entity": "PatientHistory", "start_index": "387", "end_index": "396", "text": "seizures.", "attributes": {"Certainty": "5", "Negation": "Affirmed", "CUIPhrase": "seizures", "CUI": "C0036572"}}, {"entity": "Investigations", "start_index": "487", "end_index": "491", "text": "MRI-", "attributes": {"CUI": "C1319851", "CUIPhrase": "mri-abnormal", "MRI_Results": "Abnormal", "MRI_Performed": "Yes"}}, {"entity": "SeizureFrequency", "start_index": "387", "end_index": "395", "text": "seizures", "attributes": {"MonthDate": "2", "CUIPhrase": "seizures", "NumberOfSeizures": "0", "TimeSince_or_TimeOfEvent": "Since", "CUI": "C0036572", "DayDate": "6"}}, {"entity": "Investigations", "start_index": "611", "end_index": "615", "text": "EEG-", "attributes": {"EEG_Results": "Abnormal", "CUI": "C0151611", "EEG_Performed": "Yes", "CUIPhrase": "eeg-abnormal"}}, {"entity": "Diagnosis", "start_index": "126", "end_index": "140", "text": "Focal-epilepsy", "attributes": {"Certainty": "5", "DiagCategory": "Epilepsy", "CUIPhrase": "focal-epilepsy", "CUI": "C0014547", "Negation": "Affirmed"}}, {"entity": "Prescription", "start_index": "141", "end_index": "184", "text": "Current-medication:-------Lamictal-100mg-BD", "attributes": {"DrugDose": "100", "CUIPhrase": "lamictal", "CUI": "C0678180", "DrugName": "lamictal", "Frequency": "2", "DoseUnit": "mg"}}]