[{"entity": "Investigations", "start_index": "282", "end_index": "292", "text": "EEG-normal", "attributes": {"CUI": "C0560017", "EEG_Performed": "Yes", "EEG_Results": "Normal", "CUIPhrase": "EEG"}}, {"entity": "Diagnosis", "start_index": "926", "end_index": "950", "text": "focal-epileptic-seizures", "attributes": {"Negation": "Affirmed", "Certainty": "4", "DiagCategory": "MultipleSeizures", "CUIPhrase": "focal-seizures", "CUI": "C0751495"}}, {"entity": "Diagnosis", "start_index": "157", "end_index": "187", "text": "Epilepsy,-probable-focal-onset", "attributes": {"CUIPhrase": "focal-onset-epilepsy", "Certainty": "4", "CUI": "C0014547", "DiagCategory": "Epilepsy"}}, {"entity": "Prescription", "start_index": "190", "end_index": "255", "text": "Current-anti-seizure-medication:--------------Lamotrigine-50mg-bd", "attributes": {"DoseUnit": "mg", "CUI": "C0064636", "CUIPhrase": "lamotrigine", "Frequency": "2", "DrugDose": "50", "DrugName": "lamotrigine"}}, {"entity": "PatientHistory", "start_index": "102", "end_index": "133", "text": "transient-loss-of-consciousness", "attributes": {"Certainty": "5", "CUI": "C4087400", "Negation": "Affirmed", "CUIPhrase": "Transient"}}, {"entity": "PatientHistory", "start_index": "502", "end_index": "533", "text": "transient-loss-of-consciousness", "attributes": {"CUIPhrase": "Transient", "CUI": "C4087400", "AgeUnit": "Year", "Certainty": "5", "Age": "17", "Negation": "Affirmed"}}, {"entity": "Investigations", "start_index": "274", "end_index": "277", "text": "MRI", "attributes": {"MRI_Performed": "Yes", "CUI": "C0436481", "CUIPhrase": "mri-normal", "MRI_Results": "Normal"}}, {"entity": "Diagnosis", "start_index": "157", "end_index": "165", "text": "Epilepsy", "attributes": {"Negation": "Affirmed", "CUI": "null", "DiagCategory": "Epilepsy", "Certainty": "5", "CUIPhrase": "epilepsy"}}, {"entity": "Diagnosis", "start_index": "1478", "end_index": "1486", "text": "epilepsy", "attributes": {"DiagCategory": "Epilepsy", "Certainty": "5", "Negation": "Affirmed", "CUIPhrase": "epilepsy", "CUI": "C0014544"}}]