[{"entity": "Diagnosis", "start_index": "106", "end_index": "124", "text": "status-epilepticus", "attributes": {"DiagCategory": "Epilepsy", "Certainty": "5", "Negation": "Affirmed", "CUIPhrase": "status-epilepticus", "CUI": "C0038220"}}, {"entity": "SeizureFrequency", "start_index": "220", "end_index": "229", "text": "seizures-", "attributes": {"CUI": "C0036572", "NumberOfSeizures": "0", "CUIPhrase": "seizures", "PointInTime": "LastClinic", "TimeSince_or_TimeOfEvent": "Since"}}, {"entity": "PatientHistory", "start_index": "247", "end_index": "272", "text": "cluster-of-three-seizures", "attributes": {"Negation": "Affirmed", "Certainty": "5", "CUIPhrase": "cluster-of-seizures", "CUI": "C3203523"}}, {"entity": "PatientHistory", "start_index": "80", "end_index": "83", "text": "ASD", "attributes": {"Negation": "Affirmed", "Certainty": "5", "CUIPhrase": "asd", "CUI": "C1510586"}}, {"entity": "Prescription", "start_index": "470", "end_index": "484", "text": "carbamazepine-", "attributes": {"CUIPhrase": "Carbamazepine", "DrugName": "Carbamazepine", "Frequency": "2", "DoseUnit": "mg", "DrugDose": "400", "CUI": "C0006949"}}, {"entity": "Diagnosis", "start_index": "69", "end_index": "77", "text": "Epilepsy", "attributes": {"Certainty": "5", "CUI": "C0014544", "CUIPhrase": "epilepsy", "Negation": "Affirmed", "DiagCategory": "Epilepsy"}}]