[{"entity": "Diagnosis", "start_index": "11", "end_index": "25", "text": "focal-epilepsy", "attributes": {"CUIPhrase": "focal-epilepsy", "CUI": "C0014547", "Negation": "Affirmed", "Certainty": "5", "DiagCategory": "Epilepsy"}}, {"entity": "Prescription", "start_index": "81", "end_index": "91", "text": "Zonisamide", "attributes": {"CUIPhrase": "zonisamide", "DrugDose": "100", "CUI": "C0078844", "DoseUnit": "mg", "Frequency": "2", "DrugName": "Zonisamide"}}, {"entity": "Prescription", "start_index": "28", "end_index": "80", "text": "Current-medication:-Levetiracetam-1500mg-twice-daily", "attributes": {"CUI": "C0377265", "DrugDose": "1500", "DoseUnit": "mg", "Frequency": "2", "CUIPhrase": "levetiracetam", "DrugName": "levetiracetam"}}, {"entity": "Prescription", "start_index": "102", "end_index": "124", "text": "Carbamazepine-400mg-bd", "attributes": {"DoseUnit": "mg", "CUIPhrase": "carbamazepine", "CUI": "C0006949", "DrugName": "carbamazepine", "DrugDose": "400", "Frequency": "2"}}, {"entity": "SeizureFrequency", "start_index": "290", "end_index": "298", "text": "seizures", "attributes": {"CUI": "C0036572", "TimeSince_or_TimeOfEvent": "Since", "PointInTime": "Surgery", "CUIPhrase": "seizures", "NumberOfSeizures": "0"}}, {"entity": "SeizureFrequency", "start_index": "135", "end_index": "153", "text": "seizure-frequency:", "attributes": {"CUI": "C0036572", "PointInTime": "Surgery", "CUIPhrase": "seizure", "TimeSince_or_TimeOfEvent": "Since", "NumberOfSeizures": "0"}}]