[{"entity": "PatientHistory", "start_index": "93", "end_index": "124", "text": "Transient-loss-of-consciousness", "attributes": {"Certainty": "5", "Negation": "Affirmed", "CUIPhrase": "transient-loss-of-consciousness", "CUI": "C4087400"}}, {"entity": "PatientHistory", "start_index": "144", "end_index": "151", "text": "seizure", "attributes": {"Certainty": "5", "Negation": "Affirmed", "CUIPhrase": "seizure", "CUI": "C0036572"}}, {"entity": "PatientHistory", "start_index": "240", "end_index": "272", "text": "-transient-loss-of-consciousness", "attributes": {"Certainty": "5", "Negation": "Affirmed", "CUIPhrase": "transient-loss-of-consciousness", "CUI": "C4087400"}}, {"entity": "BirthHistory", "start_index": "940", "end_index": "953", "text": "born-normally", "attributes": {"Certainty": "5", "Negation": "Affirmed", "CUIPhrase": "born-normally", "CUI": "C3665337"}}, {"entity": "PatientHistory", "start_index": "964", "end_index": "997", "text": "febrile-seizures-at-the-ages-of-3", "attributes": {"AgeUnit": "Year", "Age": "3", "Certainty": "5", "Negation": "Affirmed", "CUIPhrase": "febrile-seizures", "CUI": "C0009952"}}, {"entity": "PatientHistory", "start_index": "1194", "end_index": "1202", "text": "diabetes", "attributes": {"Certainty": "5", "Negation": "Affirmed", "CUIPhrase": "diabetes", "CUI": "C0011847"}}, {"entity": "Investigations", "start_index": "1471", "end_index": "1478", "text": "CT-head", "attributes": {"CT_Performed": "Yes", "CT_Results": "Normal", "CUIPhrase": "ct-normal", "CUI": "C0744602"}}, {"entity": "PatientHistory", "start_index": "1527", "end_index": "1534", "text": "seizure", "attributes": {"Certainty": "5", "Negation": "Affirmed", "CUIPhrase": "seizure", "CUI": "C0036572"}}, {"entity": "PatientHistory", "start_index": "1584", "end_index": "1592", "text": "seizure-", "attributes": {"Certainty": "5", "Negation": "Affirmed", "CUIPhrase": "seizure", "CUI": "C0036572"}}]