[{"entity": "PatientHistory", "start_index": "174", "end_index": "195", "text": "Dissociative-seizures", "attributes": {"Negation": "Affirmed", "CUIPhrase": "dissociative-seizures", "Certainty": "5", "CUI": "C0349245"}}, {"entity": "Diagnosis", "start_index": "198", "end_index": "206", "text": "Epilepsy", "attributes": {"CUI": "C0014544", "CUIPhrase": "epilepsy", "Certainty": "5", "DiagCategory": "Epilepsy", "Negation": "Affirmed"}}, {"entity": "Prescription", "start_index": "293", "end_index": "308", "text": "Clobazam-5mg-bd", "attributes": {"Frequency": "2", "DrugName": "clobazam", "CUIPhrase": "clobazam", "DoseUnit": "mg", "DrugDose": "5", "CUI": "C0055891"}}, {"entity": "Diagnosis", "start_index": "596", "end_index": "604", "text": "grand-ma", "attributes": {"DiagCategory": "MultipleSeizures", "Certainty": "5", "Negation": "Affirmed", "CUIPhrase": "grand-mal", "CUI": "C0494475"}}, {"entity": "Investigations", "start_index": "1308", "end_index": "1312", "text": "EEG-", "attributes": {"CUI": "C0560017", "CUIPhrase": "EEG", "EEG_Performed": "Yes", "EEG_Results": "Normal"}}, {"entity": "Investigations", "start_index": "1259", "end_index": "1263", "text": "MRI-", "attributes": {"MRI_Results": "Normal", "CUI": "C0436481", "MRI_Performed": "Yes", "CUIPhrase": "mri-normal"}}, {"entity": "PatientHistory", "start_index": "209", "end_index": "219", "text": "Depression", "attributes": {"CUI": "C0011570", "CUIPhrase": "depression", "Certainty": "5", "Negation": "Affirmed"}}, {"entity": "Prescription", "start_index": "267", "end_index": "282", "text": "Brivetiracetam-", "attributes": {"DrugName": "Perampanel", "DoseUnit": "mg", "CUIPhrase": "brivaracetam", "CUI": "C1699861", "DrugDose": "50", "Frequency": "2"}}, {"entity": "Investigations", "start_index": "1267", "end_index": "1271", "text": "EEG-", "attributes": {"EEG_Results": "Normal", "CUI": "C0560017", "CUIPhrase": "eeg-normal", "EEG_Performed": "Yes"}}, {"entity": "Prescription", "start_index": "241", "end_index": "263", "text": "Carbamazepine-600mg-bd", "attributes": {"Frequency": "2", "DrugName": "carbamazepine", "DrugDose": "600", "CUI": "C0006949", "DoseUnit": "mg", "CUIPhrase": "carbamazepine"}}, {"entity": "PatientHistory", "start_index": "1332", "end_index": "1350", "text": "jerk-like-episodes", "attributes": {"Certainty": "5", "Negation": "Affirmed", "CUIPhrase": "jerking-episodes", "CUI": "C0231530"}}, {"entity": "PatientHistory", "start_index": "1429", "end_index": "1450", "text": "dissociative-seizures", "attributes": {"Negation": "Affirmed", "CUIPhrase": "dissociative", "CUI": "C0349245", "Certainty": "5"}}, {"entity": "PatientHistory", "start_index": "1124", "end_index": "1134", "text": "depression", "attributes": {"Certainty": "5", "CUI": "C0011570", "CUIPhrase": "depression", "Negation": "Affirmed"}}, {"entity": "PatientHistory", "start_index": "1505", "end_index": "1513", "text": "seizures", "attributes": {"Certainty": "5", "Negation": "Affirmed", "CUIPhrase": "seizures", "CUI": "C0036572"}}]