[{"entity": "Diagnosis", "start_index": "117", "end_index": "131", "text": "focal-epilepsy", "attributes": {"DiagCategory": "Epilepsy", "Certainty": "5", "Negation": "Affirmed", "CUIPhrase": "focal-epilepsy", "CUI": "C0014547"}}, {"entity": "PatientHistory", "start_index": "136", "end_index": "157", "text": "dissociative-seizures", "attributes": {"Certainty": "5", "Negation": "Affirmed", "CUIPhrase": "dissociative-seizures", "CUI": "C0349245"}}, {"entity": "Prescription", "start_index": "173", "end_index": "183", "text": "Lacosmaide", "attributes": {"DrugName": "Lacosamide", "DrugDose": "100", "DoseUnit": "mg", "Frequency": "2", "CUIPhrase": "lacosamide", "CUI": "C0893761"}}, {"entity": "Prescription", "start_index": "196", "end_index": "207", "text": "Perampanel-", "attributes": {"DrugName": "Perampanel", "DrugDose": "8", "DoseUnit": "mg", "Frequency": "1", "CUIPhrase": "perampanel", "CUI": "C2698764"}}, {"entity": "PatientHistory", "start_index": "293", "end_index": "301", "text": "seizures", "attributes": {"Certainty": "5", "Negation": "Affirmed", "CUIPhrase": "seizures", "CUI": "C0036572"}}, {"entity": "SeizureFrequency", "start_index": "293", "end_index": "301", "text": "seizures", "attributes": {"NumberOfSeizures": "1", "TimePeriod": "Week", "NumberOfTimePeriods": "1", "CUIPhrase": "seizures", "CUI": "C0036572"}}, {"entity": "Diagnosis", "start_index": "371", "end_index": "404", "text": "focal-impaired-awareness-seizures", "attributes": {"DiagCategory": "MultipleSeizures", "Certainty": "5", "Negation": "Affirmed", "CUIPhrase": "focal-impaired-awareness-seizures", "CUI": "C0270834"}}, {"entity": "PatientHistory", "start_index": "409", "end_index": "430", "text": "dissociative-seizures", "attributes": {"Certainty": "4", "Negation": "Affirmed", "CUIPhrase": "dissociative-seizures", "CUI": "C0349245"}}, {"entity": "Diagnosis", "start_index": "897", "end_index": "930", "text": "focal-impaired-awareness-seizures", "attributes": {"DiagCategory": "MultipleSeizures", "Certainty": "4", "Negation": "Affirmed", "CUIPhrase": "focal-impaired-awareness-seizures", "CUI": "C0270834"}}, {"entity": "PatientHistory", "start_index": "935", "end_index": "956", "text": "dissociative-seizures", "attributes": {"Certainty": "4", "Negation": "Affirmed", "CUIPhrase": "dissociative-seizures", "CUI": "C0349245"}}, {"entity": "Investigations", "start_index": "985", "end_index": "989", "text": "EEG-", "attributes": {"EEG_Performed": "Yes", "EEG_Results": "Abnormal", "CUIPhrase": "eeg-abnormal", "CUI": "C0151611"}}]