[{"entity": "Diagnosis", "start_index": "97", "end_index": "120", "text": "Simple-partial-seizures", "attributes": {"DiagCategory": "MultipleSeizures", "Certainty": "5", "Negation": "Affirmed", "CUIPhrase": "simple-partial-seizures", "CUI": "C0234974"}}, {"entity": "Diagnosis", "start_index": "137", "end_index": "161", "text": "secondary-generalisation", "attributes": {"DiagCategory": "MultipleSeizures", "Certainty": "5", "Negation": "Affirmed", "CUIPhrase": "secondary-generalisation", "CUI": "C0270838"}}, {"entity": "Investigations", "start_index": "162", "end_index": "166", "text": "MRI-", "attributes": {"MRI_Performed": "Yes", "MRI_Results": "Abnormal", "CUIPhrase": "mri-abnormal", "CUI": "C1319851"}}, {"entity": "PatientHistory", "start_index": "186", "end_index": "195", "text": "cavernoma", "attributes": {"Certainty": "5", "Negation": "Affirmed", "CUIPhrase": "cavernoma", "CUI": "C0018920"}}, {"entity": "PatientHistory", "start_index": "218", "end_index": "228", "text": "Depression", "attributes": {"Certainty": "5", "Negation": "Affirmed", "CUIPhrase": "depression", "CUI": "C0011570"}}, {"entity": "Prescription", "start_index": "248", "end_index": "260", "text": "Lamotrigine-", "attributes": {"DrugName": "Lamotrigine", "DrugDose": "150", "DoseUnit": "mg", "Frequency": "2", "CUIPhrase": "lamotrigine", "CUI": "C0064636"}}, {"entity": "PatientHistory", "start_index": "442", "end_index": "451", "text": "seizures-", "attributes": {"AgeUnit": "Year", "Age": "15", "Certainty": "5", "Negation": "Affirmed", "CUIPhrase": "seizures", "CUI": "C0036572"}}, {"entity": "Prescription", "start_index": "883", "end_index": "895", "text": "lamotrigine-", "attributes": {"DrugName": "Lamotrigine", "DrugDose": "150", "DoseUnit": "mg", "Frequency": "2", "CUIPhrase": "lamotrigine", "CUI": "C0064636"}}, {"entity": "PatientHistory", "start_index": "996", "end_index": "1005", "text": "seizures-", "attributes": {"Certainty": "5", "Negation": "Affirmed", "CUIPhrase": "seizures", "CUI": "C0036572"}}, {"entity": "PatientHistory", "start_index": "1052", "end_index": "1063", "text": "depression-", "attributes": {"Certainty": "5", "Negation": "Affirmed", "CUIPhrase": "depression", "CUI": "C0011570"}}]