[{"entity": "Diagnosis", "start_index": "92", "end_index": "112", "text": "symptomatic-epilepsy", "attributes": {"DiagCategory": "Epilepsy", "Certainty": "5", "Negation": "Affirmed", "CUIPhrase": "symptomatic-epilepsy", "CUI": "C1406659"}}, {"entity": "PatientHistory", "start_index": "127", "end_index": "148", "text": "s-neurocysticercosis.", "attributes": {"Certainty": "5", "Negation": "Affirmed", "CUIPhrase": "neurocysticercosis", "CUI": "C0338437"}}, {"entity": "EpilepsyCause", "start_index": "129", "end_index": "148", "text": "neurocysticercosis.", "attributes": {"Certainty": "5", "Negation": "Affirmed", "CUIPhrase": "neurocysticercosis", "CUI": "C0338437"}}, {"entity": "Investigations", "start_index": "342", "end_index": "344", "text": "CT", "attributes": {"CT_Performed": "Yes", "CT_Results": "Abnormal", "CUIPhrase": "abnormal-ct", "CUI": "C0436539"}}, {"entity": "SeizureFrequency", "start_index": "248", "end_index": "256", "text": "seizures", "attributes": {"UpperNumberOfSeizures": "15", "NumberOfTimePeriods": "2", "LowerNumberOfSeizures": "10", "TimePeriod": "days", "CUIPhrase": "seizures", "CUI": "C0036572"}}, {"entity": "SeizureFrequency", "start_index": "158", "end_index": "194", "text": "frequent-focal-dyscognitive-seizures", "attributes": {"FrequencyChange": "Frequent", "CUIPhrase": "dyscognitive-seizures", "CUI": "C0270834"}}, {"entity": "PatientHistory", "start_index": "406", "end_index": "424", "text": "neurocysticercosis", "attributes": {"Certainty": "5", "Negation": "Affirmed", "CUIPhrase": "neurocysticercosis", "CUI": "C0338437"}}, {"entity": "Investigations", "start_index": "435", "end_index": "438", "text": "MRI", "attributes": {"MRI_Performed": "Yes", "MRI_Results": "Normal", "CUIPhrase": "normal-mri", "CUI": "C0436481"}}, {"entity": "Prescription", "start_index": "547", "end_index": "558", "text": "lamotrigine", "attributes": {"CUI": "C0064636", "DoseUnit": "mg", "CUIPhrase": "lamotrigine", "Frequency": "2", "DrugName": "Lamotrigine", "DrugDose": "150"}}, {"entity": "Diagnosis", "start_index": "167", "end_index": "194", "text": "focal-dyscognitive-seizures", "attributes": {"Certainty": "5", "CUIPhrase": "dyscognitive-seizures", "DiagCategory": "MultipleSeizures", "Negation": "Affirmed", "CUI": "C0270834"}}]