[{"entity": "PatientHistory", "start_index": "330", "end_index": "337", "text": "d\u00e9j\u00e0-vu", "attributes": {"TimePeriod": "Month", "NumberOfTimePeriods": "10", "Certainty": "5", "Negation": "Affirmed", "CUIPhrase": "d\u00e9j\u00e0-vu", "CUI": "C0011194"}}, {"entity": "BirthHistory", "start_index": "549", "end_index": "565", "text": "birth-was-normal", "attributes": {"CUIPhrase": "birth-was-normal", "Negation": "Affirmed", "Certainty": "5", "PrematureBirth": "37+_TermBirth", "CUI": "C3665337"}}, {"entity": "Diagnosis", "start_index": "1016", "end_index": "1039", "text": "temporal-lobe-epilepsy.", "attributes": {"DiagCategory": "Epilepsy", "Certainty": "4", "Negation": "Affirmed", "CUIPhrase": "temporal-lobe-epilepsy", "CUI": "C0014556"}}, {"entity": "Investigations", "start_index": "773", "end_index": "776", "text": "EEG", "attributes": {"CUIPhrase": "eeg-abnormal", "CUI": "C0151611", "EEG_Results": "Abnormal", "EEG_Performed": "Yes"}}, {"entity": "Prescription", "start_index": "173", "end_index": "216", "text": "Medication:-Carbamazepine-200mg-twice-a-day", "attributes": {"CUIPhrase": "carbamazepine", "DoseUnit": "mg", "Frequency": "2", "DrugName": "carbamazepine", "DrugDose": "200", "CUI": "C0006949"}}, {"entity": "Diagnosis", "start_index": "169", "end_index": "172", "text": "TLE", "attributes": {"Certainty": "3", "CUIPhrase": "temporal-lobe-epilepsy", "DiagCategory": "Epilepsy", "Negation": "Affirmed", "CUI": "C0014556"}}, {"entity": "PatientHistory", "start_index": "590", "end_index": "606", "text": "febrile-seizures", "attributes": {"CUI": "C0009952", "Negation": "Negated", "Certainty": "1", "CUIPhrase": "febrile-seizures"}}, {"entity": "Diagnosis", "start_index": "143", "end_index": "157", "text": "Focal-seizures", "attributes": {"Certainty": "5", "Negation": "Affirmed", "DiagCategory": "MultipleSeizures", "CUIPhrase": "focal-seizures", "CUI": "C0751495"}}]