[{"entity": "PatientHistory", "start_index": "57", "end_index": "78", "text": "Dissociative-seizures", "attributes": {"Certainty": "5", "Negation": "Affirmed", "CUIPhrase": "dissociative-seizures", "CUI": "C0349245"}}, {"entity": "PatientHistory", "start_index": "81", "end_index": "112", "text": "Post-traumatic-stress-disorders", "attributes": {"Certainty": "5", "Negation": "Affirmed", "CUIPhrase": "post-traumatic-stress-disorder", "CUI": "C0038436"}}, {"entity": "Prescription", "start_index": "114", "end_index": "156", "text": "Medication:-lamotrigine-75mg-bd-(to-reduce", "attributes": {"DrugName": "lamotrigine", "DrugDose": "75", "DoseUnit": "mg", "Frequency": "2", "CUIPhrase": "lamotrigine", "CUI": "C0064636"}}, {"entity": "SeizureFrequency", "start_index": "369", "end_index": "378", "text": "seizures-", "attributes": {"NumberOfSeizures": "0", "PointInTime": "LastClinic", "TimeSince_or_TimeOfEvent": "Since", "CUIPhrase": "seizures", "CUI": "C0036572"}}, {"entity": "PatientHistory", "start_index": "559", "end_index": "579", "text": "dissociative-seizure", "attributes": {"Certainty": "4", "Negation": "Affirmed", "CUIPhrase": "dissociative-seizure", "CUI": "C0349245"}}]