[{"entity": "WhenDiagnosed", "start_index": "367", "end_index": "374", "text": "epileps", "attributes": {"CUI": "C0014544", "Certainty": "5", "CUIPhrase": "epilepsy", "AgeUnit": "Year", "Negation": "Affirmed", "Age": "22"}}, {"entity": "Diagnosis", "start_index": "727", "end_index": "759", "text": "secondarily-generalised-seizures", "attributes": {"Negation": "Affirmed", "CUIPhrase": "secondarily-generalised-seizures", "CUI": "C0270838", "Certainty": "5", "DiagCategory": "MultipleSeizures"}}, {"entity": "Diagnosis", "start_index": "590", "end_index": "627", "text": "focal-seizures-with-altered-awareness", "attributes": {"DiagCategory": "MultipleSeizures", "Certainty": "5", "Negation": "Affirmed", "CUIPhrase": "Focal", "CUI": "C0270834"}}, {"entity": "SeizureFrequency", "start_index": "1116", "end_index": "1124", "text": "seizure-", "attributes": {"NumberOfSeizures": "0", "PointInTime": "DrugChange", "TimeSince_or_TimeOfEvent": "Since", "CUIPhrase": "seizure", "CUI": "C0036572"}}, {"entity": "Investigations", "start_index": "836", "end_index": "840", "text": "MRI-", "attributes": {"CUI": "C1319851", "CUIPhrase": "mri-abnormal", "MRI_Performed": "Yes", "MRI_Results": "Abnormal"}}, {"entity": "PatientHistory", "start_index": "306", "end_index": "314", "text": "seizures", "attributes": {"CUIPhrase": "seizures", "AgeUnit": "Year", "Certainty": "5", "CUI": "C0036572", "Age": "19", "Negation": "Affirmed"}}, {"entity": "Diagnosis", "start_index": "367", "end_index": "376", "text": "epilepsy-", "attributes": {"DiagCategory": "Epilepsy", "Negation": "Affirmed", "CUIPhrase": "epilepsy", "CUI": "C0014544", "Certainty": "5"}}, {"entity": "SeizureFrequency", "start_index": "590", "end_index": "627", "text": "focal-seizures-with-altered-awareness", "attributes": {"NumberOfTimePeriods": "5", "TimePeriod": "Year", "CUI": "C0270834", "CUIPhrase": "focal-seizures-with-altered-awareness", "NumberOfSeizures": "0"}}, {"entity": "PatientHistory", "start_index": "442", "end_index": "451", "text": "seizures-", "attributes": {"Certainty": "5", "CUIPhrase": "seizures", "Negation": "Affirmed", "CUI": "C0036572"}}]