[{"entity": "PatientHistory", "start_index": "129", "end_index": "147", "text": "neurocysticercosis", "attributes": {"Certainty": "5", "Negation": "Affirmed", "CUIPhrase": "neurocysticercosis", "CUI": "C0338437"}}, {"entity": "SeizureFrequency", "start_index": "248", "end_index": "257", "text": "seizures-", "attributes": {"NumberOfTimePeriods": "2", "TimePeriod": "Day", "CUIPhrase": "seizures", "LowerNumberOfSeizures": "10", "UpperNumberOfSeizures": "15", "CUI": "C0036572"}}, {"entity": "Diagnosis", "start_index": "167", "end_index": "194", "text": "focal-dyscognitive-seizures", "attributes": {"CUIPhrase": "dyscognitive-seizures", "DiagCategory": "MultipleSeizures", "CUI": "C0270834", "Certainty": "5", "Negation": "Affirmed"}}, {"entity": "Diagnosis", "start_index": "92", "end_index": "112", "text": "symptomatic-epilepsy", "attributes": {"CUIPhrase": "symptomatic-epilepsy", "CUI": "C1406659", "DiagCategory": "Epilepsy", "Certainty": "5", "Negation": "Affirmed"}}, {"entity": "Investigations", "start_index": "342", "end_index": "349", "text": "CT-scan", "attributes": {"CUIPhrase": "abnormal-ct", "CT_Results": "Abnormal", "CUI": "C0436539", "CT_Performed": "Yes"}}, {"entity": "SeizureFrequency", "start_index": "168", "end_index": "194", "text": "ocal-dyscognitive-seizures", "attributes": {"FrequencyChange": "Frequent", "CUIPhrase": "dyscognitive-seizures", "CUI": "C0270834"}}, {"entity": "EpilepsyCause", "start_index": "129", "end_index": "147", "text": "neurocysticercosis", "attributes": {"CUIPhrase": "neurocysticercosis", "CUI": "C0338437", "Certainty": "5"}}, {"entity": "PatientHistory", "start_index": "406", "end_index": "424", "text": "neurocysticercosis", "attributes": {"Certainty": "5", "Negation": "Affirmed", "CUIPhrase": "neurocysticercosis", "CUI": "C0338437"}}, {"entity": "Prescription", "start_index": "547", "end_index": "558", "text": "lamotrigine", "attributes": {"Frequency": "2", "DrugName": "Lamotrigine", "DrugDose": "150", "DoseUnit": "mg", "CUI": "C0064636", "CUIPhrase": "lamotrigine"}}, {"entity": "Investigations", "start_index": "435", "end_index": "438", "text": "MRI", "attributes": {"CUI": "C0436481", "MRI_Performed": "Yes", "MRI_Results": "Normal", "CUIPhrase": "mri-normal"}}]