[{"entity": "Prescription", "start_index": "224", "end_index": "241", "text": "Sodium-Valproate-", "attributes": {"CUIPhrase": "sodium-valproate", "Frequency": "1", "DoseUnit": "mg", "CUI": "C0037567", "DrugDose": "800", "DrugName": "SodiumValproate"}}, {"entity": "Diagnosis", "start_index": "286", "end_index": "294", "text": "epilepsy", "attributes": {"Certainty": "5", "CUI": "C0014544", "CUIPhrase": "epilepsy", "Negation": "Affirmed", "DiagCategory": "Epilepsy"}}, {"entity": "Onset", "start_index": "286", "end_index": "294", "text": "epilepsy", "attributes": {"Negation": "Affirmed", "Certainty": "5", "Age": "4", "CUIPhrase": "epilepsy", "AgeUnit": "Year", "CUI": "C0014544"}}, {"entity": "PatientHistory", "start_index": "464", "end_index": "473", "text": "-seizures", "attributes": {"TimePeriod": "Year", "NumberOfTimePeriods": "2", "Certainty": "5", "Negation": "Affirmed", "CUIPhrase": "seizures", "CUI": "C0036572"}}, {"entity": "Investigations", "start_index": "815", "end_index": "818", "text": "MRI", "attributes": {"MRI_Results": "Normal", "CUI": "C0436481", "CUIPhrase": "mri-normal", "MRI_Performed": "Yes"}}, {"entity": "PatientHistory", "start_index": "876", "end_index": "892", "text": "febrile-seizures", "attributes": {"CUI": "C0009952", "Certainty": "1", "CUIPhrase": "febrile-seizures", "Negation": "Negated"}}, {"entity": "Prescription", "start_index": "224", "end_index": "240", "text": "Sodium-Valproate", "attributes": {"CUIPhrase": "sodium-valproate", "DrugName": "SodiumValproate", "DrugDose": "700", "Frequency": "1", "CUI": "C0037567", "DoseUnit": "mg"}}, {"entity": "Diagnosis", "start_index": "337", "end_index": "370", "text": "generalised-tonic-clonic-seizures", "attributes": {"CUIPhrase": "generalised", "CUI": "C0494475", "Negation": "Affirmed", "Certainty": "5", "DiagCategory": "MultipleSeizures"}}, {"entity": "Investigations", "start_index": "731", "end_index": "734", "text": "EEG", "attributes": {"EEG_Results": "Abnormal", "CUIPhrase": "eeg-abnormal", "CUI": "C0151611", "EEG_Performed": "Yes"}}, {"entity": "BirthHistory", "start_index": "839", "end_index": "851", "text": "normal-birth", "attributes": {"CUIPhrase": "normal-birth", "Negation": "Affirmed", "Certainty": "5", "CUI": "C3665337", "PrematureBirth": "37+_TermBirth"}}, {"entity": "Diagnosis", "start_index": "168", "end_index": "211", "text": "secondary-generalised-tonic-clonic-seizures", "attributes": {"CUI": "C0877017", "Negation": "Affirmed", "DiagCategory": "MultipleSeizures", "Certainty": "5", "CUIPhrase": "secondary-generalised-tonic-clonic-seizures"}}, {"entity": "Diagnosis", "start_index": "138", "end_index": "162", "text": "Complex-partial-seizures", "attributes": {"DiagCategory": "MultipleSeizures", "CUI": "C0149958", "CUIPhrase": "complex-partial-seizures", "Certainty": "5", "Negation": "Affirmed"}}]