[{"entity": "Diagnosis", "start_index": "164", "end_index": "183", "text": "psy,-probable-focal", "attributes": {"Negation": "Affirmed", "CUI": "C0014547", "DiagCategory": "Epilepsy", "Certainty": "4", "CUIPhrase": "focal-epilepsy"}}, {"entity": "PatientHistory", "start_index": "1592", "end_index": "1608", "text": "febrile-seizures", "attributes": {"AgeUnit": "Year", "Negation": "Affirmed", "AgeUpper": "3", "AgeLower": "1", "Certainty": "5", "CUI": "C0009952", "CUIPhrase": "febrile-seizures"}}, {"entity": "Diagnosis", "start_index": "159", "end_index": "167", "text": "Epilepsy", "attributes": {"CUI": "C0014544", "CUIPhrase": "epilepsy", "Negation": "Affirmed", "DiagCategory": "Epilepsy", "Certainty": "5"}}, {"entity": "Diagnosis", "start_index": "1881", "end_index": "1899", "text": "epileptic-seizures", "attributes": {"Negation": "Affirmed", "CUI": "C4317109", "DiagCategory": "MultipleSeizures", "CUIPhrase": "epileptic-seizures", "Certainty": "4"}}, {"entity": "BirthHistory", "start_index": "1560", "end_index": "1576", "text": "birth-was-normal", "attributes": {"CUIPhrase": "birth-was-normal", "Negation": "Affirmed", "CUI": "C3665337", "Certainty": "5"}}, {"entity": "Diagnosis", "start_index": "1991", "end_index": "1999", "text": "epilepsy", "attributes": {"Certainty": "5", "DiagCategory": "Epilepsy", "Negation": "Affirmed", "CUIPhrase": "epilepsy", "CUI": "C0014544"}}, {"entity": "PatientHistory", "start_index": "105", "end_index": "136", "text": "transient-loss-of-consciousness", "attributes": {"CUIPhrase": "Transient", "CUI": "C4087400", "Certainty": "5", "Negation": "Affirmed"}}, {"entity": "PatientHistory", "start_index": "1975", "end_index": "1983", "text": "seizures", "attributes": {"CUIPhrase": "seizures", "Certainty": "5", "Negation": "Affirmed", "CUI": "C0036572"}}, {"entity": "Investigations", "start_index": "1800", "end_index": "1807", "text": "CT-head", "attributes": {"CUI": "C0744602", "CT_Performed": "Yes", "CT_Results": "Normal", "CUIPhrase": "ct-normal"}}, {"entity": "Diagnosis", "start_index": "2716", "end_index": "2725", "text": "epilepsy-", "attributes": {"Certainty": "5", "CUIPhrase": "epilepsy", "Negation": "Affirmed", "CUI": "C0014544", "DiagCategory": "Epilepsy"}}]