[{"entity": "PatientHistory", "start_index": "11", "end_index": "37", "text": "Insulin-dependent-diabetes", "attributes": {"Certainty": "5", "Negation": "Affirmed", "CUIPhrase": "insulin-dependent-diabetes", "CUI": "C0011854"}}, {"entity": "SeizureFrequency", "start_index": "221", "end_index": "230", "text": "seizures-", "attributes": {"CUIPhrase": "seizures", "TimePeriod": "Year", "UpperNumberOfSeizures": "2", "LowerNumberOfSeizures": "1", "CUI": "C0036572", "NumberOfTimePeriods": "1"}}, {"entity": "Prescription", "start_index": "62", "end_index": "74", "text": "Lamotrigine-", "attributes": {"CUI": "C0064636", "DoseUnit": "mg", "DrugName": "Lamotrigine", "CUIPhrase": "lamotrigine", "DrugDose": "100", "Frequency": "2"}}, {"entity": "PatientHistory", "start_index": "221", "end_index": "229", "text": "seizures", "attributes": {"Certainty": "5", "Negation": "Affirmed", "CUIPhrase": "seizures", "CUI": "C0036572"}}, {"entity": "PatientHistory", "start_index": "305", "end_index": "312", "text": "seizure", "attributes": {"Certainty": "5", "Negation": "Affirmed", "CUIPhrase": "seizures", "CUI": "C0036572"}}, {"entity": "Investigations", "start_index": "893", "end_index": "897", "text": "MRI-", "attributes": {"MRI_Performed": "Yes", "CUIPhrase": "MRI", "MRI_Results": "Normal", "CUI": "C0436481"}}, {"entity": "SeizureFrequency", "start_index": "305", "end_index": "314", "text": "seizures-", "attributes": {"CUIPhrase": "seizures", "CUI": "C0036572", "NumberOfTimePeriods": "1", "LowerNumberOfSeizures": "1", "TimePeriod": "Month", "UpperNumberOfSeizures": "2"}}, {"entity": "Investigations", "start_index": "980", "end_index": "984", "text": "EEG-", "attributes": {"EEG_Results": "Abnormal", "CUI": "C0151611", "CUIPhrase": "EEG", "EEG_Performed": "Yes"}}, {"entity": "Diagnosis", "start_index": "40", "end_index": "48", "text": "Epilepsy", "attributes": {"Negation": "Affirmed", "CUIPhrase": "epilepsy", "Certainty": "5", "DiagCategory": "Epilepsy", "CUI": "C0014544"}}]