[{"entity": "PatientHistory", "start_index": "1553", "end_index": "1573", "text": "loss-of-consciousnes", "attributes": {"Certainty": "5", "Negation": "Affirmed", "CUIPhrase": "loss-of-consciousness", "CUI": "C0041657"}}, {"entity": "Diagnosis", "start_index": "1703", "end_index": "1731", "text": "genetic-generalised-epilepsy", "attributes": {"CUIPhrase": "genetic-generalised-epilepsy", "CUI": "C0270850", "Negation": "Affirmed", "DiagCategory": "Epilepsy", "Certainty": "5"}}, {"entity": "BirthHistory", "start_index": "802", "end_index": "830", "text": "born-prematurely-at-32-weeks", "attributes": {"Negation": "Affirmed", "CUIPhrase": "born-prematurely", "Certainty": "5", "PrematureBirth": "32to<37_ModerateToLatePreterm", "CUI": "C4054482"}}, {"entity": "PatientHistory", "start_index": "23", "end_index": "54", "text": "transient-loss-of-consciousness", "attributes": {"CUIPhrase": "Transient", "CUI": "C4087400", "Negation": "Affirmed", "Certainty": "5"}}, {"entity": "Diagnosis", "start_index": "1580", "end_index": "1613", "text": "generalised-tonic-clonic-seizures", "attributes": {"Negation": "Affirmed", "Certainty": "4", "CUIPhrase": "generalised-tonic-clonic-seizures", "DiagCategory": "MultipleSeizures", "CUI": "C0494475"}}, {"entity": "PatientHistory", "start_index": "863", "end_index": "879", "text": "febrile-seizures", "attributes": {"Negation": "Negated", "CUI": "C0009952", "Certainty": "1", "CUIPhrase": "febrile-seizures"}}, {"entity": "Investigations", "start_index": "1416", "end_index": "1419", "text": "EEG", "attributes": {"CUIPhrase": "eeg-abnormal", "EEG_Results": "Abnormal", "CUI": "C0151611", "EEG_Performed": "Yes"}}, {"entity": "Diagnosis", "start_index": "67", "end_index": "95", "text": "genetic-generalised-epilepsy", "attributes": {"DiagCategory": "Epilepsy", "Certainty": "5", "Negation": "Affirmed", "CUI": "C0270850", "CUIPhrase": "genetic-generalised-epilepsy"}}, {"entity": "Investigations", "start_index": "1370", "end_index": "1373", "text": "MRI", "attributes": {"CUI": "C0436481", "MRI_Performed": "Yes", "CUIPhrase": "mri-normal", "MRI_Results": "Normal"}}, {"entity": "Diagnosis", "start_index": "1686", "end_index": "1695", "text": "epilepsy,", "attributes": {"DiagCategory": "Epilepsy", "Negation": "Affirmed", "CUIPhrase": "epilepsy", "Certainty": "5", "CUI": "C0014544"}}, {"entity": "Prescription", "start_index": "974", "end_index": "985", "text": "lamotrigine", "attributes": {"CUIPhrase": "lamotrigine", "DrugDose": "50", "DrugName": "Lamotrigine", "Frequency": "2", "DoseUnit": "mg", "CUI": "C0064636"}}, {"entity": "Investigations", "start_index": "1648", "end_index": "1651", "text": "EEG", "attributes": {"EEG_Results": "Abnormal", "CUIPhrase": "eeg-abnormal", "EEG_Performed": "Yes", "CUI": "C0151611"}}]