[{"entity": "SeizureFrequency", "start_index": "621", "end_index": "651", "text": "generlised-tonic-clonic-seizur", "attributes": {"CUIPhrase": "generalised", "TimePeriod": "Year", "CUI": "C0494475", "NumberOfTimePeriods": "2", "NumberOfSeizures": "1"}}, {"entity": "Prescription", "start_index": "730", "end_index": "785", "text": "he-is-currently-taking-levetiracetam-1250mg-twice-a-day", "attributes": {"DoseUnit": "mg", "DrugName": "levetiracetam", "CUIPhrase": "levetiracetam", "Frequency": "2", "DrugDose": "1250", "CUI": "C0377265"}}, {"entity": "Prescription", "start_index": "790", "end_index": "821", "text": "carbamazepine-400mg-twice-a-day", "attributes": {"DrugName": "carbamazepine", "DrugDose": "400", "CUI": "C0006949", "CUIPhrase": "carbamazepine", "Frequency": "2", "DoseUnit": "mg"}}]