[{"entity": "Prescription", "start_index": "274", "end_index": "297", "text": "Levetiracetam-1000mg-bd", "attributes": {"DrugName": "levetiracetam", "DrugDose": "1000", "DoseUnit": "mg", "Frequency": "2", "CUIPhrase": "levetiracetam", "CUI": "C0377265"}}, {"entity": "SeizureFrequency", "start_index": "581", "end_index": "601", "text": "focal-motor-seizures", "attributes": {"NumberOfSeizures": "0", "TimePeriod": "Year", "NumberOfTimePeriods": "2", "CUIPhrase": "focal-motor-seizures", "CUI": "C0016399"}}, {"entity": "SeizureFrequency", "start_index": "818", "end_index": "856", "text": "focal-to-bilateral-convulsive-seizures", "attributes": {"NumberOfSeizures": "0", "DayDate": "25", "MonthDate": "12", "YearDate": "2009", "TimeSince_or_TimeOfEvent": "Since", "CUIPhrase": "focal-to-bilateral-convulsive-seizures", "CUI": "C0877017"}}]