[{"entity": "Prescription", "start_index": "395", "end_index": "437", "text": "Medication-levetiracetam-750mg-twice-a-day", "attributes": {"DrugName": "levetiracetam", "DrugDose": "750", "DoseUnit": "mg", "Frequency": "2", "CUIPhrase": "levetiracetam", "CUI": "C0377265"}}, {"entity": "Prescription", "start_index": "438", "end_index": "467", "text": "Lamotrigine-50-mg-twice-a-day", "attributes": {"DrugName": "lamotrigine", "DrugDose": "50", "DoseUnit": "mg", "Frequency": "2", "CUIPhrase": "lamotrigine", "CUI": "C0064636"}}]