[{"entity": "Prescription", "start_index": "142", "end_index": "192", "text": "Medication:-lamotrigine-250-milligrams-twice-a-day", "attributes": {"DrugName": "lamotrigine", "DrugDose": "250", "DoseUnit": "mg", "Frequency": "2", "CUIPhrase": "lamotrigine", "CUI": "C0064636"}}, {"entity": "Prescription", "start_index": "193", "end_index": "227", "text": "Keppra-1000-milligrams-twice-a-day", "attributes": {"DrugName": "keppra", "DrugDose": "1000", "DoseUnit": "mg", "Frequency": "2", "CUIPhrase": "keppra", "CUI": "C0876060"}}]