[{"entity": "Prescription", "start_index": "52", "end_index": "123", "text": "Current-antiepileptic-medication:-sodium-valproate-600-mg-bd-(to-reduce", "attributes": {"DrugName": "sodium-valproate", "DrugDose": "600", "DoseUnit": "mg", "Frequency": "2", "CUIPhrase": "sodium-valproate", "CUI": "C0037567"}}, {"entity": "Prescription", "start_index": "153", "end_index": "167", "text": "levetiracetam-", "attributes": {"DrugName": "Levetiracetam", "DrugDose": "1.25", "DoseUnit": "g", "Frequency": "2", "CUIPhrase": "levetiracetam", "CUI": "C0377265"}}, {"entity": "SeizureFrequency", "start_index": "206", "end_index": "226", "text": "generalised-seizures", "attributes": {"NumberOfSeizures": "1", "TimePeriod": "Month", "NumberOfTimePeriods": "2", "CUIPhrase": "generalised-seizures", "CUI": "C0234533"}}, {"entity": "SeizureFrequency", "start_index": "391", "end_index": "400", "text": "seizures-", "attributes": {"NumberOfSeizures": "1", "TimePeriod": "Month", "NumberOfTimePeriods": "2", "CUIPhrase": "seizures", "CUI": "C0036572"}}, {"entity": "SeizureFrequency", "start_index": "952", "end_index": "960", "text": "seizures", "attributes": {"FrequencyChange": "Increased", "TimePeriod": "Year", "NumberOfTimePeriods": "5", "CUIPhrase": "seizures", "CUI": "C0036572"}}]