[{"entity": "Prescription", "start_index": "248", "end_index": "261", "text": "Carbamazepine", "attributes": {"DrugName": "Carbamazepine", "DrugDose": "400", "DoseUnit": "mg", "Frequency": "1", "CUIPhrase": "carbamazepine", "CUI": "C0006949"}}, {"entity": "Prescription", "start_index": "248", "end_index": "267", "text": "Carbamazepine-400mg", "attributes": {"DrugName": "Carbamazepine", "DrugDose": "400", "DoseUnit": "mg", "Frequency": "1", "CUIPhrase": "carbamazepine", "CUI": "C0006949"}}, {"entity": "Prescription", "start_index": "248", "end_index": "280", "text": "Carbamazepine-400mg/400-mg/200mg", "attributes": {"DrugName": "Carbamazepine", "DrugDose": "200", "DoseUnit": "mg", "Frequency": "1", "CUIPhrase": "carbamazepine", "CUI": "C0006949"}}, {"entity": "Prescription", "start_index": "281", "end_index": "309", "text": "Zonisamide-50-mg-twice-a-day", "attributes": {"DrugName": "zonisamide", "DrugDose": "50", "DoseUnit": "mg", "Frequency": "2", "CUIPhrase": "zonisamide", "CUI": "C0078844"}}, {"entity": "Prescription", "start_index": "310", "end_index": "327", "text": "Clobazam-10-mg-BD", "attributes": {"DrugName": "clobazam", "DrugDose": "10", "DoseUnit": "mg", "Frequency": "2", "CUIPhrase": "clobazam", "CUI": "C0055891"}}, {"entity": "SeizureFrequency", "start_index": "400", "end_index": "433", "text": "generalised-tonic-chronic-seizure", "attributes": {"NumberOfSeizures": "1", "TimePeriod": "Year", "NumberOfTimePeriods": "1", "CUIPhrase": "generalised-tonic-clonic-seizure", "CUI": "C0494475"}}]