[{"entity": "Prescription", "start_index": "245", "end_index": "299", "text": "Levetiracetam-250mg-bd-(to-increase-as-detailed-below)", "attributes": {"DrugName": "levetiracetam", "DrugDose": "250", "DoseUnit": "mg", "Frequency": "2", "CUIPhrase": "levetiracetam", "CUI": "C0377265"}}, {"entity": "Prescription", "start_index": "302", "end_index": "318", "text": "Buccal-midazolam", "attributes": {"Frequency": "As_Required", "CUIPhrase": "midazolam", "CUI": "C0026056"}}, {"entity": "SeizureFrequency", "start_index": "500", "end_index": "511", "text": "seizures,-l", "attributes": {"NumberOfSeizures": "0", "MonthDate": "2", "YearDate": "2010", "TimeSince_or_TimeOfEvent": "Since", "CUIPhrase": "seizures", "CUI": "C0036572"}}]