[{"entity": "Prescription", "start_index": "81", "end_index": "132", "text": "-Epilim-200mg-in-the-morning,-400-mg-in-the-evening", "attributes": {"DrugName": "SodiumValproate", "DrugDose": "200", "DoseUnit": "mg", "Frequency": "1", "CUIPhrase": "epilim", "CUI": "C0591451"}}, {"entity": "Prescription", "start_index": "82", "end_index": "132", "text": "Epilim-200mg-in-the-morning,-400-mg-in-the-evening", "attributes": {"DrugName": "SodiumValproate", "DrugDose": "400", "DoseUnit": "mg", "Frequency": "1", "CUIPhrase": "epilim", "CUI": "C0591451"}}]