[{"entity": "Prescription", "start_index": "107", "end_index": "162", "text": "Current-medication:-sodium-valproate-500-mg-twice-a-day", "attributes": {"DrugName": "sodium-valproate", "DrugDose": "500", "DoseUnit": "mg", "Frequency": "2", "CUIPhrase": "sodium-valproate", "CUI": "C0037567"}}, {"entity": "Prescription", "start_index": "163", "end_index": "195", "text": "Carbamazepine-200-mg-twice-a-day", "attributes": {"DrugName": "carbamazepine", "DrugDose": "200", "DoseUnit": "mg", "Frequency": "2", "CUIPhrase": "carbamazepine", "CUI": "C0006949"}}, {"entity": "SeizureFrequency", "start_index": "225", "end_index": "258", "text": "Generalised-tonic-clonic-seizure-", "attributes": {"NumberOfSeizures": "0", "MonthDate": "7", "YearDate": "2016", "TimeSince_or_TimeOfEvent": "Since", "CUIPhrase": "generalised-tonic-clonic-seizure", "CUI": "C0494475"}}, {"entity": "SeizureFrequency", "start_index": "576", "end_index": "585", "text": "seizures-", "attributes": {"NumberOfSeizures": "2", "TimePeriod": "Year", "NumberOfTimePeriods": "1", "CUIPhrase": "seizures", "CUI": "C0036572"}}]