[{"entity": "Prescription", "start_index": "83", "end_index": "89", "text": "Eplim-", "attributes": {"DrugName": "SodiumValproate", "DrugDose": "1.5", "DoseUnit": "g", "Frequency": "1", "CUIPhrase": "epilim", "CUI": "C0591451"}}, {"entity": "Prescription", "start_index": "83", "end_index": "88", "text": "Eplim", "attributes": {"DrugName": "SodiumValproate", "DrugDose": "1", "DoseUnit": "g", "Frequency": "1", "CUIPhrase": "epilim", "CUI": "C0591451"}}, {"entity": "Prescription", "start_index": "126", "end_index": "151", "text": "Clobazam-10-mg-once-a-day", "attributes": {"DrugName": "clobazam", "DrugDose": "10", "DoseUnit": "mg", "Frequency": "1", "CUIPhrase": "clobazam", "CUI": "C0055891"}}, {"entity": "SeizureFrequency", "start_index": "474", "end_index": "488", "text": "myoclonic-jerk", "attributes": {"FrequencyChange": "Infrequent", "CUIPhrase": "myoclonic-jerk", "CUI": "C0027066"}}]