[{"entity": "Prescription", "start_index": "79", "end_index": "111", "text": "-levetiracetam-750mg-twice-a-day", "attributes": {"DrugName": "Levetiracetam", "DrugDose": "750", "DoseUnit": "mg", "Frequency": "2", "CUIPhrase": "levetiracetam", "CUI": "C0377265"}}, {"entity": "SeizureFrequency", "start_index": "377", "end_index": "440", "text": "not-had-any-further-seizures-since-increasing-the-levetiracetam", "attributes": {"NumberOfSeizures": "0", "PointInTime": "DrugChange", "TimeSince_or_TimeOfEvent": "Since", "CUIPhrase": "seizures", "CUI": "C0036572"}}]