[{"entity": "Prescription", "start_index": "48", "end_index": "120", "text": "Current-antiepileptic-medication:-Lamotrigine-125-milligrams-twice-a-day", "attributes": {"DrugName": "lamotrigine", "DrugDose": "125", "DoseUnit": "mg", "Frequency": "2", "CUIPhrase": "lamotrigine", "CUI": "C0064636"}}, {"entity": "SeizureFrequency", "start_index": "166", "end_index": "208", "text": "seizures-since-the-last-clinic-appointment", "attributes": {"NumberOfSeizures": "3", "PointInTime": "LastClinic", "TimeSince_or_TimeOfEvent": "Since", "CUIPhrase": "seizures", "CUI": "C0036572"}}, {"entity": "SeizureFrequency", "start_index": "476", "end_index": "485", "text": "seizures-", "attributes": {"NumberOfSeizures": "2", "TimePeriod": "Year", "NumberOfTimePeriods": "1", "CUIPhrase": "seizures", "CUI": "C0036572"}}]