[{"entity": "Prescription", "start_index": "152", "end_index": "181", "text": "lamotrigine-75-mg-twice-a-day", "attributes": {"DrugName": "lamotrigine", "DrugDose": "75", "DoseUnit": "mg", "Frequency": "2", "CUIPhrase": "lamotrigine", "CUI": "C0064636"}}, {"entity": "SeizureFrequency", "start_index": "239", "end_index": "276", "text": "focal-seizures-with-loss-of-awareness", "attributes": {"LowerNumberOfSeizures": "2", "UpperNumberOfSeizures": "3", "TimePeriod": "Month", "NumberOfTimePeriods": "1", "CUIPhrase": "focal-seizures-with-loss-of-awareness", "CUI": "C0270834"}}]