[{"entity": "Prescription", "start_index": "97", "end_index": "166", "text": "Current-antiepileptic-medication:-sodium-valproate-(epilim)-400-mg-BD", "attributes": {"DrugName": "sodium-valproate", "DrugDose": "400", "DoseUnit": "mg", "Frequency": "2", "CUIPhrase": "sodium-valproate", "CUI": "C0037567"}}, {"entity": "SeizureFrequency", "start_index": "196", "end_index": "259", "text": "generalised-tonic-clonic-seizures,-last-seizure-four-years-ago.", "attributes": {"NumberOfSeizures": "0", "TimePeriod": "Year", "NumberOfTimePeriods": "4", "CUIPhrase": "generalised-tonic-clonic-seizures", "CUI": "C0494475"}}]