[{"entity": "Prescription", "start_index": "432", "end_index": "444", "text": "lamotrigine-", "attributes": {"DrugName": "Lamotrigine", "DrugDose": "150", "DoseUnit": "mg", "Frequency": "2", "CUIPhrase": "lamotrigine", "CUI": "C0064636"}}, {"entity": "SeizureFrequency", "start_index": "467", "end_index": "476", "text": "seizures-", "attributes": {"NumberOfSeizures": "0", "AgeUnit": "Year", "AgeLower": "13", "AgeUpper": "19", "TimeSince_or_TimeOfEvent": "Since", "CUIPhrase": "seizures", "CUI": "C0036572"}}]