[{"entity": "Prescription", "start_index": "252", "end_index": "283", "text": "Medication:-Lamotrigine-75mg-bd", "attributes": {"DrugName": "lamotrigine", "DrugDose": "75", "DoseUnit": "mg", "Frequency": "2", "CUIPhrase": "lamotrigine", "CUI": "C0064636"}}, {"entity": "SeizureFrequency", "start_index": "367", "end_index": "374", "text": "seizure", "attributes": {"NumberOfSeizures": "4", "MonthDate": "2", "TimeSince_or_TimeOfEvent": "During", "CUIPhrase": "seizure", "CUI": "C0036572"}}, {"entity": "SeizureFrequency", "start_index": "665", "end_index": "673", "text": "seizures", "attributes": {"NumberOfSeizures": "0", "PointInTime": "DrugChange", "TimeSince_or_TimeOfEvent": "Since", "CUIPhrase": "seizures", "CUI": "C0036572"}}]