[{"entity": "Prescription", "start_index": "224", "end_index": "240", "text": "Sodium-Valproate", "attributes": {"DrugName": "SodiumValproate", "Frequency": "1", "DrugDose": "800", "CUI": "C0037567", "DoseUnit": "mg", "CUIPhrase": "sodium-valproate"}}, {"entity": "Prescription", "start_index": "212", "end_index": "261", "text": "Medication:-Sodium-Valproate-700mg-in-the-morning", "attributes": {"Frequency": "1", "DrugDose": "700", "CUI": "C0037567", "DrugName": "sodium-valproate", "CUIPhrase": "sodium-valproate", "DoseUnit": "mg"}}]