[{"entity": "Prescription", "start_index": "111", "end_index": "152", "text": "Medication:-Topiramate-100-mg-twice-a-day", "attributes": {"DrugName": "topiramate", "DrugDose": "100", "DoseUnit": "mg", "Frequency": "2", "CUIPhrase": "topiramate", "CUI": "C0076829"}}, {"entity": "Prescription", "start_index": "153", "end_index": "178", "text": "Epilim-400-mg-twice-a-day", "attributes": {"DrugName": "epilim", "DrugDose": "400", "DoseUnit": "mg", "Frequency": "2", "CUIPhrase": "epilim", "CUI": "C0591451"}}, {"entity": "SeizureFrequency", "start_index": "450", "end_index": "471", "text": "tonic-clonic-seizures", "attributes": {"NumberOfSeizures": "0", "TimePeriod": "Week", "NumberOfTimePeriods": "3", "CUIPhrase": "tonic-clonic-seizures", "CUI": "C0494475"}}]