[{"entity": "Prescription", "start_index": "163", "end_index": "211", "text": "Medication:-Levetiracetam-500mg-bd-(36mg/kg/day)", "attributes": {"DrugName": "levetiracetam", "DoseUnit": "mg", "CUI": "C0377265", "DrugDose": "500", "CUIPhrase": "levetiracetam", "Frequency": "2"}}, {"entity": "Prescription", "start_index": "212", "end_index": "297", "text": "Lamotrigine-50mg-bd-increasing-by-5mg-each-dose-every-2-weeks-to-75mg-bd-(7mg/kg/day)", "attributes": {"CUI": "C0064636", "DrugDose": "50", "Frequency": "2", "CUIPhrase": "lamotrigine", "DrugName": "lamotrigine", "DoseUnit": "mg"}}]