[{"entity": "SeizureFrequency", "start_index": "288", "end_index": "295", "text": "seizure", "attributes": {"NumberOfSeizures": "1", "TimePeriod": "Week", "NumberOfTimePeriods": "1", "TimeSince_or_TimeOfEvent": "Since", "CUIPhrase": "seizure", "CUI": "C0036572"}}, {"entity": "Prescription", "start_index": "589", "end_index": "634", "text": "Helena-is-taking-lamotrigine-75mg-twice-a-day", "attributes": {"DrugDose": "75", "CUI": "C0064636", "Frequency": "2", "DrugName": "lamotrigine", "CUIPhrase": "lamotrigine", "DoseUnit": "mg"}}]