[{"entity": "SeizureFrequency", "start_index": "483", "end_index": "490", "text": "seizure", "attributes": {"LowerNumberOfSeizures": "2", "UpperNumberOfSeizures": "4", "TimePeriod": "Month", "NumberOfTimePeriods": "1", "CUIPhrase": "seizures", "CUI": "C0036572"}}, {"entity": "SeizureFrequency", "start_index": "528", "end_index": "547", "text": "cluster-of-seizures", "attributes": {"NumberOfSeizures": "1", "MonthDate": "8", "YearDate": "2017", "TimeSince_or_TimeOfEvent": "During", "CUIPhrase": "cluster-of-seizures", "CUI": "C3203523"}}, {"entity": "SeizureFrequency", "start_index": "582", "end_index": "589", "text": "seizure", "attributes": {"LowerNumberOfSeizures": "6", "UpperNumberOfSeizures": "9", "TimePeriod": "Week", "NumberOfTimePeriods": "1", "MonthDate": "8", "YearDate": "2017", "TimeSince_or_TimeOfEvent": "During", "CUIPhrase": "seizures", "CUI": "C0036572"}}, {"entity": "Prescription", "start_index": "732", "end_index": "746", "text": "levetiracetam-", "attributes": {"DrugName": "Levetiracetam", "DrugDose": "750", "DoseUnit": "mg", "Frequency": "2", "CUIPhrase": "levetiracetam", "CUI": "C0377265"}}, {"entity": "Prescription", "start_index": "776", "end_index": "788", "text": "lamotrigine-", "attributes": {"DrugName": "Lamotrigine", "DrugDose": "100", "DoseUnit": "mg", "Frequency": "2", "CUIPhrase": "lamotrigine", "CUI": "C0064636"}}]