[{"entity": "Prescription", "start_index": "260", "end_index": "283", "text": "Levetiracetam-1000mg-bd", "attributes": {"DrugName": "levetiracetam", "DrugDose": "1000", "DoseUnit": "mg", "Frequency": "2", "CUIPhrase": "levetiracetam", "CUI": "C0377265"}}, {"entity": "Prescription", "start_index": "286", "end_index": "298", "text": "Oxcarbazine-", "attributes": {"DrugName": "Oxcarbazepine", "DrugDose": "300", "DoseUnit": "mg", "Frequency": "2", "CUIPhrase": "oxcarbazepine", "CUI": "C0069751"}}, {"entity": "SeizureFrequency", "start_index": "500", "end_index": "522", "text": "partial-motor-seizures", "attributes": {"NumberOfSeizures": "1", "TimePeriod": "Month", "NumberOfTimePeriods": "1", "CUIPhrase": "partial-motor-seizures", "CUI": "C0016399"}}, {"entity": "SeizureFrequency", "start_index": "620", "end_index": "650", "text": "secondary-generalised-seizures", "attributes": {"NumberOfSeizures": "1", "TimePeriod": "Year", "NumberOfTimePeriods": "1", "CUIPhrase": "secondary-generalised-seizures", "CUI": "C0270838"}}, {"entity": "SeizureFrequency", "start_index": "620", "end_index": "649", "text": "secondary-generalised-seizure", "attributes": {"NumberOfSeizures": "0", "DayDate": "25", "MonthDate": "12", "YearDate": "2009", "TimeSince_or_TimeOfEvent": "Since", "CUIPhrase": "secondary-generalized-seizures", "CUI": "C0270838"}}]