[{"entity": "SeizureFrequency", "start_index": "270", "end_index": "308", "text": "Focal-to-bilateral-convulsive-seizures", "attributes": {"NumberOfSeizures": "0", "MonthDate": "10", "YearDate": "2019", "TimeSince_or_TimeOfEvent": "Since", "CUIPhrase": "focal-to-bilateral-convulsive-seizures", "CUI": "C0877017"}}, {"entity": "Prescription", "start_index": "403", "end_index": "425", "text": "Levetiracetam-750mg-bd", "attributes": {"DrugName": "levetiracetam", "DrugDose": "750", "DoseUnit": "mg", "Frequency": "2", "CUIPhrase": "levetiracetam", "CUI": "C0377265"}}, {"entity": "Prescription", "start_index": "458", "end_index": "505", "text": "Phenytoin-100mg-od-(reducing-as-detailed-below)", "attributes": {"DrugName": "phenytoin", "DrugDose": "100", "DoseUnit": "mg", "Frequency": "1", "CUIPhrase": "phenytoin", "CUI": "C0031507"}}]