[{"entity": "SeizureFrequency", "start_index": "645", "end_index": "652", "text": "seizure", "attributes": {"NumberOfSeizures": "0", "TimePeriod": "Year", "NumberOfTimePeriods": "10", "CUIPhrase": "seizures", "CUI": "C0036572"}}, {"entity": "Prescription", "start_index": "671", "end_index": "745", "text": "She-currently-takes-150mg-lamotrigine-twice-a-day-without-any-side-effects", "attributes": {"DrugName": "lamotrigine", "DrugDose": "150", "DoseUnit": "mg", "Frequency": "2", "CUIPhrase": "lamotrigine", "CUI": "C0064636"}}, {"entity": "SeizureFrequency", "start_index": "1612", "end_index": "1624", "text": "seizure-free", "attributes": {"NumberOfSeizures": "0", "TimePeriod": "Year", "NumberOfTimePeriods": "10", "CUIPhrase": "seizure-free", "CUI": "C1299590"}}]