[{"entity": "Prescription", "start_index": "141", "end_index": "189", "text": "Current-medication-Brivaracetam-75mg-twice-a-day", "attributes": {"DrugName": "brivaracetam", "DrugDose": "75", "DoseUnit": "mg", "Frequency": "2", "CUIPhrase": "brivaracetam", "CUI": "C1699861"}}, {"entity": "SeizureFrequency", "start_index": "452", "end_index": "508", "text": "focal-seizures-now-happen-around-once-or-twice-per-month", "attributes": {"LowerNumberOfSeizures": "1", "UpperNumberOfSeizures": "2", "TimePeriod": "Month", "NumberOfTimePeriods": "1", "CUIPhrase": "focal-seizure", "CUI": "C0751495"}}]