[{"entity": "Prescription", "start_index": "109", "end_index": "145", "text": "Current-medication:-Clobazam-10mg-on", "attributes": {"DrugName": "clobazam", "DrugDose": "10", "DoseUnit": "mg", "Frequency": "1", "CUIPhrase": "clobazam", "CUI": "C0055891"}}, {"entity": "Prescription", "start_index": "146", "end_index": "247", "text": "Sodium-Valproate-200-mg-twice-a-day-(to-be-increased-to-300-mg-BD-in-steps-of-100-mg-every-two-weeks)", "attributes": {"DrugName": "sodium-valproate", "DrugDose": "200", "DoseUnit": "mg", "Frequency": "2", "CUIPhrase": "sodium-valproate", "CUI": "C0037567"}}, {"entity": "SeizureFrequency", "start_index": "348", "end_index": "380", "text": "generalised-seizures-once-a-week", "attributes": {"NumberOfSeizures": "1", "TimePeriod": "Week", "NumberOfTimePeriods": "1", "CUIPhrase": "generalised-seizures", "CUI": "C0234533"}}, {"entity": "SeizureFrequency", "start_index": "386", "end_index": "394", "text": "absences", "attributes": {"NumberOfSeizures": "2", "TimePeriod": "Day", "NumberOfTimePeriods": "1", "CUIPhrase": "absences", "CUI": "C0563606"}}, {"entity": "Prescription", "start_index": "526", "end_index": "567", "text": "She-is-currently-taking-clobazam-10-mg-od", "attributes": {"DrugName": "clobazam", "DrugDose": "10", "DoseUnit": "mg", "Frequency": "1", "CUIPhrase": "clobazam", "CUI": "C0055891"}}, {"entity": "Prescription", "start_index": "572", "end_index": "598", "text": "sodium-valproate-200-mg-BD", "attributes": {"DrugName": "sodium-valproate", "DrugDose": "200", "DoseUnit": "mg", "Frequency": "2", "CUIPhrase": "sodium-valproate", "CUI": "C0037567"}}]