[{"entity": "SeizureFrequency", "start_index": "405", "end_index": "412", "text": "seizure", "attributes": {"FrequencyChange": "Infrequent", "CUIPhrase": "seizures", "CUI": "C0036572"}}, {"entity": "SeizureFrequency", "start_index": "405", "end_index": "411", "text": "seizur", "attributes": {"NumberOfSeizures": "2", "TimePeriod": "Year", "NumberOfTimePeriods": "1", "CUIPhrase": "seizures", "CUI": "C0036572"}}, {"entity": "Prescription", "start_index": "514", "end_index": "527", "text": "carbamazapine", "attributes": {"DrugName": "Carbamazepine", "DrugDose": "400", "DoseUnit": "mg", "Frequency": "2", "CUIPhrase": "carbamazepine", "CUI": "C0006949"}}]