[{"entity": "Prescription", "start_index": "96", "end_index": "102", "text": "Kepra-", "attributes": {"DrugName": "keppra", "DrugDose": "1250", "DoseUnit": "mg", "Frequency": "2", "CUIPhrase": "keppra", "CUI": "C0876060"}}, {"entity": "Prescription", "start_index": "123", "end_index": "152", "text": "Zonisamide-125-mg-twice-a-day", "attributes": {"DrugName": "zonisamide", "DrugDose": "125", "DoseUnit": "mg", "Frequency": "2", "CUIPhrase": "zonisamide", "CUI": "C0078844"}}, {"entity": "SeizureFrequency", "start_index": "213", "end_index": "221", "text": "-seizure", "attributes": {"FrequencyChange": "Infrequent", "CUIPhrase": "seizures", "CUI": "C0036572"}}]