[{"entity": "SeizureFrequency", "start_index": "794", "end_index": "801", "text": "seizure", "attributes": {"FrequencyChange": "Increased", "CUIPhrase": "seizure", "CUI": "C0036572"}}, {"entity": "SeizureFrequency", "start_index": "281", "end_index": "311", "text": "Focal-onset-convulsive-seizure", "attributes": {"NumberOfSeizures": "0", "YearDate": "2019", "CUI": "C0877017", "MonthDate": "4", "CUIPhrase": "focal-to-bilateral-convulsive-seizure"}}, {"entity": "SeizureFrequency", "start_index": "630", "end_index": "636", "text": "seizur", "attributes": {"TimeSince_or_TimeOfEvent": "During", "NumberOfSeizures": "1", "MonthDate": "9", "CUIPhrase": "seizure", "CUI": "C0036572"}}, {"entity": "Prescription", "start_index": "198", "end_index": "250", "text": "Lamotrigine-100mg-bd-(to-increase-as-detailed-below)", "attributes": {"CUIPhrase": "lamotrigine", "CUI": "C0064636", "DrugDose": "100", "Frequency": "2", "DoseUnit": "mg", "DrugName": "lamotrigine"}}, {"entity": "SeizureFrequency", "start_index": "351", "end_index": "359", "text": "seizure-", "attributes": {"YearDate": "2019", "CUIPhrase": "seizure", "NumberOfSeizures": "0", "TimeSince_or_TimeOfEvent": "Since", "CUI": "C0036572", "MonthDate": "09"}}]