[{"entity": "Prescription", "start_index": "107", "end_index": "121", "text": "levetiracetam-", "attributes": {"DrugName": "Levetiracetam", "DrugDose": "750", "DoseUnit": "mg", "Frequency": "1", "CUIPhrase": "levetiracetam", "CUI": "C0377265"}}, {"entity": "Prescription", "start_index": "107", "end_index": "121", "text": "levetiracetam-", "attributes": {"DrugName": "Levetiracetam", "DrugDose": "500", "DoseUnit": "mg", "Frequency": "1", "CUIPhrase": "levetiracetam", "CUI": "C0377265"}}, {"entity": "Prescription", "start_index": "151", "end_index": "161", "text": "Phenytoin-", "attributes": {"DrugName": "Phenytoin", "DrugDose": "75", "DoseUnit": "mg", "Frequency": "3", "CUIPhrase": "phenytoin", "CUI": "C0031507"}}, {"entity": "SeizureFrequency", "start_index": "288", "end_index": "298", "text": "seizures-e", "attributes": {"NumberOfSeizures": "1", "TimePeriod": "Week", "LowerNumberOfTimePeriods": "3", "UpperNumberOfTimePeriods": "4", "CUIPhrase": "seizures", "CUI": "C0036572"}}, {"entity": "SeizureFrequency", "start_index": "558", "end_index": "567", "text": "seizures-", "attributes": {"NumberOfSeizures": "1", "TimePeriod": "Week", "LowerNumberOfTimePeriods": "3", "UpperNumberOfTimePeriods": "4", "CUIPhrase": "seizures", "CUI": "C0036572"}}]