[{"entity": "Prescription", "start_index": "269", "end_index": "284", "text": "Brivetiracetam-", "attributes": {"CUIPhrase": "Brivaracetam", "DoseUnit": "mg", "Frequency": "2", "DrugName": "Brivaracetam", "CUI": "C1699861", "DrugDose": "50"}}, {"entity": "SeizureFrequency", "start_index": "440", "end_index": "470", "text": "Secondary-generalised-seizures", "attributes": {"CUIPhrase": "secondary-generalised-seizures", "NumberOfSeizures": "2", "TimePeriod": "Month", "NumberOfTimePeriods": "1", "CUI": "C0270838"}}, {"entity": "Prescription", "start_index": "232", "end_index": "266", "text": "Medication:-Carbamazepine-400mg-bd", "attributes": {"DoseUnit": "mg", "CUIPhrase": "carbamazepine", "Frequency": "2", "DrugDose": "400", "DrugName": "carbamazepine", "CUI": "C0006949"}}]