[{"entity": "Prescription", "start_index": "88", "end_index": "102", "text": "carbamazepine-", "attributes": {"DrugName": "Carbamazepine", "DrugDose": "400", "DoseUnit": "mg", "Frequency": "2", "CUIPhrase": "carbamazepine", "CUI": "C0006949"}}, {"entity": "Prescription", "start_index": "121", "end_index": "141", "text": "Topiramate-100-mg-BD", "attributes": {"DrugName": "topiramate", "DrugDose": "100", "DoseUnit": "mg", "Frequency": "2", "CUIPhrase": "topiramate", "CUI": "C0076829"}}, {"entity": "SeizureFrequency", "start_index": "250", "end_index": "264", "text": "focal-seizures", "attributes": {"LowerNumberOfSeizures": "2", "UpperNumberOfSeizures": "3", "MonthDate": "3", "TimeSince_or_TimeOfEvent": "During", "CUIPhrase": "focal-seizures", "CUI": "C0751495"}}, {"entity": "SeizureFrequency", "start_index": "345", "end_index": "375", "text": "secondary-generalised-seizures", "attributes": {"NumberOfSeizures": "4", "PointInTime": "LastClinic", "TimeSince_or_TimeOfEvent": "Since", "CUIPhrase": "secondary-generalised-seizures", "CUI": "C0270838"}}]