[{"entity": "Prescription", "start_index": "256", "end_index": "275", "text": "Lamotrigine-50mg-am", "attributes": {"CUI": "C0064636", "Frequency": "1", "DoseUnit": "mg", "DrugDose": "50", "CUIPhrase": "lamotrigine", "DrugName": "lamotrigine"}}, {"entity": "SeizureFrequency", "start_index": "665", "end_index": "698", "text": "generalised-tonic-clinic-seizures", "attributes": {"TimePeriod": "Week", "NumberOfTimePeriods": "3", "CUI": "C0494475", "NumberOfSeizures": "4", "CUIPhrase": "generalized-tonic-clonic-seizures"}}, {"entity": "SeizureFrequency", "start_index": "483", "end_index": "498", "text": "myoclonic-jerks", "attributes": {"CUI": "C0027066", "NumberOfTimePeriods": "1", "TimePeriod": "Week", "NumberOfSeizures": "1", "CUIPhrase": "myoclonic-jerks"}}, {"entity": "Prescription", "start_index": "216", "end_index": "253", "text": "Levetiracetam-1500mg-bd-(50mg/kg/day)", "attributes": {"CUI": "C0377265", "DrugDose": "1500", "Frequency": "2", "CUIPhrase": "levetiracetam", "DrugName": "levetiracetam", "DoseUnit": "mg"}}, {"entity": "Prescription", "start_index": "256", "end_index": "268", "text": "Lamotrigine-", "attributes": {"CUI": "C0064636", "DoseUnit": "mg", "DrugDose": "75", "DrugName": "Lamotrigine", "Frequency": "1", "CUIPhrase": "lamotrigine"}}, {"entity": "SeizureFrequency", "start_index": "665", "end_index": "698", "text": "generalised-tonic-clinic-seizures", "attributes": {"FrequencyChange": "Increased", "CUIPhrase": "generalised", "CUI": "C0494475"}}]