[{"entity": "SeizureFrequency", "start_index": "543", "end_index": "562", "text": "focal-motor-seizure", "attributes": {"CUI": "C0016399", "TimeSince_or_TimeOfEvent": "Since", "CUIPhrase": "focal-motor-seizure", "NumberOfSeizures": "1", "PointInTime": "LastClinic"}}, {"entity": "Prescription", "start_index": "320", "end_index": "342", "text": "Levetiracetam-500mg-bd", "attributes": {"CUIPhrase": "levetiracetam", "DrugName": "levetiracetam", "CUI": "C0377265", "DrugDose": "500", "DoseUnit": "mg", "Frequency": "2"}}, {"entity": "Prescription", "start_index": "345", "end_index": "355", "text": "Lamotrigne", "attributes": {"Frequency": "2", "CUI": "C0064636", "DrugName": "Lamotrigine", "DrugDose": "50", "DoseUnit": "mg", "CUIPhrase": "lamotrigine"}}]