[{"entity": "SeizureFrequency", "start_index": "177", "end_index": "191", "text": "focal-seizures", "attributes": {"NumberOfSeizures": "0", "PointInTime": "DrugChange", "CUIPhrase": "focal-seizures", "CUI": "C0751495"}}, {"entity": "Prescription", "start_index": "236", "end_index": "248", "text": "lamotrigine-", "attributes": {"DrugName": "Lamotrigine", "DrugDose": "200", "DoseUnit": "mg", "Frequency": "2", "CUIPhrase": "lamotrigine", "CUI": "C0064636"}}, {"entity": "SeizureFrequency", "start_index": "693", "end_index": "701", "text": "seizures", "attributes": {"FrequencyChange": "Infrequent", "PointInTime": "DrugChange", "CUIPhrase": "seizures", "CUI": "C0036572"}}]