[{"entity": "SeizureFrequency", "start_index": "234", "end_index": "271", "text": "focal-seizures-with-altered-awareness", "attributes": {"NumberOfSeizures": "0", "TimePeriod": "Year", "NumberOfTimePeriods": "3", "CUIPhrase": "focal-seizures-with-altered-awareness", "CUI": "C0270834"}}, {"entity": "SeizureFrequency", "start_index": "320", "end_index": "346", "text": "focal-to-bilateral-seizure", "attributes": {"NumberOfSeizures": "0", "TimePeriod": "Year", "NumberOfTimePeriods": "10", "CUIPhrase": "focal-to-bilateral-convulsive-seizure", "CUI": "C0877017"}}, {"entity": "Prescription", "start_index": "429", "end_index": "449", "text": "lamtorigine-250mg-bd", "attributes": {"DrugName": "Lamotrigine", "DrugDose": "250", "DoseUnit": "mg", "Frequency": "2", "CUIPhrase": "lamotrigine", "CUI": "C0064636"}}]