[{"entity": "Prescription", "start_index": "164", "end_index": "180", "text": "Sodium-Valproate", "attributes": {"CUIPhrase": "sodium-valproate", "DoseUnit": "mg", "DrugDose": "300", "CUI": "C0037567", "Frequency": "1", "DrugName": "SodiumValproate"}}, {"entity": "Prescription", "start_index": "150", "end_index": "189", "text": "(As-reported)-Sodium-Valproate-500mg-am", "attributes": {"DrugDose": "500", "CUI": "C0037567", "Frequency": "1", "CUIPhrase": "sodium-valproate", "DoseUnit": "mg", "DrugName": "sodium-valproate"}}]