[{"entity": "Prescription", "start_index": "115", "end_index": "159", "text": "Anti-convulsant-medication:-epilim-500-mg-BD", "attributes": {"DrugName": "epilim", "DrugDose": "500", "DoseUnit": "mg", "Frequency": "2", "CUIPhrase": "epilim", "CUI": "C0591451"}}, {"entity": "Prescription", "start_index": "160", "end_index": "190", "text": "Lamictal-100-mg-in-the-morning", "attributes": {"DrugName": "lamictal", "DrugDose": "100", "DoseUnit": "mg", "Frequency": "1", "CUIPhrase": "lamictal", "CUI": "C0678180"}}, {"entity": "Prescription", "start_index": "160", "end_index": "169", "text": "Lamictal-", "attributes": {"DrugName": "lamictal", "DrugDose": "175", "DoseUnit": "mg", "Frequency": "1", "CUIPhrase": "lamictal", "CUI": "C0678180"}}, {"entity": "SeizureFrequency", "start_index": "395", "end_index": "428", "text": "generalised-tonic-chronic-seizure", "attributes": {"LowerNumberOfSeizures": "3", "UpperNumberOfSeizures": "4", "TimePeriod": "Week", "NumberOfTimePeriods": "1", "TimeSince_or_TimeOfEvent": "During", "CUIPhrase": "generalised-tonic-clonic-seizures", "CUI": "C0494475"}}, {"entity": "SeizureFrequency", "start_index": "486", "end_index": "500", "text": "myoclonic-jerk", "attributes": {"FrequencyChange": "Frequent", "CUIPhrase": "myoclonic-jerks", "CUI": "C0027066"}}]