[{"entity": "Prescription", "start_index": "103", "end_index": "153", "text": "Medication:-lamotrigine-150-milligrams-twice-a-day", "attributes": {"DrugName": "lamotrigine", "DrugDose": "150", "DoseUnit": "mg", "Frequency": "2", "CUIPhrase": "lamotrigine", "CUI": "C0064636"}}, {"entity": "Prescription", "start_index": "154", "end_index": "188", "text": "Keppra-1000-milligrams-twice-a-day", "attributes": {"DrugName": "keppra", "DrugDose": "1000", "DoseUnit": "mg", "Frequency": "2", "CUIPhrase": "keppra", "CUI": "C0876060"}}]