[{"entity": "SeizureFrequency", "start_index": "1353", "end_index": "1361", "text": "seizures", "attributes": {"FrequencyChange": "Infrequent", "CUIPhrase": "seizures", "CUI": "C0036572"}}, {"entity": "SeizureFrequency", "start_index": "1353", "end_index": "1361", "text": "seizures", "attributes": {"LowerNumberOfSeizures": "1", "UpperNumberOfSeizures": "2", "TimePeriod": "Year", "NumberOfTimePeriods": "1", "TimeSince_or_TimeOfEvent": "During", "CUIPhrase": "seizures", "CUI": "C0036572"}}, {"entity": "Prescription", "start_index": "305", "end_index": "365", "text": "Lamotrigine-75mg-twice-a-day-(to-increase-as-detailed-below)", "attributes": {"Frequency": "2", "DoseUnit": "mg", "CUIPhrase": "lamotrigine", "DrugName": "lamotrigine", "DrugDose": "75", "CUI": "C0064636"}}, {"entity": "SeizureFrequency", "start_index": "213", "end_index": "242", "text": "Bilateral-convulsive-seizures", "attributes": {"NumberOfSeizures": "0", "TimePeriod": "Week", "CUI": "C0877017", "CUIPhrase": "bilateral-convulsive-seizures", "NumberOfTimePeriods": "2"}}]