[{"entity": "Prescription", "start_index": "537", "end_index": "596", "text": "Currently-she-is-taking-sodium-valproate-500-mg-twice-a-day", "attributes": {"DrugName": "sodium-valproate", "DrugDose": "500", "DoseUnit": "mg", "Frequency": "2", "CUIPhrase": "sodium-valproate", "CUI": "C0037567"}}, {"entity": "Prescription", "start_index": "601", "end_index": "634", "text": "levetiracetam-1000-mg-twice-today", "attributes": {"DrugName": "levetiracetam", "DrugDose": "1000", "DoseUnit": "mg", "Frequency": "2", "CUIPhrase": "levetiracetam", "CUI": "C0377265"}}]