[{"entity": "SeizureFrequency", "start_index": "491", "end_index": "515", "text": "complex-partial-seizures", "attributes": {"NumberOfSeizures": "1", "TimePeriod": "Month", "NumberOfTimePeriods": "1", "CUIPhrase": "complex-partial-seizures", "CUI": "C0149958"}}, {"entity": "SeizureFrequency", "start_index": "654", "end_index": "686", "text": "secondarily-generalised-seizures", "attributes": {"NumberOfSeizures": "0", "TimePeriod": "Year", "NumberOfTimePeriods": "10", "CUIPhrase": "secondarily-generalised-seizures", "CUI": "C0270838"}}, {"entity": "Prescription", "start_index": "771", "end_index": "852", "text": "She-is-currently-taking-levetiracetam-1250mg-bd-as-well-as-carbamazepine-400mg-bd", "attributes": {"DrugName": "levetiracetam", "DrugDose": "1250", "DoseUnit": "mg", "Frequency": "2", "CUIPhrase": "levetiracetam", "CUI": "C0377265"}}, {"entity": "Prescription", "start_index": "830", "end_index": "843", "text": "carbamazepine", "attributes": {"DrugName": "Carbamazepine", "DrugDose": "400", "DoseUnit": "mg", "Frequency": "2", "CUIPhrase": "carbamazepine", "CUI": "C0006949"}}]