[{"entity": "Prescription", "start_index": "227", "end_index": "269", "text": "Currently-she-is-taking-Tegretol-500-mg-BD", "attributes": {"DrugName": "tegretol", "DrugDose": "500", "DoseUnit": "mg", "Frequency": "2", "CUIPhrase": "tegretol", "CUI": "C0700087"}}, {"entity": "Prescription", "start_index": "274", "end_index": "297", "text": "levetiracetam-250-mg-BD", "attributes": {"DrugName": "levetiracetam", "DrugDose": "250", "DoseUnit": "mg", "Frequency": "2", "CUIPhrase": "levetiracetam", "CUI": "C0377265"}}]