[{"entity": "Prescription", "start_index": "193", "end_index": "216", "text": "\u00b7-Brivaracetam-50mgs-bd", "attributes": {"CUIPhrase": "brivaracetam", "DrugName": "brivaracetam", "DrugDose": "50", "CUI": "C1699861", "Frequency": "2", "DoseUnit": "mg"}}, {"entity": "SeizureFrequency", "start_index": "293", "end_index": "305", "text": "seizure-free", "attributes": {"CUIPhrase": "seizure-free", "CUI": "C1299590", "TimeSince_or_TimeOfEvent": "Since", "NumberOfSeizures": "0", "PointInTime": "DrugChange"}}]