[{"entity": "SeizureFrequency", "start_index": "80", "end_index": "92", "text": "seizure-free", "attributes": {"NumberOfSeizures": "0", "TimePeriod": "Month", "NumberOfTimePeriods": "7", "CUIPhrase": "seizure-free", "CUI": "C1299590"}}, {"entity": "Prescription", "start_index": "184", "end_index": "224", "text": "She-is-currently-taking-Keppra-750-mg-BD", "attributes": {"DrugName": "keppra", "DrugDose": "750", "DoseUnit": "mg", "Frequency": "2", "CUIPhrase": "keppra", "CUI": "C0876060"}}, {"entity": "Prescription", "start_index": "229", "end_index": "255", "text": "folic-acid-5-mg-once-a-day", "attributes": {"DrugName": "folic-acid", "DrugDose": "5", "DoseUnit": "mg", "Frequency": "1", "CUI": "C0016410"}}]