[{"entity": "SeizureFrequency", "start_index": "252", "end_index": "289", "text": "focal-seizures-with-altered-awareness", "attributes": {"NumberOfSeizures": "1", "TimePeriod": "Week", "NumberOfTimePeriods": "1", "CUIPhrase": "focal-seizures-with-altered-awareness", "CUI": "C0270834"}}, {"entity": "SeizureFrequency", "start_index": "330", "end_index": "367", "text": "Focal-to-bilateral-convulsive-seizure", "attributes": {"NumberOfSeizures": "1", "MonthDate": "8", "YearDate": "2014", "TimeSince_or_TimeOfEvent": "During", "CUIPhrase": "focal-to-bilateral-convulsive-seizures", "CUI": "C0877017"}}, {"entity": "SeizureFrequency", "start_index": "330", "end_index": "366", "text": "Focal-to-bilateral-convulsive-seizur", "attributes": {"NumberOfSeizures": "1", "MonthDate": "9", "YearDate": "2015", "TimeSince_or_TimeOfEvent": "During", "CUIPhrase": "focal-to-bilateral-convulsive-seizures", "CUI": "C0877017"}}, {"entity": "Prescription", "start_index": "400", "end_index": "440", "text": "Current-medication:-Lamotrigine-150mg-bd", "attributes": {"DrugName": "lamotrigine", "DrugDose": "150", "DoseUnit": "mg", "Frequency": "2", "CUIPhrase": "lamotrigine", "CUI": "C0064636"}}, {"entity": "SeizureFrequency", "start_index": "752", "end_index": "789", "text": "focal-seizures-with-altered-awareness", "attributes": {"NumberOfSeizures": "1", "TimePeriod": "Week", "NumberOfTimePeriods": "1", "CUIPhrase": "focal-seizures-with-altered-awareness", "CUI": "C0270834"}}, {"entity": "SeizureFrequency", "start_index": "900", "end_index": "937", "text": "focal-to-bilateral-convulsive-seizure", "attributes": {"NumberOfSeizures": "0", "TimePeriod": "Year", "NumberOfTimePeriods": "3", "CUIPhrase": "focal-to-bilateral-convulsive-seizure", "CUI": "C0877017"}}]