[{"entity": "SeizureFrequency", "start_index": "136", "end_index": "172", "text": "focal-seizures-with-altered-awarenes", "attributes": {"NumberOfSeizures": "1", "TimePeriod": "Week", "NumberOfTimePeriods": "3", "CUIPhrase": "focal-seizures-with-altered-awareness", "CUI": "C0270834"}}, {"entity": "Prescription", "start_index": "189", "end_index": "254", "text": "Current-anti-epileptic-medication:-lamotrigine-75mg-bd-(to-reduce", "attributes": {"DrugName": "lamotrigine", "DrugDose": "75", "DoseUnit": "mg", "Frequency": "2", "CUIPhrase": "lamotrigine", "CUI": "C0064636"}}, {"entity": "SeizureFrequency", "start_index": "452", "end_index": "474", "text": "seizures-have-returned", "attributes": {"FrequencyChange": "Increased", "CUIPhrase": "seizure", "CUI": "C0036572"}}]