[{"entity": "Prescription", "start_index": "69", "end_index": "135", "text": "Current-antiepileptic-medication:-levetiracetam-500-mg-twice-a-day", "attributes": {"DrugName": "levetiracetam", "DrugDose": "500", "DoseUnit": "mg", "Frequency": "2", "CUIPhrase": "levetiracetam", "CUI": "C0377265"}}, {"entity": "SeizureFrequency", "start_index": "234", "end_index": "272", "text": "generalised-tonic-clonic-seizures-2014", "attributes": {"NumberOfSeizures": "2", "YearDate": "2014", "TimeSince_or_TimeOfEvent": "During", "CUIPhrase": "generalised-tonic-clonic-seizures", "CUI": "C0494475"}}, {"entity": "SeizureFrequency", "start_index": "274", "end_index": "295", "text": "absence-like-seizures", "attributes": {"NumberOfSeizures": "1", "YearDate": "2014", "TimeSince_or_TimeOfEvent": "During", "CUIPhrase": "absence-like-seizures", "CUI": "C0563606"}}, {"entity": "SeizureFrequency", "start_index": "498", "end_index": "541", "text": "2-generalised-tonic-clonic-seizures-in-2014", "attributes": {"NumberOfSeizures": "2", "YearDate": "2014", "TimeSince_or_TimeOfEvent": "During", "CUIPhrase": "generalised-tonic-clonic-seizures", "CUI": "C0494475"}}]