[{"entity": "Prescription", "start_index": "96", "end_index": "133", "text": "He-is-on-Epilim-300-mg-in-the-morning", "attributes": {"DrugName": "epilim", "DrugDose": "300", "DoseUnit": "mg", "Frequency": "1", "CUIPhrase": "epilim", "CUI": "C0591451"}}, {"entity": "Prescription", "start_index": "105", "end_index": "112", "text": "Epilim-", "attributes": {"DrugName": "Epilim", "DrugDose": "600", "DoseUnit": "mg", "Frequency": "1", "CUIPhrase": "epilim", "CUI": "C0591451"}}, {"entity": "Prescription", "start_index": "164", "end_index": "186", "text": "carbamazepine-300mg-bd", "attributes": {"DrugName": "carbamazepine", "DrugDose": "300", "DoseUnit": "mg", "Frequency": "2", "CUIPhrase": "carbamazepine", "CUI": "C0006949"}}, {"entity": "SeizureFrequency", "start_index": "274", "end_index": "305", "text": "generalised-tonic-clonic-seizur", "attributes": {"NumberOfSeizures": "1", "PointInTime": "Last_Week", "TimeSince_or_TimeOfEvent": "During", "CUIPhrase": "generalised-tonic-clonic-seizure", "CUI": "C0494475"}}]