[{"entity": "Prescription", "start_index": "204", "end_index": "217", "text": "Carbamazepine", "attributes": {"DoseUnit": "mg", "Frequency": "1", "DrugDose": "150", "CUIPhrase": "carbamazepine", "DrugName": "Carbamazepine", "CUI": "C0006949"}}, {"entity": "Prescription", "start_index": "204", "end_index": "217", "text": "Carbamazepine", "attributes": {"Frequency": "1", "CUI": "C0006949", "CUIPhrase": "carbamazepine", "DrugName": "Carbamazepine", "DrugDose": "200", "DoseUnit": "mg"}}, {"entity": "SeizureFrequency", "start_index": "358", "end_index": "389", "text": "generalised-tonic-clonic-seizur", "attributes": {"TimeSince_or_TimeOfEvent": "Since", "NumberOfSeizures": "1", "PointInTime": "Birthday"}}]