[{"entity": "SeizureFrequency", "start_index": "67", "end_index": "102", "text": "ocal-seizures-with-altered-awarenes", "attributes": {"NumberOfSeizures": "1", "TimePeriod": "Week", "NumberOfTimePeriods": "2", "CUIPhrase": "focal-seizures-with-altered-awareness", "CUI": "C0270834"}}, {"entity": "SeizureFrequency", "start_index": "134", "end_index": "171", "text": "Focal-to-bilateral-convulsive-seizure", "attributes": {"NumberOfSeizures": "0", "MonthDate": "12", "YearDate": "2017", "TimeSince_or_TimeOfEvent": "Since", "CUIPhrase": "focal-to-bilateral-convulsive-seizure", "CUI": "C0877017"}}, {"entity": "Prescription", "start_index": "244", "end_index": "259", "text": "eslicarbazepine", "attributes": {"DrugName": "EslicarbazepineAcetate", "DrugDose": "800", "DoseUnit": "mg", "Frequency": "1", "CUIPhrase": "eslicarbazepine", "CUI": "C2725260"}}, {"entity": "Prescription", "start_index": "279", "end_index": "307", "text": "Zonisamide-75-mg-twice-a-day", "attributes": {"DrugName": "zonisamide", "DrugDose": "75", "DoseUnit": "mg", "Frequency": "2", "CUIPhrase": "zonisamide", "CUI": "C0078844"}}, {"entity": "SeizureFrequency", "start_index": "671", "end_index": "708", "text": "ocal-to-bilateral-convulsive-seizures", "attributes": {"NumberOfSeizures": "0", "MonthDate": "12", "YearDate": "2017", "TimeSince_or_TimeOfEvent": "Since", "CUIPhrase": "focal-to-bilateral-convulsive-seizures", "CUI": "C0877017"}}, {"entity": "SeizureFrequency", "start_index": "672", "end_index": "708", "text": "cal-to-bilateral-convulsive-seizures", "attributes": {"FrequencyChange": "Infrequent", "CUIPhrase": "focal-to-bilateral-convulsive-seizures", "CUI": "C0877017"}}, {"entity": "SeizureFrequency", "start_index": "1019", "end_index": "1036", "text": "convulsive-seizur", "attributes": {"NumberOfSeizures": "0", "YearDate": "2017", "TimeSince_or_TimeOfEvent": "Since", "CUIPhrase": "convulsive-seizure", "CUI": "C0751494"}}]