[{"entity": "Prescription", "start_index": "310", "end_index": "328", "text": "Zonisamide-50mg-bd", "attributes": {"CUIPhrase": "zonisamide", "Frequency": "2", "CUI": "C0078844", "DrugName": "zonisamide", "DoseUnit": "mg", "DrugDose": "50"}}, {"entity": "Prescription", "start_index": "291", "end_index": "307", "text": "Clobazam-10mg-od", "attributes": {"DrugName": "clobazam", "CUI": "C0055891", "DoseUnit": "mg", "Frequency": "1", "CUIPhrase": "clobazam", "DrugDose": "10"}}, {"entity": "SeizureFrequency", "start_index": "512", "end_index": "520", "text": "absences", "attributes": {"LowerNumberOfSeizures": "2", "UpperNumberOfSeizures": "3", "TimePeriod": "Day", "NumberOfTimePeriods": "1", "TimeSince_or_TimeOfEvent": "During", "CUIPhrase": "absences", "CUI": "C0563606"}}, {"entity": "SeizureFrequency", "start_index": "512", "end_index": "520", "text": "absences", "attributes": {"FrequencyChange": "Frequent", "CUIPhrase": "absences", "CUI": "C0563606"}}, {"entity": "SeizureFrequency", "start_index": "586", "end_index": "617", "text": "generalised-tonic-clonic-seizur", "attributes": {"TimePeriod": "Year", "TimeSince_or_TimeOfEvent": "Since", "CUIPhrase": "generalised", "CUI": "C0494475", "NumberOfSeizures": "0", "NumberOfTimePeriods": "2"}}, {"entity": "Prescription", "start_index": "263", "end_index": "288", "text": "Sodium-valproate-500mg-bd", "attributes": {"CUI": "C0037567", "DrugDose": "500", "CUIPhrase": "sodium-valproate", "Frequency": "2", "DrugName": "sodium-valproate", "DoseUnit": "mg"}}]