[{"entity": "Prescription", "start_index": "231", "end_index": "254", "text": "sodium-valproate-700-mg", "attributes": {"DrugName": "SodiumValproate", "DrugDose": "700", "DoseUnit": "mg", "Frequency": "1", "CUIPhrase": "sodium-valproate", "CUI": "C0037567"}}, {"entity": "Prescription", "start_index": "280", "end_index": "290", "text": "topiramate", "attributes": {"DrugName": "Topiramate", "DrugDose": "100", "DoseUnit": "mg", "Frequency": "2", "CUIPhrase": "topiramate", "CUI": "C0076829"}}, {"entity": "SeizureFrequency", "start_index": "357", "end_index": "365", "text": "seizures", "attributes": {"NumberOfSeizures": "15", "TimePeriod": "Month", "NumberOfTimePeriods": "4", "CUIPhrase": "seizures", "CUI": "C0036572"}}]