[{"entity": "Prescription", "start_index": "169", "end_index": "210", "text": "Medication:-lamotrigine-125mg-twice-a-day", "attributes": {"DrugName": "lamotrigine", "DrugDose": "125", "DoseUnit": "mg", "Frequency": "2", "CUIPhrase": "lamotrigine-HSAddedCUI", "CUI": "C0064636"}}, {"entity": "Prescription", "start_index": "213", "end_index": "240", "text": "Clobazam-10mg-once-at-night", "attributes": {"DrugName": "clobazam", "DrugDose": "10", "DoseUnit": "mg", "Frequency": "1", "CUIPhrase": "clobazam-HSAddedCUI", "CUI": "C0055891"}}]