[{"entity": "SeizureFrequency", "start_index": "132", "end_index": "165", "text": "generalised-tonic-clonic-seizures", "attributes": {"NumberOfSeizures": "1", "PointInTime": "LastClinic", "TimeSince_or_TimeOfEvent": "Since", "CUIPhrase": "generalised-tonic-clonic-seizures", "CUI": "C0494475"}}, {"entity": "SeizureFrequency", "start_index": "196", "end_index": "211", "text": "Myoclonic-jerks", "attributes": {"NumberOfSeizures": "1", "TimePeriod": "Week", "NumberOfTimePeriods": "1", "CUIPhrase": "myoclonic-jerks", "CUI": "C0027066"}}, {"entity": "SeizureFrequency", "start_index": "230", "end_index": "238", "text": "absences", "attributes": {"FrequencyChange": "Infrequent", "CUIPhrase": "absences", "CUI": "C0563606"}}, {"entity": "Prescription", "start_index": "277", "end_index": "298", "text": "lamotrigine-100-mg-BD", "attributes": {"DrugName": "lamotrigine", "DrugDose": "100", "DoseUnit": "mg", "Frequency": "2", "CUIPhrase": "lamotrigine", "CUI": "C0064636"}}, {"entity": "Prescription", "start_index": "299", "end_index": "325", "text": "Sodium-valproate-700-mg-BD", "attributes": {"DrugName": "sodium-valproate", "DrugDose": "700", "DoseUnit": "mg", "Frequency": "2", "CUIPhrase": "sodium-valproate", "CUI": "C0037567"}}, {"entity": "SeizureFrequency", "start_index": "482", "end_index": "491", "text": "-seizures", "attributes": {"FrequencyChange": "Decreased", "PointInTime": "DrugChange", "TimeSince_or_TimeOfEvent": "Since", "CUIPhrase": "seizures", "CUI": "C0036572"}}]