[{"entity": "SeizureFrequency", "start_index": "131", "end_index": "165", "text": "generalised-tonic-clonic-seizures-", "attributes": {"LowerNumberOfSeizures": "1", "UpperNumberOfSeizures": "2", "TimePeriod": "Month", "NumberOfTimePeriods": "1", "CUIPhrase": "generalised-tonic-clonic-seizures", "CUI": "C0494475"}}, {"entity": "SeizureFrequency", "start_index": "184", "end_index": "199", "text": "Myoclonic-jerks", "attributes": {"NumberOfSeizures": "1", "TimePeriod": "Day", "NumberOfTimePeriods": "1", "CUIPhrase": "myoclonic-jerks", "CUI": "C0027066"}}, {"entity": "SeizureFrequency", "start_index": "218", "end_index": "225", "text": "absence", "attributes": {"FrequencyChange": "Infrequent", "CUIPhrase": "absence", "CUI": "C0563606"}}, {"entity": "Prescription", "start_index": "265", "end_index": "286", "text": "lamotrigine-250-mg-BD", "attributes": {"DrugName": "lamotrigine", "DrugDose": "250", "DoseUnit": "mg", "Frequency": "2", "CUIPhrase": "lamotrigine", "CUI": "C0064636"}}, {"entity": "Prescription", "start_index": "287", "end_index": "313", "text": "Sodium-valproate-700-mg-BD", "attributes": {"DrugName": "sodium-valproate", "DrugDose": "700", "DoseUnit": "mg", "Frequency": "2", "CUIPhrase": "sodium-valproate", "CUI": "C0037567"}}, {"entity": "SeizureFrequency", "start_index": "780", "end_index": "796", "text": "myoclonic-jerks-", "attributes": {"FrequencyChange": "Frequent", "CUIPhrase": "myoclonic-jerks", "CUI": "C0027066"}}, {"entity": "SeizureFrequency", "start_index": "856", "end_index": "887", "text": "generalised-tonic-clonic-seizur", "attributes": {"FrequencyChange": "Frequent", "CUIPhrase": "generalised-tonic-clonic-seizures", "CUI": "C0494475"}}, {"entity": "SeizureFrequency", "start_index": "972", "end_index": "1004", "text": "generalised-tonic-clonic-seizure", "attributes": {"LowerNumberOfSeizures": "1", "UpperNumberOfSeizures": "2", "TimePeriod": "Month", "NumberOfTimePeriods": "1", "CUIPhrase": "generalised-tonic-clonic-seizures", "CUI": "C0494475"}}]