[{"entity": "Prescription", "start_index": "308", "end_index": "340", "text": "Brivaracetam--1000mg-twice-daily", "attributes": {"DrugName": "brivaracetam", "DrugDose": "1000", "DoseUnit": "mg", "Frequency": "2", "CUIPhrase": "brivaracetam", "CUI": "C1699861"}}, {"entity": "Prescription", "start_index": "343", "end_index": "363", "text": "Lamotrigine-200mg-bd", "attributes": {"DrugName": "lamotrigine", "DrugDose": "200", "DoseUnit": "mg", "Frequency": "2", "CUIPhrase": "lamotrigine", "CUI": "C0064636"}}, {"entity": "SeizureFrequency", "start_index": "393", "end_index": "431", "text": "focal-to-bilateral-convulsive-seizures", "attributes": {"NumberOfSeizures": "0", "YearDate": "2015", "TimeSince_or_TimeOfEvent": "Since", "CUIPhrase": "focal-to-bilateral-convulsive-seizures", "CUI": "C0877017"}}, {"entity": "SeizureFrequency", "start_index": "449", "end_index": "486", "text": "Focal-seizures-with-altered-awareness", "attributes": {"NumberOfSeizures": "0", "YearDate": "2017", "TimeSince_or_TimeOfEvent": "Since", "CUIPhrase": "focal-seizures-with-altered-awareness", "CUI": "C0270834"}}, {"entity": "SeizureFrequency", "start_index": "909", "end_index": "918", "text": "seizures-", "attributes": {"FrequencyChange": "Infrequent", "CUIPhrase": "seizures", "CUI": "C0036572"}}]