[{"entity": "Prescription", "start_index": "310", "end_index": "359", "text": "\u00b7-Brivaracetam-100mgs-bd-to-increase-to-100mgs-an", "attributes": {"Frequency": "2", "DrugDose": "100", "DoseUnit": "mg", "DrugName": "brivaracetam", "CUI": "C1699861", "CUIPhrase": "brivaracetam"}}, {"entity": "SeizureFrequency", "start_index": "719", "end_index": "740", "text": "tonic-clonic-seizures", "attributes": {"CUIPhrase": "tonic-clonic-seizures", "NumberOfSeizures": "1", "TimePeriod": "Week", "NumberOfTimePeriods": "1", "CUI": "C0494475"}}, {"entity": "SeizureFrequency", "start_index": "673", "end_index": "681", "text": "seizures", "attributes": {"CUIPhrase": "seizures", "CUI": "C0036572", "NumberOfSeizures": "1", "NumberOfTimePeriods": "1", "TimePeriod": "Week"}}, {"entity": "Prescription", "start_index": "287", "end_index": "309", "text": "\u00b7-Zonisamide-250mgs-bd", "attributes": {"Frequency": "2", "CUI": "C0078844", "DoseUnit": "mg", "DrugDose": "250", "CUIPhrase": "zonisamide", "DrugName": "zonisamide"}}, {"entity": "SeizureFrequency", "start_index": "638", "end_index": "645", "text": "seizure", "attributes": {"FrequencyChange": "Increased", "CUIPhrase": "seizure", "CUI": "C0036572"}}]