[{"entity": "Prescription", "start_index": "197", "end_index": "264", "text": "Levetiracetam-750mg-bd-(To-change-to-lamotrigine-as-detailed-below)", "attributes": {"DoseUnit": "mg", "CUIPhrase": "levetiracetam", "DrugDose": "750", "Frequency": "2", "CUI": "C0377265", "DrugName": "levetiracetam"}}, {"entity": "SeizureFrequency", "start_index": "447", "end_index": "455", "text": "seizures", "attributes": {"NumberOfSeizures": "0", "CUI": "C0036572", "CUIPhrase": "seizures", "PointInTime": "LastClinic"}}, {"entity": "SeizureFrequency", "start_index": "295", "end_index": "325", "text": "Focal-onset-convulsive-seizure", "attributes": {"YearDate": "2019", "NumberOfSeizures": "0", "MonthDate": "4", "CUI": "C0877017", "CUIPhrase": "focal-to-bilateral-convulsive-seizure"}}]