[{"entity": "Prescription", "start_index": "158", "end_index": "172", "text": "Eslicarbazine-", "attributes": {"DrugName": "EslicarbazepineAcetate", "DrugDose": "800", "DoseUnit": "mg", "Frequency": "1", "CUIPhrase": "eslicarbazepine", "CUI": "C2725260"}}, {"entity": "Prescription", "start_index": "183", "end_index": "202", "text": "Zonisamide-100mg-bd", "attributes": {"DrugName": "zonisamide", "DrugDose": "100", "DoseUnit": "mg", "Frequency": "2", "CUIPhrase": "zonisamide", "CUI": "C0078844"}}, {"entity": "SeizureFrequency", "start_index": "723", "end_index": "736", "text": "seizures-free", "attributes": {"NumberOfSeizures": "0", "TimePeriod": "Month", "NumberOfTimePeriods": "6", "CUIPhrase": "seizure-free", "CUI": "C1299590"}}]