[{"entity": "Prescription", "start_index": "1656", "end_index": "1699", "text": "Continue-Sodium-Valproate-400mg-twice-daily", "attributes": {"DrugDose": "400", "DoseUnit": "mg", "CUI": "C0037567", "Frequency": "2", "DrugName": "sodium-valproate", "CUIPhrase": "sodium-valproate"}}, {"entity": "SeizureFrequency", "start_index": "766", "end_index": "797", "text": "she-has-had-no-further-seizures", "attributes": {"PointInTime": "DrugChange", "NumberOfSeizures": "0", "CUI": "C0036572", "CUIPhrase": "seizures", "TimeSince_or_TimeOfEvent": "Since"}}]