[{"entity": "Prescription", "start_index": "207", "end_index": "230", "text": "Levetiracetam-1750mg-bd", "attributes": {"DoseUnit": "mg", "CUI": "C0377265", "DrugName": "levetiracetam", "CUIPhrase": "levetiracetam", "Frequency": "2", "DrugDose": "1750"}}, {"entity": "SeizureFrequency", "start_index": "391", "end_index": "399", "text": "seizures", "attributes": {"CUI": "C0036572", "UpperNumberOfTimePeriods": "2", "TimePeriod": "Week", "NumberOfSeizures": "1", "CUIPhrase": "seizures", "LowerNumberOfTimePeriods": "1"}}, {"entity": "Prescription", "start_index": "181", "end_index": "191", "text": "Perampanel", "attributes": {"DrugDose": "8", "Frequency": "1", "DrugName": "Perampanel", "CUI": "C2698764", "DoseUnit": "mg", "CUIPhrase": "perampanel"}}]