[{"entity": "Prescription", "start_index": "327", "end_index": "335", "text": "Lamictal", "attributes": {"DrugName": "Lamotrigine", "DrugDose": "150", "DoseUnit": "mg", "Frequency": "2", "CUIPhrase": "lamictal", "CUI": "C0678180"}}, {"entity": "Prescription", "start_index": "349", "end_index": "362", "text": "levitiracetam", "attributes": {"DrugName": "Levetiracetam", "DrugDose": "1250", "DoseUnit": "mg", "Frequency": "2", "CUIPhrase": "levetiracetam", "CUI": "C0377265"}}, {"entity": "SeizureFrequency", "start_index": "426", "end_index": "445", "text": "helped-her-seizures", "attributes": {"FrequencyChange": "Same", "PointInTime": "DrugChange", "TimeSince_or_TimeOfEvent": "Since", "CUIPhrase": "seizures", "CUI": "C0036572"}}]