[{"entity": "SeizureFrequency", "start_index": "387", "end_index": "395", "text": "seizures", "attributes": {"MonthDate": "2", "CUIPhrase": "seizures", "NumberOfSeizures": "0", "TimeSince_or_TimeOfEvent": "Since", "CUI": "C0036572", "DayDate": "6"}}, {"entity": "Prescription", "start_index": "141", "end_index": "184", "text": "Current-medication:-------Lamictal-100mg-BD", "attributes": {"DrugDose": "100", "CUIPhrase": "lamictal", "CUI": "C0678180", "DrugName": "lamictal", "Frequency": "2", "DoseUnit": "mg"}}]