[{"entity": "SeizureFrequency", "start_index": "909", "end_index": "915", "text": "absenc", "attributes": {"NumberOfTimePeriods": "1", "CUIPhrase": "absence", "TimePeriod": "Week", "CUI": "C0563606", "NumberOfSeizures": "1"}}, {"entity": "SeizureFrequency", "start_index": "821", "end_index": "853", "text": "generalised-tonic-clonic-seizure", "attributes": {"NumberOfSeizures": "0", "CUIPhrase": "generalised-tonic-clonic-seizure", "NumberOfTimePeriods": "3", "CUI": "C0494475", "TimePeriod": "Year"}}, {"entity": "Prescription", "start_index": "124", "end_index": "197", "text": "Medication:-sodium-valproate-500-milligrammes-mane-700-milligrammes-nocte", "attributes": {"DoseUnit": "mg", "CUI": "C0037567", "DrugDose": "500", "DrugName": "sodium-valproate", "Frequency": "1", "CUIPhrase": "sodium-valproate"}}, {"entity": "Prescription", "start_index": "199", "end_index": "217", "text": "Zonisamide-50mg-bd", "attributes": {"CUIPhrase": "zonisamide", "Frequency": "2", "CUI": "C0078844", "DrugDose": "50", "DoseUnit": "mg", "DrugName": "zonisamide"}}, {"entity": "Prescription", "start_index": "136", "end_index": "152", "text": "sodium-valproate", "attributes": {"DrugDose": "700", "Frequency": "1", "CUIPhrase": "sodium-valproate", "DoseUnit": "mg", "DrugName": "SodiumValproate", "CUI": "C0037567"}}]