[{"entity": "Prescription", "start_index": "975", "end_index": "988", "text": "levetiraetam-", "attributes": {"CUIPhrase": "levetiracetam", "DrugDose": "1250", "CUI": "C0377265", "DrugName": "Levetiracetam", "Frequency": "2", "DoseUnit": "mg"}}, {"entity": "SeizureFrequency", "start_index": "774", "end_index": "806", "text": "generalised-tonic-clonic-seizure", "attributes": {"CUI": "C0494475", "TimeSince_or_TimeOfEvent": "During", "NumberOfSeizures": "15", "CUIPhrase": "generalised-tonic-clonic-seizure", "PointInTime": "Last_Year"}}]