[{"entity": "Prescription", "start_index": "163", "end_index": "186", "text": "Levetiracetam-1500mg-bd", "attributes": {"DrugName": "levetiracetam", "DrugDose": "1500", "DoseUnit": "mg", "Frequency": "2", "CUIPhrase": "levetiracetam", "CUI": "C0377265"}}, {"entity": "Prescription", "start_index": "191", "end_index": "209", "text": "Phenytoin-350mg-od", "attributes": {"DrugName": "phenytoin", "DrugDose": "350", "DoseUnit": "mg", "Frequency": "1", "CUIPhrase": "phenytoin", "CUI": "C0031507"}}, {"entity": "Prescription", "start_index": "214", "end_index": "233", "text": "Zonisamide-200mg-bd", "attributes": {"DrugName": "zonisamide", "DrugDose": "200", "DoseUnit": "mg", "Frequency": "2", "CUIPhrase": "zonisamide", "CUI": "C0078844"}}, {"entity": "Prescription", "start_index": "238", "end_index": "249", "text": "Perampanel-", "attributes": {"DrugName": "Perampanel", "DrugDose": "8", "DoseUnit": "mg", "Frequency": "1", "CUIPhrase": "perampanel", "CUI": "C2698764"}}, {"entity": "Prescription", "start_index": "260", "end_index": "270", "text": "Midazolam-", "attributes": {"DrugName": "Midazolam", "Frequency": "As_Required", "CUIPhrase": "midazolam", "CUI": "C0026056"}}, {"entity": "SeizureFrequency", "start_index": "482", "end_index": "499", "text": "frequent-seizures", "attributes": {"FrequencyChange": "Frequent", "CUIPhrase": "seizures", "CUI": "C0036572"}}, {"entity": "SeizureFrequency", "start_index": "886", "end_index": "923", "text": "focal-to-bilateral-convulsive-seizure", "attributes": {"LowerNumberOfSeizures": "0", "UpperNumberOfSeizures": "3", "TimePeriod": "Month", "NumberOfTimePeriods": "1", "CUIPhrase": "focal-to-bilateral-convulsive-seizure", "CUI": "C0877017"}}]