[{"entity": "Prescription", "start_index": "166", "end_index": "182", "text": "Sodium-valproate", "attributes": {"DrugDose": "400", "DoseUnit": "mg", "Frequency": "2", "DrugName": "SodiumValproate", "CUI": "C0037567", "CUIPhrase": "sodium-valproate"}}, {"entity": "SeizureFrequency", "start_index": "238", "end_index": "250", "text": "seizrue-free", "attributes": {"CUI": "C1299590", "CUIPhrase": "seizure", "FrequencyChange": "Same", "NumberOfSeizures": "0"}}, {"entity": "SeizureFrequency", "start_index": "279", "end_index": "286", "text": "seizure", "attributes": {"TimeSince_or_TimeOfEvent": "Since", "CUIPhrase": "seizure", "YearDate": "2015", "CUI": "C0036572", "NumberOfSeizures": "0", "MonthDate": "11"}}, {"entity": "SeizureFrequency", "start_index": "547", "end_index": "560", "text": "seizures-free", "attributes": {"NumberOfSeizures": "0", "CUIPhrase": "seizure", "CUI": "C1299590"}}]