[{"entity": "SeizureFrequency", "start_index": "206", "end_index": "218", "text": "seizure-free", "attributes": {"TimeSince_or_TimeOfEvent": "Since", "CUI": "C1299590", "CUIPhrase": "seizure-free", "NumberOfSeizures": "0", "MonthDate": "7"}}, {"entity": "Prescription", "start_index": "93", "end_index": "128", "text": "Medication:-Levetiracetam-1250mg-BD", "attributes": {"CUIPhrase": "levetiracetam", "DoseUnit": "mg", "DrugDose": "1250", "Frequency": "2", "DrugName": "levetiracetam", "CUI": "C0377265"}}, {"entity": "Prescription", "start_index": "130", "end_index": "148", "text": "Topiramate-75mg-BD", "attributes": {"DrugDose": "75", "CUI": "C0076829", "CUIPhrase": "topiramate", "DoseUnit": "mg", "DrugName": "topiramate", "Frequency": "2"}}]