[{"entity": "SeizureFrequency", "start_index": "632", "end_index": "653", "text": "tonic-clonic-seizures", "attributes": {"NumberOfTimePeriods": "2", "CUIPhrase": "tonic-clonic-seizures", "CUI": "C0494475", "FrequencyChange": "Frequent", "TimePeriod": "Year"}}, {"entity": "SeizureFrequency", "start_index": "833", "end_index": "842", "text": "absences-", "attributes": {"CUI": "C0563606", "NumberOfSeizures": "1", "NumberOfTimePeriods": "1", "TimePeriod": "Week", "CUIPhrase": "absences"}}, {"entity": "Prescription", "start_index": "158", "end_index": "172", "text": "Levetiracetam-", "attributes": {"DrugDose": "250", "CUIPhrase": "levetiracetam", "Frequency": "2", "DrugName": "Levetiracetam", "DoseUnit": "mg", "CUI": "C0377265"}}, {"entity": "SeizureFrequency", "start_index": "764", "end_index": "772", "text": "seizure-", "attributes": {"TimeSince_or_TimeOfEvent": "Since", "PointInTime": "DrugChange", "FrequencyChange": "Decreased", "CUIPhrase": "seizure", "CUI": "C0036572"}}, {"entity": "Prescription", "start_index": "120", "end_index": "131", "text": "Lamotrigine", "attributes": {"CUI": "C0064636", "DrugName": "Lamotrigine", "CUIPhrase": "lamotrigine", "DoseUnit": "mg", "Frequency": "1", "DrugDose": "100"}}, {"entity": "SeizureFrequency", "start_index": "633", "end_index": "651", "text": "onic-clonic-seizur", "attributes": {"NumberOfSeizures": "1", "TimePeriod": "Month", "NumberOfTimePeriods": "2", "CUIPhrase": "tonic-clonic-seizure", "CUI": "C0494475"}}]