[{"entity": "SeizureFrequency", "start_index": "1074", "end_index": "1105", "text": "(secondary-generalised-seizures", "attributes": {"DiagCategory": "MultipleSeizures", "Certainty": "4", "Negation": "Affirmed", "NumberOfSeizures": "0", "PointInTime": "Surgery", "TimeSince_or_TimeOfEvent": "Since", "CUIPhrase": "secondary-generalised-seizures", "CUI": "C0270838"}}, {"entity": "Prescription", "start_index": "378", "end_index": "392", "text": "Levetiracetam-", "attributes": {"DoseUnit": "mg", "Frequency": "2", "CUI": "C0377265", "CUIPhrase": "levetiracetam", "DrugName": "Levetiracetam", "DrugDose": "1500"}}, {"entity": "SeizureFrequency", "start_index": "252", "end_index": "275", "text": "Complex-partial-seizure", "attributes": {"TimePeriod": "Month", "CUI": "C0149958", "CUIPhrase": "complex-partial-seizure", "NumberOfTimePeriods": "1", "NumberOfSeizures": "3"}}, {"entity": "SeizureFrequency", "start_index": "300", "end_index": "329", "text": "Secondary-generalised-seizure", "attributes": {"MonthDate": "10", "CUI": "C0270838", "NumberOfSeizures": "0", "CUIPhrase": "secondary-generalised-seizure", "TimeSince_or_TimeOfEvent": "Since", "YearDate": "2012"}}]