[{"entity": "Prescription", "start_index": "199", "end_index": "213", "text": "Levetiracetam-", "attributes": {"CUI": "C0377265", "CUIPhrase": "levetiracetam", "Frequency": "2", "DrugName": "Levetiracetam", "DrugDose": "1750", "DoseUnit": "mg"}}, {"entity": "SeizureFrequency", "start_index": "416", "end_index": "435", "text": "cluster-of-seizures", "attributes": {"NumberOfSeizures": "1", "TimePeriod": "Month", "NumberOfTimePeriods": "6", "TimeSince_or_TimeOfEvent": "During", "CUIPhrase": "cluster-of-seizures", "CUI": "C3203523"}}, {"entity": "Prescription", "start_index": "171", "end_index": "195", "text": "Eslicarbazepine-800mg-od", "attributes": {"DoseUnit": "mg", "DrugName": "eslicarbazepine", "CUI": "C2725260", "Frequency": "1", "DrugDose": "800", "CUIPhrase": "eslicarbazepine"}}, {"entity": "Prescription", "start_index": "226", "end_index": "242", "text": "Clobazam-10mg-od", "attributes": {"DoseUnit": "mg", "CUIPhrase": "clobazam", "DrugDose": "10", "DrugName": "clobazam", "Frequency": "1", "CUI": "C0055891"}}]