[{"entity": "SeizureFrequency", "start_index": "365", "end_index": "373", "text": "seizures", "attributes": {"CUI": "C0036572", "TimePeriod": "Month", "NumberOfTimePeriods": "5", "NumberOfSeizures": "2", "CUIPhrase": "seizures"}}, {"entity": "SeizureFrequency", "start_index": "322", "end_index": "330", "text": "seizures", "attributes": {"PointInTime": "DrugChange", "CUIPhrase": "seizures", "TimeSince_or_TimeOfEvent": "Since", "FrequencyChange": "Decreased", "CUI": "C0036572"}}, {"entity": "Prescription", "start_index": "151", "end_index": "160", "text": "Tegretaol", "attributes": {"DrugDose": "300", "CUIPhrase": "tegretol", "Frequency": "1", "DrugName": "Carbamazepine", "DoseUnit": "mg", "CUI": "C0700087"}}, {"entity": "Prescription", "start_index": "151", "end_index": "160", "text": "Tegretaol", "attributes": {"CUI": "C0700087", "DrugDose": "200", "Frequency": "1", "DrugName": "Carbamazepine", "CUIPhrase": "tegretol", "DoseUnit": "mg"}}, {"entity": "Prescription", "start_index": "77", "end_index": "121", "text": "Medicaiton:-Levetiracetam-1000mg-twice-a-day", "attributes": {"DrugName": "levetiracetam", "CUIPhrase": "levetiracetam", "Frequency": "2", "DrugDose": "1000", "CUI": "C0377265", "DoseUnit": "mg"}}]