[{"entity": "Prescription", "start_index": "150", "end_index": "155", "text": "Eplim", "attributes": {"DrugName": "SodiumValproate", "DrugDose": "200", "DoseUnit": "mg", "Frequency": "2", "CUIPhrase": "epilim", "CUI": "C0591451"}}, {"entity": "SeizureFrequency", "start_index": "405", "end_index": "417", "text": "seizure-free", "attributes": {"NumberOfSeizures": "0", "TimePeriod": "Year", "NumberOfTimePeriods": "5", "CUIPhrase": "seizure-free", "CUI": "C1299590"}}, {"entity": "Prescription", "start_index": "555", "end_index": "571", "text": "sodium-valproate", "attributes": {"DrugName": "SodiumValproate", "DrugDose": "200", "DoseUnit": "mg", "Frequency": "2", "CUIPhrase": "sodium-valproate", "CUI": "C0037567"}}]