[{"entity": "Prescription", "start_index": "251", "end_index": "280", "text": "Lamotrigine-200mg-twice-a-day", "attributes": {"DrugName": "lamotrigine", "CUI": "C0064636", "Frequency": "2", "DoseUnit": "mg", "DrugDose": "200", "CUIPhrase": "lamotrigine"}}, {"entity": "Prescription", "start_index": "284", "end_index": "312", "text": "Zonisamide-100mg-twice-a-day", "attributes": {"CUIPhrase": "zonisamide", "DoseUnit": "mg", "CUI": "C0078844", "Frequency": "2", "DrugDose": "100", "DrugName": "zonisamide"}}, {"entity": "SeizureFrequency", "start_index": "479", "end_index": "516", "text": "Focal-to-bilateral-convulsive-seizure", "attributes": {"YearDate": "2013", "TimeSince_or_TimeOfEvent": "Since", "CUIPhrase": "focal-to-bilateral-convulsive-seizures", "NumberOfSeizures": "0", "CUI": "C0877017"}}, {"entity": "SeizureFrequency", "start_index": "418", "end_index": "453", "text": "Focal-seizures-with-altered-awarens", "attributes": {"NumberOfTimePeriods": "1", "TimePeriod": "Month", "CUI": "C0270834", "NumberOfSeizures": "2", "CUIPhrase": "focal-seizures-with-altered-awareness"}}]