[{"entity": "SeizureFrequency", "start_index": "431", "end_index": "469", "text": "Focal-to-bilateral-convulsive-seizures", "attributes": {"CUI": "C0877017", "CUIPhrase": "focal", "DayDate": "23", "NumberOfSeizures": "0", "YearDate": "2019", "TimeSince_or_TimeOfEvent": "Since", "MonthDate": "5"}}, {"entity": "SeizureFrequency", "start_index": "758", "end_index": "772", "text": "focal-seizures", "attributes": {"FrequencyChange": "Frequent", "CUI": "C0751495", "CUIPhrase": "focal"}}, {"entity": "Prescription", "start_index": "153", "end_index": "169", "text": "Sodium-valproate", "attributes": {"CUI": "C0037567", "DrugDose": "1000", "Frequency": "2", "DrugName": "SodiumValproate", "CUIPhrase": "sodium-valproate", "DoseUnit": "mg"}}, {"entity": "Prescription", "start_index": "238", "end_index": "252", "text": "Briviteracetam", "attributes": {"DrugDose": "50", "CUIPhrase": "brivaracetam", "DoseUnit": "mg", "CUI": "C1699861", "Frequency": "2", "DrugName": "brivaracetam"}}, {"entity": "SeizureFrequency", "start_index": "342", "end_index": "369", "text": "Focal-dyscognitive-seizures", "attributes": {"TimePeriod": "Week", "CUIPhrase": "Dyscognitive", "UpperNumberOfSeizures": "3", "LowerNumberOfSeizures": "2", "NumberOfTimePeriods": "1", "CUI": "C0270834"}}, {"entity": "SeizureFrequency", "start_index": "1402", "end_index": "1411", "text": "seizures-", "attributes": {"CUIPhrase": "seizures", "FrequencyChange": "Frequent", "CUI": "C0036572"}}, {"entity": "SeizureFrequency", "start_index": "431", "end_index": "469", "text": "Focal-to-bilateral-convulsive-seizures", "attributes": {"TimePeriod": "Year", "CUI": "C0877017", "LowerNumberOfSeizures": "1", "CUIPhrase": "focal", "UpperNumberOfSeizures": "2", "NumberOfTimePeriods": "1"}}]