[{"entity": "Prescription", "start_index": "390", "end_index": "406", "text": "sodium-valproate", "attributes": {"DrugName": "SodiumValproate", "DrugDose": "500", "DoseUnit": "mg", "Frequency": "1", "CUIPhrase": "sodium-valproate", "CUI": "C0037567"}}, {"entity": "SeizureFrequency", "start_index": "433", "end_index": "434", "text": "s", "attributes": {"FrequencyChange": "Infrequent", "PointInTime": "DrugChange", "TimeSince_or_TimeOfEvent": "Since", "CUIPhrase": "seizures", "CUI": "C0036572"}}, {"entity": "SeizureFrequency", "start_index": "581", "end_index": "600", "text": "cluster-of-seizures", "attributes": {"NumberOfSeizures": "1", "MonthDate": "2", "TimeSince_or_TimeOfEvent": "During", "CUIPhrase": "cluster-of-seizures", "CUI": "C3203523"}}]