[{"entity": "Prescription", "start_index": "35", "end_index": "79", "text": "Medication:-carbamazepine-400mgs-twice-a-day", "attributes": {"Frequency": "2", "CUIPhrase": "carbamazepine", "DrugDose": "400", "CUI": "C0006949", "DoseUnit": "mg", "DrugName": "carbamazepine"}}, {"entity": "SeizureFrequency", "start_index": "181", "end_index": "193", "text": "seizure-free", "attributes": {"NumberOfSeizures": "0", "PointInTime": "LastClinic", "TimeSince_or_TimeOfEvent": "Since", "CUIPhrase": "seizure-free", "CUI": "C1299590"}}]