[{"entity": "Prescription", "start_index": "104", "end_index": "117", "text": "Levetiracetam", "attributes": {"DrugDose": "1500", "DoseUnit": "mg", "CUIPhrase": "levetiracetam", "Frequency": "2", "CUI": "C0377265", "DrugName": "Levetiracetam"}}, {"entity": "SeizureFrequency", "start_index": "349", "end_index": "357", "text": "seizures", "attributes": {"CUI": "C0036572", "FrequencyChange": "Increased", "CUIPhrase": "seizures"}}, {"entity": "Prescription", "start_index": "84", "end_index": "94", "text": "Zonisamide", "attributes": {"DrugName": "Zonisamide", "DrugDose": "100", "CUIPhrase": "zonisamide", "DoseUnit": "mg", "CUI": "C0078844", "Frequency": "2"}}]