[{"entity": "SeizureFrequency", "start_index": "335", "end_index": "372", "text": "Focal-to-bilateral-convulsive-seizure", "attributes": {"TimePeriod": "Month", "NumberOfSeizures": "1", "CUI": "C0877017", "CUIPhrase": "focal-to-bilateral-convulsive-seizure", "NumberOfTimePeriods": "2"}}, {"entity": "SeizureFrequency", "start_index": "573", "end_index": "581", "text": "seizure-", "attributes": {"FrequencyChange": "Same", "CUIPhrase": "seizure", "CUI": "C0036572"}}, {"entity": "Prescription", "start_index": "189", "end_index": "245", "text": "eslicarbazepine-800mg-od-(to-increase-as-detailed-below)", "attributes": {"CUI": "C2725260", "Frequency": "1", "DrugDose": "800", "DrugName": "eslicarbazepine", "CUIPhrase": "eslicarbazepine", "DoseUnit": "mg"}}, {"entity": "SeizureFrequency", "start_index": "632", "end_index": "650", "text": "convulsive-seizure", "attributes": {"NumberOfTimePeriods": "2", "CUIPhrase": "convulsive-seizure", "NumberOfSeizures": "1", "CUI": "C0751494", "TimePeriod": "Month"}}]