[{"entity": "SeizureFrequency", "start_index": "574", "end_index": "583", "text": "seizures-", "attributes": {"LowerNumberOfSeizures": "1", "UpperNumberOfSeizures": "2", "TimePeriod": "Month", "NumberOfTimePeriods": "1", "CUIPhrase": "seizures", "CUI": "C0036572"}}, {"entity": "SeizureFrequency", "start_index": "636", "end_index": "643", "text": "cluster", "attributes": {"NumberOfSeizures": "1", "PointInTime": "Last_Month", "TimeSince_or_TimeOfEvent": "During", "CUIPhrase": "seizure-cluster", "CUI": "C3203523"}}, {"entity": "Prescription", "start_index": "1660", "end_index": "1676", "text": "Sodium-Valproate", "attributes": {"DrugName": "SodiumValproate", "DrugDose": "400", "DoseUnit": "mg", "Frequency": "2", "CUIPhrase": "sodium-valproate", "CUI": "C0037567"}}]