[{"entity": "SeizureFrequency", "start_index": "214", "end_index": "221", "text": "seizure", "attributes": {"CUIPhrase": "seizure", "FrequencyChange": "Same", "CUI": "C0036572"}}, {"entity": "Prescription", "start_index": "409", "end_index": "421", "text": "Eplim-Chrono", "attributes": {"DrugDose": "1000", "DoseUnit": "mg", "DrugName": "SodiumValproate", "CUI": "C0591452", "CUIPhrase": "epilim-chrono", "Frequency": "2"}}, {"entity": "SeizureFrequency", "start_index": "266", "end_index": "289", "text": "generalised-convulsions", "attributes": {"NumberOfSeizures": "0", "TimePeriod": "Year", "NumberOfTimePeriods": "3", "CUI": "C0234533", "CUIPhrase": "generalised-convulsions"}}, {"entity": "SeizureFrequency", "start_index": "497", "end_index": "516", "text": "generalised-seizure", "attributes": {"CUI": "C0234533", "TimePeriod": "Year", "CUIPhrase": "generalised-seizure", "NumberOfTimePeriods": "5", "NumberOfSeizures": "0"}}]