[{"entity": "SeizureFrequency", "start_index": "1060", "end_index": "1096", "text": "focal-to-bilateral-convulsive-seizur", "attributes": {"YearDate": "2017", "NumberOfSeizures": "1", "TimeSince_or_TimeOfEvent": "During", "CUIPhrase": "focal-to-bilateral-convulsive-seizure", "MonthDate": "5", "CUI": "C0877017"}}, {"entity": "SeizureFrequency", "start_index": "352", "end_index": "358", "text": "seizur", "attributes": {"CUI": "C0036572", "CUIPhrase": "seizure", "TimeSince_or_TimeOfEvent": "During", "NumberOfSeizures": "1", "PointInTime": "Last_Month"}}, {"entity": "Prescription", "start_index": "1370", "end_index": "1421", "text": "He-is-currently-taking-lamotrigine-75mg-twice-a-day", "attributes": {"CUIPhrase": "lamotrigine", "DoseUnit": "mg", "CUI": "C0064636", "Frequency": "2", "DrugDose": "75", "DrugName": "lamotrigine"}}, {"entity": "SeizureFrequency", "start_index": "851", "end_index": "871", "text": "focal-motor-seizures", "attributes": {"NumberOfSeizures": "0", "NumberOfTimePeriods": "10", "TimePeriod": "Month", "CUIPhrase": "focal", "CUI": "C0016399"}}]