[{"entity": "Prescription", "start_index": "82", "end_index": "92", "text": "Topiramate", "attributes": {"DoseUnit": "mg", "CUIPhrase": "topiramate", "CUI": "C0076829", "DrugDose": "150", "Frequency": "2", "DrugName": "top"}}, {"entity": "SeizureFrequency", "start_index": "429", "end_index": "458", "text": "Bilateral-convulsive-seizures", "attributes": {"DayDate": "3", "MonthDate": "6", "NumberOfSeizures": "0", "TimeSince_or_TimeOfEvent": "Since", "YearDate": "2007"}}, {"entity": "Prescription", "start_index": "192", "end_index": "203", "text": "Lamotrigine", "attributes": {"DoseUnit": "mg", "CUIPhrase": "lamotrigine", "CUI": "C0064636", "DrugDose": "25", "DrugName": "Lamotrigine", "Frequency": "1"}}]