[{"entity": "Prescription", "start_index": "265", "end_index": "287", "text": "Levetiracetam-500mg-bd", "attributes": {"DrugName": "levetiracetam", "DrugDose": "500", "DoseUnit": "mg", "Frequency": "2", "CUIPhrase": "levetiracetam", "CUI": "C0377265"}}, {"entity": "Prescription", "start_index": "293", "end_index": "315", "text": "Carbamazepine-300mg-bd", "attributes": {"DrugName": "carbamazepine", "DrugDose": "300", "DoseUnit": "mg", "Frequency": "2", "CUIPhrase": "carbamazepine", "CUI": "C0006949"}}, {"entity": "SeizureFrequency", "start_index": "694", "end_index": "702", "text": "seizure-", "attributes": {"NumberOfSeizures": "1", "MonthDate": "12", "TimeSince_or_TimeOfEvent": "During", "CUIPhrase": "seizure", "CUI": "C0036572"}}, {"entity": "SeizureFrequency", "start_index": "736", "end_index": "745", "text": "seizures-", "attributes": {"LowerNumberOfSeizures": "2", "UpperNumberOfSeizures": "3", "TimePeriod": "Month", "NumberOfTimePeriods": "1", "CUIPhrase": "seizures", "CUI": "C0036572"}}, {"entity": "SeizureFrequency", "start_index": "1322", "end_index": "1330", "text": "seizures", "attributes": {"FrequencyChange": "Increased", "CUIPhrase": "seizures", "CUI": "C0036572"}}]