[{"entity": "SeizureFrequency", "start_index": "248", "end_index": "257", "text": "seizures-", "attributes": {"NumberOfTimePeriods": "2", "TimePeriod": "Day", "CUIPhrase": "seizures", "LowerNumberOfSeizures": "10", "UpperNumberOfSeizures": "15", "CUI": "C0036572"}}, {"entity": "SeizureFrequency", "start_index": "168", "end_index": "194", "text": "ocal-dyscognitive-seizures", "attributes": {"FrequencyChange": "Frequent", "CUIPhrase": "dyscognitive-seizures", "CUI": "C0270834"}}, {"entity": "Prescription", "start_index": "547", "end_index": "558", "text": "lamotrigine", "attributes": {"Frequency": "2", "DrugName": "Lamotrigine", "DrugDose": "150", "DoseUnit": "mg", "CUI": "C0064636", "CUIPhrase": "lamotrigine"}}]