[{"entity": "SeizureFrequency", "start_index": "175", "end_index": "212", "text": "focal-seizures-with-altered-awareness", "attributes": {"Negation": "Affirmed", "TimeSince_or_TimeOfEvent": "Since", "CUI": "C0270834", "NumberOfSeizures": "0", "YearDate": "2018", "Certainty": "5", "CUIPhrase": "focal-seizures-with-altered-awareness"}}, {"entity": "SeizureFrequency", "start_index": "240", "end_index": "278", "text": "focal-to-bilateral-convulsive-seizures", "attributes": {"YearDate": "2018", "NumberOfSeizures": "0", "CUIPhrase": "focal", "TimeSince_or_TimeOfEvent": "Since", "CUI": "C0877017"}}, {"entity": "Prescription", "start_index": "91", "end_index": "144", "text": "Current-anti-seizure-medication:-lamotrigine-200mg-bd", "attributes": {"Frequency": "2", "DoseUnit": "mg", "DrugDose": "200", "CUIPhrase": "lamotrigine", "DrugName": "lamotrigine", "CUI": "C0064636"}}, {"entity": "SeizureFrequency", "start_index": "756", "end_index": "768", "text": "seizure-free", "attributes": {"NumberOfSeizures": "0", "TimeSince_or_TimeOfEvent": "Since", "PointInTime": "Surgery", "CUIPhrase": "seizure", "CUI": "C1299590"}}]