[{"entity": "SeizureFrequency", "start_index": "168", "end_index": "187", "text": "Focal-motor-seizure", "attributes": {"CUI": "C0016399", "UpperNumberOfSeizures": "3", "LowerNumberOfSeizures": "2", "TimePeriod": "Month", "NumberOfTimePeriods": "1", "CUIPhrase": "focal-motor-seizures"}}, {"entity": "Prescription", "start_index": "408", "end_index": "433", "text": "Sodium-Valproate-500mg-bd", "attributes": {"Frequency": "2", "DrugName": "sodium-valproate", "CUIPhrase": "sodium-valproate", "CUI": "C0037567", "DoseUnit": "mg", "DrugDose": "500"}}, {"entity": "Prescription", "start_index": "383", "end_index": "405", "text": "Carbamazepine-400mg-bd", "attributes": {"Frequency": "2", "CUIPhrase": "carbamazepine", "DoseUnit": "mg", "DrugName": "carbamazepine", "DrugDose": "400", "CUI": "C0006949"}}, {"entity": "SeizureFrequency", "start_index": "223", "end_index": "260", "text": "Focal-to-bilateral-convulsive-seizure", "attributes": {"CUI": "C0877017", "CUIPhrase": "focal-to-bilateral-convulsive-seizures", "NumberOfSeizures": "0", "TimeSince_or_TimeOfEvent": "Since", "YearDate": "2015"}}]