[{"entity": "Prescription", "start_index": "258", "end_index": "271", "text": "Levetiracetam", "attributes": {"DrugName": "Levetiracetam", "DrugDose": "1", "DoseUnit": "g", "Frequency": "1", "CUIPhrase": "levetiracetam", "CUI": "C0377265"}}, {"entity": "Prescription", "start_index": "258", "end_index": "272", "text": "Levetiracetam-", "attributes": {"DrugName": "Levetiracetam", "DrugDose": "750", "DoseUnit": "mg", "Frequency": "1", "CUIPhrase": "levetiracetam", "CUI": "C0377265"}}, {"entity": "Prescription", "start_index": "312", "end_index": "324", "text": "Lamotrigine-", "attributes": {"DrugName": "Lamotrigine", "DrugDose": "75", "DoseUnit": "mg", "Frequency": "2", "CUIPhrase": "lamotrigine", "CUI": "C0064636"}}, {"entity": "SeizureFrequency", "start_index": "373", "end_index": "406", "text": "generalised-tonic-clonic-seizures", "attributes": {"NumberOfSeizures": "4", "MonthDate": "10", "TimeSince_or_TimeOfEvent": "Since", "CUIPhrase": "generalised-tonic-clonic-seizures", "CUI": "C0494475"}}]