[{"entity": "Prescription", "start_index": "224", "end_index": "241", "text": "Sodium-Valproate-", "attributes": {"CUIPhrase": "sodium-valproate", "Frequency": "1", "DoseUnit": "mg", "CUI": "C0037567", "DrugDose": "800", "DrugName": "SodiumValproate"}}, {"entity": "Prescription", "start_index": "224", "end_index": "240", "text": "Sodium-Valproate", "attributes": {"CUIPhrase": "sodium-valproate", "DrugName": "SodiumValproate", "DrugDose": "700", "Frequency": "1", "CUI": "C0037567", "DoseUnit": "mg"}}]