[{"entity": "Prescription", "start_index": "293", "end_index": "308", "text": "Clobazam-5mg-bd", "attributes": {"Frequency": "2", "DrugName": "clobazam", "CUIPhrase": "clobazam", "DoseUnit": "mg", "DrugDose": "5", "CUI": "C0055891"}}, {"entity": "Prescription", "start_index": "267", "end_index": "282", "text": "Brivetiracetam-", "attributes": {"DrugName": "Perampanel", "DoseUnit": "mg", "CUIPhrase": "brivaracetam", "CUI": "C1699861", "DrugDose": "50", "Frequency": "2"}}, {"entity": "Prescription", "start_index": "241", "end_index": "263", "text": "Carbamazepine-600mg-bd", "attributes": {"Frequency": "2", "DrugName": "carbamazepine", "DrugDose": "600", "CUI": "C0006949", "DoseUnit": "mg", "CUIPhrase": "carbamazepine"}}]