[{"entity": "Prescription", "start_index": "233", "end_index": "255", "text": "Sodium-valproate-400mg", "attributes": {"DrugName": "SodiumValproate", "DrugDose": "400", "DoseUnit": "mg", "Frequency": "2", "CUIPhrase": "sodium-valproate", "CUI": "C0037567"}}, {"entity": "Prescription", "start_index": "292", "end_index": "309", "text": "Lamotrigine-100mg", "attributes": {"DrugName": "Lamotrigine", "DrugDose": "100", "DoseUnit": "mg", "Frequency": "2", "CUIPhrase": "lamotrigine", "CUI": "C0064636"}}, {"entity": "SeizureFrequency", "start_index": "412", "end_index": "426", "text": "seizures-free.", "attributes": {"NumberOfSeizures": "0", "PointInTime": "LastClinic", "CUIPhrase": "seizure-free", "CUI": "C1299590"}}, {"entity": "SeizureFrequency", "start_index": "436", "end_index": "443", "text": "seizure", "attributes": {"NumberOfSeizures": "0", "MonthDate": "2", "YearDate": "2005", "TimeSince_or_TimeOfEvent": "Since", "CUIPhrase": "seizure", "CUI": "C0036572"}}]