[{"entity": "SeizureFrequency", "start_index": "221", "end_index": "230", "text": "seizures-", "attributes": {"CUIPhrase": "seizures", "TimePeriod": "Year", "UpperNumberOfSeizures": "2", "LowerNumberOfSeizures": "1", "CUI": "C0036572", "NumberOfTimePeriods": "1"}}, {"entity": "Prescription", "start_index": "62", "end_index": "74", "text": "Lamotrigine-", "attributes": {"CUI": "C0064636", "DoseUnit": "mg", "DrugName": "Lamotrigine", "CUIPhrase": "lamotrigine", "DrugDose": "100", "Frequency": "2"}}, {"entity": "SeizureFrequency", "start_index": "305", "end_index": "314", "text": "seizures-", "attributes": {"CUIPhrase": "seizures", "CUI": "C0036572", "NumberOfTimePeriods": "1", "LowerNumberOfSeizures": "1", "TimePeriod": "Month", "UpperNumberOfSeizures": "2"}}]