[{"entity": "Prescription", "start_index": "140", "end_index": "163", "text": "Levetiracetam-750mgs-bd", "attributes": {"DrugName": "levetiracetam", "DrugDose": "750", "DoseUnit": "mg", "Frequency": "2", "CUIPhrase": "levetiracetam", "CUI": "C0377265"}}, {"entity": "Prescription", "start_index": "166", "end_index": "231", "text": "Carbamazepine-Controlled-Release-400mgs-bd-to-reduce-to-200mgs-am", "attributes": {"DrugName": "carbamazepine", "DrugDose": "400", "DoseUnit": "mg", "Frequency": "2", "CUIPhrase": "carbamazepine", "CUI": "C0006949"}}]