[{"entity": "SeizureFrequency", "start_index": "326", "end_index": "334", "text": "seizure-", "attributes": {"CUI": "C0036572", "TimePeriod": "Year", "NumberOfTimePeriods": "2", "CUIPhrase": "seizure", "NumberOfSeizures": "0"}}, {"entity": "Prescription", "start_index": "180", "end_index": "205", "text": "Sodium-valproate-400mg-BD", "attributes": {"DoseUnit": "mg", "Frequency": "2", "DrugDose": "400", "CUI": "C0037567", "DrugName": "sodium-valproate", "CUIPhrase": "sodium-valproate"}}, {"entity": "SeizureFrequency", "start_index": "479", "end_index": "488", "text": "seizures-", "attributes": {"CUI": "C0036572", "FrequencyChange": "Infrequent", "CUIPhrase": "seizures"}}, {"entity": "SeizureFrequency", "start_index": "512", "end_index": "520", "text": "seizure-", "attributes": {"NumberOfSeizures": "0", "NumberOfTimePeriods": "2", "CUIPhrase": "seizure", "TimePeriod": "Year", "CUI": "C0036572"}}]