[{"entity": "Prescription", "start_index": "72", "end_index": "86", "text": "phenobarbitone", "attributes": {"CUIPhrase": "phenobarbitone", "CUI": "C0031412", "DrugName": "Phenobarbital", "DoseUnit": "mg", "Frequency": "2", "DrugDose": "100"}}, {"entity": "SeizureFrequency", "start_index": "164", "end_index": "172", "text": "seizures", "attributes": {"NumberOfTimePeriods": "1", "CUI": "C0036572", "NumberOfSeizures": "2", "TimePeriod": "Month", "CUIPhrase": "seizures"}}, {"entity": "Prescription", "start_index": "116", "end_index": "121", "text": "EPlim", "attributes": {"DrugName": "SodiumValproate", "CUIPhrase": "epilim", "DrugDose": "300", "DoseUnit": "mg", "CUI": "C0591451", "Frequency": "2"}}]