[{"entity": "Prescription", "start_index": "114", "end_index": "156", "text": "Medication:-lamotrigine-75mg-bd-(to-reduce", "attributes": {"DrugName": "lamotrigine", "DrugDose": "75", "DoseUnit": "mg", "Frequency": "2", "CUIPhrase": "lamotrigine", "CUI": "C0064636"}}, {"entity": "SeizureFrequency", "start_index": "369", "end_index": "378", "text": "seizures-", "attributes": {"NumberOfSeizures": "0", "PointInTime": "LastClinic", "TimeSince_or_TimeOfEvent": "Since", "CUIPhrase": "seizures", "CUI": "C0036572"}}]