[{"entity": "Prescription", "start_index": "857", "end_index": "871", "text": "levetiracetam-", "attributes": {"CUI": "C0377265", "DrugDose": "1500", "CUIPhrase": "levetiracetam", "Frequency": "2", "DrugName": "Levetiracetam", "DoseUnit": "mg"}}, {"entity": "Prescription", "start_index": "917", "end_index": "925", "text": "clobazam", "attributes": {"CUI": "C0055891", "Frequency": "As_Required", "CUIPhrase": "clobazam", "DrugName": "Clobazam"}}, {"entity": "SeizureFrequency", "start_index": "803", "end_index": "833", "text": "secondary-generalised-seizures", "attributes": {"UpperNumberOfSeizures": "2", "CUI": "C0270838", "CUIPhrase": "secondary-generalised-seizures", "NumberOfTimePeriods": "1", "LowerNumberOfSeizures": "1", "TimePeriod": "Year"}}, {"entity": "Prescription", "start_index": "892", "end_index": "904", "text": "lamotrigine-", "attributes": {"CUIPhrase": "lamotrigine", "CUI": "C0064636", "DrugName": "Lamotrigine", "DoseUnit": "mg", "Frequency": "2", "DrugDose": "200"}}, {"entity": "SeizureFrequency", "start_index": "724", "end_index": "748", "text": "complex-partial-seizures", "attributes": {"CUIPhrase": "complex-partial-seizures", "CUI": "C0149958", "NumberOfTimePeriods": "1", "NumberOfSeizures": "1", "TimePeriod": "Month"}}]