[{"entity": "SeizureFrequency", "start_index": "396", "end_index": "420", "text": "complex-partial-seizures", "attributes": {"FrequencyChange": "Infrequent", "CUI": "C0149958", "CUIPhrase": "complex"}}, {"entity": "SeizureFrequency", "start_index": "396", "end_index": "420", "text": "complex-partial-seizures", "attributes": {"CUIPhrase": "complex-partial-seizures", "UpperNumberOfSeizures": "2", "TimePeriod": "Month", "CUI": "C0149958", "NumberOfTimePeriods": "1", "LowerNumberOfSeizures": "1"}}, {"entity": "Prescription", "start_index": "238", "end_index": "269", "text": "Carbamazepine-400mg-twice-a-day", "attributes": {"DoseUnit": "mg", "DrugDose": "400", "DrugName": "carbamazepine", "CUI": "C0006949", "Frequency": "2", "CUIPhrase": "carbamazepine"}}]