[{"entity": "SeizureFrequency", "start_index": "1116", "end_index": "1124", "text": "seizure-", "attributes": {"NumberOfSeizures": "0", "PointInTime": "DrugChange", "TimeSince_or_TimeOfEvent": "Since", "CUIPhrase": "seizure", "CUI": "C0036572"}}, {"entity": "SeizureFrequency", "start_index": "590", "end_index": "627", "text": "focal-seizures-with-altered-awareness", "attributes": {"NumberOfTimePeriods": "5", "TimePeriod": "Year", "CUI": "C0270834", "CUIPhrase": "focal-seizures-with-altered-awareness", "NumberOfSeizures": "0"}}]