[{"entity": "SeizureFrequency", "start_index": "406", "end_index": "412", "text": "seizur", "attributes": {"TimePeriod": "Month", "CUI": "C0036572", "NumberOfSeizures": "0", "NumberOfTimePeriods": "2", "CUIPhrase": "seizure"}}, {"entity": "Prescription", "start_index": "579", "end_index": "595", "text": "sodium-valproate", "attributes": {"DoseUnit": "g", "DrugDose": "1", "CUIPhrase": "sodium-valproate", "CUI": "C0037567", "Frequency": "2", "DrugName": "SodiumValproate"}}, {"entity": "SeizureFrequency", "start_index": "361", "end_index": "390", "text": "secondary-generalised-seizure", "attributes": {"CUIPhrase": "secondary-generalised-seizures", "NumberOfTimePeriods": "1", "CUI": "C0270838", "NumberOfSeizures": "2", "TimePeriod": "Year"}}, {"entity": "Prescription", "start_index": "695", "end_index": "706", "text": "lamotrigine", "attributes": {"CUIPhrase": "lamotrigine", "DoseUnit": "mg", "DrugDose": "50", "CUI": "C0064636", "Frequency": "2", "DrugName": "Lamotrigine"}}]