[{"entity": "Prescription", "start_index": "277", "end_index": "297", "text": "Zonisamide-200mgs-bd", "attributes": {"DrugName": "zonisamide", "DrugDose": "200", "DoseUnit": "mg", "Frequency": "2", "CUIPhrase": "zonisamide", "CUI": "C0078844"}}, {"entity": "Prescription", "start_index": "300", "end_index": "347", "text": "Brivaracetam-100mgs-bd-to-increase-to-100mgs-am", "attributes": {"DrugName": "brivaracetam", "DrugDose": "100", "DoseUnit": "mg", "Frequency": "2", "CUIPhrase": "brivaracetam", "CUI": "C1699861"}}, {"entity": "SeizureFrequency", "start_index": "626", "end_index": "634", "text": "seizures", "attributes": {"FrequencyChange": "Increased", "CUIPhrase": "seizures", "CUI": "C0036572"}}, {"entity": "SeizureFrequency", "start_index": "661", "end_index": "670", "text": "seizures-", "attributes": {"NumberOfSeizures": "1", "TimePeriod": "Week", "NumberOfTimePeriods": "1", "CUIPhrase": "seizures", "CUI": "C0036572"}}]