[{"entity": "SeizureFrequency", "start_index": "104", "end_index": "112", "text": "seizure-", "attributes": {"NumberOfSeizures": "1", "TimePeriod": "Week", "NumberOfTimePeriods": "1", "CUIPhrase": "seizure", "CUI": "C0036572"}}, {"entity": "SeizureFrequency", "start_index": "126", "end_index": "134", "text": "seizure-", "attributes": {"NumberOfSeizures": "1", "TimePeriod": "Month", "NumberOfTimePeriods": "1", "CUIPhrase": "seizure", "CUI": "C0036572"}}, {"entity": "Prescription", "start_index": "186", "end_index": "255", "text": "Current-anti-epileptic-medication:-Levetiracetam-1500-milligrammes-BD", "attributes": {"DrugName": "levetiracetam", "DrugDose": "1500", "DoseUnit": "mg", "Frequency": "2", "CUIPhrase": "levetiracetam", "CUI": "C0377265"}}, {"entity": "Prescription", "start_index": "256", "end_index": "307", "text": "Lamotrigine-75MG-BD-(to-increase-as-detailed-below)", "attributes": {"DrugName": "lamotrigine", "DrugDose": "75", "DoseUnit": "mg", "Frequency": "2", "CUIPhrase": "lamotrigine", "CUI": "C0064636"}}, {"entity": "SeizureFrequency", "start_index": "576", "end_index": "584", "text": "seizures", "attributes": {"FrequencyChange": "Frequent", "CUIPhrase": "seizures", "CUI": "C0036572"}}, {"entity": "SeizureFrequency", "start_index": "882", "end_index": "891", "text": "seizures-", "attributes": {"FrequencyChange": "Frequent", "CUIPhrase": "seizures", "CUI": "C0036572"}}]