[{"entity": "SeizureFrequency", "start_index": "504", "end_index": "525", "text": "cluster-of-5-seizures", "attributes": {"NumberOfSeizures": "5", "PointInTime": "Last_Month", "TimeSince_or_TimeOfEvent": "During", "CUIPhrase": "seizures", "CUI": "C0036572"}}, {"entity": "Prescription", "start_index": "146", "end_index": "178", "text": "Medication:-Lamotrigine-125mg-bd", "attributes": {"DoseUnit": "mg", "CUI": "C0064636", "Frequency": "2", "DrugName": "lamotrigine", "CUIPhrase": "lamotrigine", "DrugDose": "125"}}]