[{"entity": "SeizureFrequency", "start_index": "353", "end_index": "362", "text": "seizures-", "attributes": {"PointInTime": "LastClinic", "TimeSince_or_TimeOfEvent": "Since", "NumberOfSeizures": "0", "CUI": "C0036572", "CUIPhrase": "seizures"}}, {"entity": "Prescription", "start_index": "132", "end_index": "166", "text": "Sodium-Valproate-300mg-twice-a-day", "attributes": {"CUI": "C0037567", "DrugDose": "300", "CUIPhrase": "sodium-valproate", "Frequency": "2", "DoseUnit": "mg", "DrugName": "sodium-valproate"}}, {"entity": "Prescription", "start_index": "100", "end_index": "129", "text": "Lamotrigine-150mg-twice-a-day", "attributes": {"Frequency": "2", "DrugName": "lamotrigine", "CUIPhrase": "lamotrigine", "DrugDose": "150", "DoseUnit": "mg", "CUI": "C0064636"}}]