[{"entity": "Prescription", "start_index": "353", "end_index": "364", "text": "Lamotrigine", "attributes": {"DoseUnit": "mg", "CUI": "C0064636", "DrugName": "Lamotrigine", "DrugDose": "200", "Frequency": "2", "CUIPhrase": "lamotrigine"}}, {"entity": "Prescription", "start_index": "233", "end_index": "249", "text": "Clobazam-20mg-BD", "attributes": {"CUIPhrase": "clobazam", "Frequency": "2", "DrugDose": "20", "DoseUnit": "mg", "CUI": "C0055891", "DrugName": "clobazam"}}, {"entity": "Prescription", "start_index": "250", "end_index": "275", "text": "Buccal-Midazolam-10mg-PRN", "attributes": {"DoseUnit": "mg", "CUI": "C0026056", "DrugName": "midazolam", "DrugDose": "10", "Frequency": "As_Required", "CUIPhrase": "midazolam"}}, {"entity": "Prescription", "start_index": "173", "end_index": "202", "text": "Lamotrigine-200mg-twice-daily", "attributes": {"CUIPhrase": "lamotrigine", "Frequency": "2", "CUI": "C0064636", "DrugDose": "200", "DrugName": "lamotrigine", "DoseUnit": "mg"}}, {"entity": "Prescription", "start_index": "203", "end_index": "232", "text": "Brivaracetam-75mg-twice-daily", "attributes": {"DoseUnit": "mg", "CUI": "C1699861", "DrugDose": "75", "DrugName": "brivaracetam", "Frequency": "2", "CUIPhrase": "brivaracetam"}}]