[{"entity": "SeizureFrequency", "start_index": "287", "end_index": "295", "text": "seizure-", "attributes": {"CUI": "C0036572", "CUIPhrase": "seizure", "NumberOfTimePeriods": "3", "TimePeriod": "Week", "NumberOfSeizures": "0"}}, {"entity": "Prescription", "start_index": "802", "end_index": "858", "text": "She-is-taking-Lamotrigine-150-mg-bd-with-no-side-effects", "attributes": {"Frequency": "2", "CUI": "C0064636", "DrugName": "lamotrigine", "CUIPhrase": "lamotrigine", "DoseUnit": "mg", "DrugDose": "150"}}, {"entity": "Prescription", "start_index": "155", "end_index": "187", "text": "Medication:-Lamotrigine-150mg-bd", "attributes": {"Frequency": "2", "CUI": "C0064636", "DrugDose": "150", "DoseUnit": "mg", "DrugName": "lamotrigine", "CUIPhrase": "lamotrigine"}}]