[{"entity": "Prescription", "start_index": "57", "end_index": "90", "text": "Carbamazepine-400mg-twice-per-day", "attributes": {"CUIPhrase": "carbamazepine", "Frequency": "2", "DoseUnit": "mg", "DrugName": "carbamazepine", "DrugDose": "400", "CUI": "C0006949"}}, {"entity": "SeizureFrequency", "start_index": "420", "end_index": "428", "text": "seizures", "attributes": {"CUIPhrase": "seizures", "FrequencyChange": "Decreased", "CUI": "C0036572"}}, {"entity": "SeizureFrequency", "start_index": "145", "end_index": "153", "text": "seizure-", "attributes": {"TimeSince_or_TimeOfEvent": "Since", "PointInTime": "DrugChange", "CUIPhrase": "seizure", "NumberOfSeizures": "1", "CUI": "C0036572"}}]