[{"entity": "Prescription", "start_index": "281", "end_index": "303", "text": "levetiracetam-750mg-bd", "attributes": {"DrugName": "levetiracetam", "CUI": "C0377265", "DoseUnit": "mg", "Frequency": "2", "CUIPhrase": "levetiracetam", "DrugDose": "750"}}, {"entity": "Prescription", "start_index": "231", "end_index": "276", "text": "He-is-currently-taking-carbamazepine-400mg-bd", "attributes": {"DrugDose": "400", "CUI": "C0006949", "DoseUnit": "mg", "CUIPhrase": "carbamazepine", "Frequency": "2", "DrugName": "carbamazepine"}}, {"entity": "SeizureFrequency", "start_index": "352", "end_index": "361", "text": "seizures-", "attributes": {"TimePeriod": "Day", "CUIPhrase": "seizures", "NumberOfTimePeriods": "1", "UpperNumberOfSeizures": "2", "CUI": "C0036572", "LowerNumberOfSeizures": "1"}}]