[{"entity": "SeizureFrequency", "start_index": "204", "end_index": "232", "text": "seizure-free-for-three-years", "attributes": {"CUI": "C1299590", "NumberOfTimePeriods": "3", "TimePeriod": "Year", "CUIPhrase": "seizure-freedom", "NumberOfSeizures": "0"}}, {"entity": "Prescription", "start_index": "134", "end_index": "143", "text": "Tegretol-", "attributes": {"DrugDose": "600", "DrugName": "Carbamazepine", "DoseUnit": "mg", "CUIPhrase": "tegretol", "Frequency": "1", "CUI": "C0700087"}}, {"entity": "Prescription", "start_index": "134", "end_index": "163", "text": "Tegretol-400mg-in-the-morning", "attributes": {"DrugDose": "400", "CUIPhrase": "tegretol", "Frequency": "1", "CUI": "C0700087", "DrugName": "carbamazapine", "DoseUnit": "mg"}}, {"entity": "SeizureFrequency", "start_index": "284", "end_index": "292", "text": "seizure-", "attributes": {"MonthDate": "11", "NumberOfSeizures": "1", "CUIPhrase": "seizure", "CUI": "C0036572", "DayDate": "2", "TimeSince_or_TimeOfEvent": "During"}}]