[{"entity": "SeizureFrequency", "start_index": "814", "end_index": "843", "text": "secondary-generalised-seizure", "attributes": {"NumberOfTimePeriods": "1", "NumberOfSeizures": "1", "CUIPhrase": "secondary-generalised-seizure", "TimePeriod": "Month", "CUI": "C0270838"}}, {"entity": "SeizureFrequency", "start_index": "620", "end_index": "627", "text": "seizure", "attributes": {"CUIPhrase": "seizure", "NumberOfTimePeriods": "1", "NumberOfSeizures": "1", "CUI": "C0036572", "TimePeriod": "Day"}}, {"entity": "Prescription", "start_index": "103", "end_index": "117", "text": "Brivitiracetam", "attributes": {"CUIPhrase": "brivaracetam", "DoseUnit": "mg", "CUI": "C1699861", "Frequency": "2", "DrugDose": "50", "DrugName": "brivitiracetam"}}, {"entity": "Prescription", "start_index": "83", "end_index": "93", "text": "Zonismaide", "attributes": {"CUI": "C0078844", "CUIPhrase": "zonisamide", "Frequency": "2", "DrugDose": "100", "DrugName": "Zonisamide", "DoseUnit": "mg"}}]