[{"entity": "SeizureFrequency", "start_index": "546", "end_index": "554", "text": "seizures", "attributes": {"CUIPhrase": "seizure", "CUI": "C0036572", "TimeSince_or_TimeOfEvent": "Since", "NumberOfSeizures": "0", "PointInTime": "LastClinic"}}, {"entity": "SeizureFrequency", "start_index": "237", "end_index": "249", "text": "seizrue-free", "attributes": {"PointInTime": "LastClinic", "TimeSince_or_TimeOfEvent": "Since", "CUI": "C1299590", "CUIPhrase": "seizure-free", "NumberOfSeizures": "0"}}, {"entity": "SeizureFrequency", "start_index": "279", "end_index": "286", "text": "seizure", "attributes": {"YearDate": "2015", "NumberOfSeizures": "0", "CUI": "C0036572", "MonthDate": "11", "CUIPhrase": "seizure"}}, {"entity": "Prescription", "start_index": "166", "end_index": "183", "text": "Sodium-valproate)", "attributes": {"DoseUnit": "mg", "DrugName": "SodiumValproate", "DrugDose": "400", "CUIPhrase": "sodium-valproate", "Frequency": "2", "CUI": "C0037567"}}]