[{"entity": "SeizureFrequency", "start_index": "694", "end_index": "709", "text": "yoclonic-jerks.", "attributes": {"FrequencyChange": "Same", "CUIPhrase": "myoclonic-jerks", "CUI": "C0027066"}}, {"entity": "Prescription", "start_index": "222", "end_index": "259", "text": "Medication:-epilim-800-mg-twice-a-day", "attributes": {"CUI": "C0591451", "Frequency": "2", "DoseUnit": "mg", "DrugName": "epilim", "CUIPhrase": "epilim", "DrugDose": "800"}}, {"entity": "SeizureFrequency", "start_index": "580", "end_index": "613", "text": "generalised-tonic-clonic-seizures", "attributes": {"CUI": "C0494475", "TimePeriod": "Year", "NumberOfSeizures": "0", "NumberOfTimePeriods": "7", "CUIPhrase": "generalized-tonic-clonic-seizures"}}]