[{"entity": "SeizureFrequency", "start_index": "1443", "end_index": "1487", "text": "infrequent-generalised-tonic-clonic-seizures", "attributes": {"CUIPhrase": "generalized-tonic-clonic-seizures", "CUI": "C0494475", "FrequencyChange": "Infrequent"}}, {"entity": "Prescription", "start_index": "121", "end_index": "171", "text": "Medication:-epilim-200-milligrammes-in-the-morning", "attributes": {"CUIPhrase": "epilim", "DrugName": "epilim", "CUI": "C0591451", "Frequency": "1", "DrugDose": "200", "DoseUnit": "mg"}}, {"entity": "SeizureFrequency", "start_index": "1034", "end_index": "1042", "text": "seizure-", "attributes": {"NumberOfSeizures": "1", "CUIPhrase": "seizure", "TimePeriod": "Year", "UpperNumberOfTimePeriods": "3", "CUI": "C0036572", "LowerNumberOfTimePeriods": "2"}}, {"entity": "SeizureFrequency", "start_index": "974", "end_index": "1003", "text": "seizure-frequency-has-reduced", "attributes": {"CUI": "C0036572", "FrequencyChange": "Decreased", "CUIPhrase": "seizure"}}, {"entity": "Prescription", "start_index": "133", "end_index": "140", "text": "epilim-", "attributes": {"DrugName": "SodiumValproate", "DrugDose": "400", "DoseUnit": "mg", "Frequency": "1", "CUIPhrase": "Epilim", "CUI": "C0591451"}}]