[{"entity": "Prescription", "start_index": "58", "end_index": "148", "text": "Medication:-Currently-Lamotrigine-75mg-bd-to-increase-over-the-following-weeks-to-125mg-bd", "attributes": {"DrugDose": "75", "DrugName": "lamotrigine", "CUI": "C0064636", "CUIPhrase": "lamotrigine", "DoseUnit": "mg", "Frequency": "2"}}, {"entity": "SeizureFrequency", "start_index": "908", "end_index": "916", "text": "seizure-", "attributes": {"TimePeriod": "Week", "CUI": "C0036572", "NumberOfSeizures": "1", "NumberOfTimePeriods": "4", "CUIPhrase": "seizure"}}]