[{"entity": "Prescription", "start_index": "397", "end_index": "410", "text": "Carbmazapine-", "attributes": {"CUI": "C0006949", "CUIPhrase": "carbamazepine", "DrugDose": "400", "DoseUnit": "mg", "Frequency": "2", "DrugName": "Carbamazepine"}}, {"entity": "SeizureFrequency", "start_index": "312", "end_index": "341", "text": "Secondary-generalised-seizure", "attributes": {"CUI": "C0270838", "TimePeriod": "Year", "UpperNumberOfSeizures": "4", "CUIPhrase": "secondary-generalised-seizure", "LowerNumberOfSeizures": "3", "NumberOfTimePeriods": "1"}}, {"entity": "Prescription", "start_index": "451", "end_index": "460", "text": "Clobazam-", "attributes": {"CUIPhrase": "clobazam", "CUI": "C0055891", "DrugName": "Clobazam", "Frequency": "As_Required"}}, {"entity": "SeizureFrequency", "start_index": "234", "end_index": "258", "text": "-Complex-partial-seizure", "attributes": {"LowerNumberOfSeizures": "1", "UpperNumberOfSeizures": "2", "CUI": "C0149958", "TimePeriod": "Month", "NumberOfTimePeriods": "1", "CUIPhrase": "complex-partial-seizure"}}]