[{"entity": "Prescription", "start_index": "358", "end_index": "374", "text": "sodium-valproate", "attributes": {"CUI": "C0037567", "DrugName": "SodiumValproate", "Frequency": "2", "DoseUnit": "mg", "CUIPhrase": "sodium-valproate", "DrugDose": "400"}}, {"entity": "SeizureFrequency", "start_index": "439", "end_index": "446", "text": "eizures", "attributes": {"CUI": "C0036572", "FrequencyChange": "Increased", "TimeSince_or_TimeOfEvent": "Since", "PointInTime": "Last_Year", "CUIPhrase": "seizures"}}]