[{"entity": "SeizureFrequency", "start_index": "248", "end_index": "256", "text": "seizures", "attributes": {"UpperNumberOfSeizures": "15", "NumberOfTimePeriods": "2", "LowerNumberOfSeizures": "10", "TimePeriod": "days", "CUIPhrase": "seizures", "CUI": "C0036572"}}, {"entity": "SeizureFrequency", "start_index": "158", "end_index": "194", "text": "frequent-focal-dyscognitive-seizures", "attributes": {"FrequencyChange": "Frequent", "CUIPhrase": "dyscognitive-seizures", "CUI": "C0270834"}}, {"entity": "Prescription", "start_index": "547", "end_index": "558", "text": "lamotrigine", "attributes": {"CUI": "C0064636", "DoseUnit": "mg", "CUIPhrase": "lamotrigine", "Frequency": "2", "DrugName": "Lamotrigine", "DrugDose": "150"}}]