[{"entity": "Prescription", "start_index": "99", "end_index": "110", "text": "Lamotrigine", "attributes": {"Frequency": "2", "DoseUnit": "mg", "CUIPhrase": "lamotrigine", "DrugName": "Lamotrigine", "DrugDose": "200", "CUI": "C0064636"}}, {"entity": "Prescription", "start_index": "122", "end_index": "132", "text": "Perampanel", "attributes": {"DrugName": "Perampanel", "CUI": "C2698764", "CUIPhrase": "perampanel", "Frequency": "1", "DoseUnit": "mg", "DrugDose": "4"}}, {"entity": "Prescription", "start_index": "75", "end_index": "87", "text": "Brivaracetam", "attributes": {"DrugName": "brivaracetam", "Frequency": "2", "CUI": "C1699861", "CUIPhrase": "brivaracetam", "DrugDose": "100", "DoseUnit": "mg"}}]