[{"entity": "Prescription", "start_index": "214", "end_index": "332", "text": "He-is-currently-taking-carbamazepine-(Tegretol-retard)-400mg-twice-a-day-as-well-as-sodium-valproate-400mg-twice-a-day", "attributes": {"DrugName": "carbamazepine", "CUIPhrase": "carbamazepine", "DoseUnit": "mg", "Frequency": "2", "CUI": "C0006949", "DrugDose": "400"}}, {"entity": "Prescription", "start_index": "298", "end_index": "332", "text": "sodium-valproate-400mg-twice-a-day", "attributes": {"DrugDose": "400", "DrugName": "SodiumValproate", "Frequency": "2", "DoseUnit": "mg", "CUI": "C0037567", "CUIPhrase": "sodium-valproate"}}, {"entity": "SeizureFrequency", "start_index": "619", "end_index": "628", "text": "seizures-", "attributes": {"PointInTime": "Last_Year", "TimeSince_or_TimeOfEvent": "During", "CUIPhrase": "seizures", "CUI": "C0036572", "NumberOfSeizures": "5"}}]