[{"entity": "SeizureFrequency", "start_index": "442", "end_index": "459", "text": "Grand-mal-seizure", "attributes": {"CUIPhrase": "grand-mal", "CUI": "C0494475", "TimePeriod": "Month", "NumberOfSeizures": "2", "NumberOfTimePeriods": "1"}}, {"entity": "Prescription", "start_index": "797", "end_index": "817", "text": "lamotrigine-175mg-bd", "attributes": {"DrugDose": "175", "Frequency": "2", "CUIPhrase": "lamotrigine", "DoseUnit": "mg", "DrugName": "lamotrigine", "CUI": "C0064636"}}, {"entity": "Prescription", "start_index": "756", "end_index": "792", "text": "Currently-she-takes-clobazam-20mg-bd", "attributes": {"DrugName": "clobazam", "DrugDose": "20", "CUI": "C0055891", "DoseUnit": "mg", "Frequency": "2", "CUIPhrase": "clobazam"}}]