[{"entity": "Prescription", "start_index": "143", "end_index": "167", "text": "Eslicarbazepine-800mg-od", "attributes": {"CUIPhrase": "eslicarbazepine", "DrugDose": "800", "DrugName": "eslicarbazepine", "CUI": "C2725260", "Frequency": "1", "DoseUnit": "mg"}}, {"entity": "Prescription", "start_index": "105", "end_index": "142", "text": "Medication:-Sodium-valproate-500mg-bd", "attributes": {"DrugName": "sodium-valproate", "CUIPhrase": "sodium-valproate", "CUI": "C0037567", "Frequency": "2", "DrugDose": "500", "DoseUnit": "mg"}}, {"entity": "SeizureFrequency", "start_index": "643", "end_index": "669", "text": "Focal-frontal-lobe-seizure", "attributes": {"TimePeriod": "Month", "CUIPhrase": "frontal-lobe-seizure", "UpperNumberOfSeizures": "5", "NumberOfTimePeriods": "1", "LowerNumberOfSeizures": "4", "CUI": "C0085541"}}, {"entity": "SeizureFrequency", "start_index": "804", "end_index": "841", "text": "focal-to-bilateral-convulsive-seizure", "attributes": {"NumberOfSeizures": "0", "TimePeriod": "Year", "NumberOfTimePeriods": "2", "CUI": "C0877017", "CUIPhrase": "focal-to-bilateral-convulsive-seizure"}}]