[{"entity": "Prescription", "start_index": "323", "end_index": "332", "text": "midazolam", "attributes": {"Frequency": "As_Required", "CUIPhrase": "Midazolam", "DrugName": "Midazolam", "CUI": "C0026056"}}, {"entity": "SeizureFrequency", "start_index": "592", "end_index": "628", "text": "focal-seizures-with-altered-awarenes", "attributes": {"NumberOfSeizures": "2", "NumberOfTimePeriods": "1", "TimePeriod": "Week", "CUI": "C0270834", "CUIPhrase": "focal-seizures-with-altered-awareness"}}, {"entity": "Prescription", "start_index": "192", "end_index": "218", "text": "Sodium-valproate-1000mg-bd", "attributes": {"DoseUnit": "mg", "DrugDose": "1000", "CUIPhrase": "sodium-valproate", "CUI": "C0037567", "Frequency": "2", "DrugName": "sodium-valproate"}}, {"entity": "SeizureFrequency", "start_index": "520", "end_index": "539", "text": "generalised-seizure", "attributes": {"UpperNumberOfSeizures": "4", "TimePeriod": "Month", "LowerNumberOfSeizures": "3", "CUI": "C0234533", "NumberOfTimePeriods": "1", "CUIPhrase": "generalised-seizure"}}, {"entity": "Prescription", "start_index": "284", "end_index": "312", "text": "Clobazam-10mg-bd-as-required", "attributes": {"CUI": "C0055891", "DoseUnit": "mg", "Frequency": "As_Required", "DrugDose": "10", "DrugName": "clobazam", "CUIPhrase": "clobazam"}}, {"entity": "Prescription", "start_index": "246", "end_index": "257", "text": "Perampanel-", "attributes": {"DrugDose": "8", "CUI": "C2698764", "CUIPhrase": "perampanel", "DrugName": "Perampanel", "DoseUnit": "mg", "Frequency": "1"}}, {"entity": "Prescription", "start_index": "222", "end_index": "242", "text": "Lamotrigine-100mg-bd", "attributes": {"CUI": "C0064636", "DrugDose": "100", "CUIPhrase": "lamotrigine", "DrugName": "lamotrigine", "DoseUnit": "mg", "Frequency": "2"}}]