[{"entity": "Prescription", "start_index": "276", "end_index": "315", "text": "Current-medication-Lamotrigine-150mg-bd", "attributes": {"DrugName": "lamotrigine", "DrugDose": "150", "DoseUnit": "mg", "Frequency": "2", "CUIPhrase": "lamotrigine", "CUI": "C0064636"}}, {"entity": "SeizureFrequency", "start_index": "376", "end_index": "396", "text": "focal-motor-seizures", "attributes": {"NumberOfSeizures": "1", "TimePeriod": "Week", "NumberOfTimePeriods": "2", "CUIPhrase": "focal-motor-seizures", "CUI": "C0016399"}}, {"entity": "SeizureFrequency", "start_index": "464", "end_index": "502", "text": "Focal-to-bilateral-convulsive-seizures", "attributes": {"NumberOfSeizures": "0", "TimePeriod": "Year", "NumberOfTimePeriods": "2", "CUIPhrase": "focal-to-bilateral-convulsive-seizures", "CUI": "C0877017"}}, {"entity": "SeizureFrequency", "start_index": "999", "end_index": "1016", "text": "frequent-seizures", "attributes": {"FrequencyChange": "Frequent", "CUIPhrase": "seizures", "CUI": "C0036572"}}]