[{"entity": "Prescription", "start_index": "173", "end_index": "183", "text": "Lacosmaide", "attributes": {"DrugName": "Lacosamide", "DrugDose": "100", "DoseUnit": "mg", "Frequency": "2", "CUIPhrase": "lacosamide", "CUI": "C0893761"}}, {"entity": "Prescription", "start_index": "196", "end_index": "207", "text": "Perampanel-", "attributes": {"DrugName": "Perampanel", "DrugDose": "8", "DoseUnit": "mg", "Frequency": "1", "CUIPhrase": "perampanel", "CUI": "C2698764"}}, {"entity": "SeizureFrequency", "start_index": "293", "end_index": "301", "text": "seizures", "attributes": {"NumberOfSeizures": "1", "TimePeriod": "Week", "NumberOfTimePeriods": "1", "CUIPhrase": "seizures", "CUI": "C0036572"}}]