[{"entity": "SeizureFrequency", "start_index": "426", "end_index": "434", "text": "seizures", "attributes": {"FrequencyChange": "Increased", "CUIPhrase": "seizures", "CUI": "C0036572"}}, {"entity": "SeizureFrequency", "start_index": "337", "end_index": "344", "text": "seizure", "attributes": {"NumberOfTimePeriods": "1", "CUI": "C0036572", "TimePeriod": "Week", "CUIPhrase": "seizure", "NumberOfSeizures": "3"}}, {"entity": "Prescription", "start_index": "131", "end_index": "148", "text": "Sodium-valproate-", "attributes": {"DoseUnit": "mg", "CUIPhrase": "sodium-valproate", "Frequency": "2", "DrugName": "SodiumValproate", "DrugDose": "1000", "CUI": "C0037567"}}]